,Unnamed: 0,DRO_tau,DRO_obj_values,epsilon,DRO_time,DRO_eval1,DRO_eval2,DRO_eval3,DRO_eval4,DRO_satisfy1,DRO_satisfy2,DRO_satisfy3,DRO_satisfy4,SA_eval1,SA_eval2,SA_eval3,SA_eval4,SA_satisfy1,SA_satisfy2,SA_satisfy3,SA_satisfy4,SA_obj_values,SA_time,SA_tau,t
0,0.0,0.005590353681982053,0.015958866136653864,0.0028106391282082983,1.5801445447927107,0.016835408640741074,0.01784312039986479,0.01737995712215251,0.01729318797914373,0.425,0.325,0.375,0.35,0.017399585906796692,0.01843015469441332,0.017889312749275587,0.017858762829495032,0.0,0.0,0.0,0.0,0.00920014015356104,0.24753555256465914,0.005564869228777884,0.0
1,1.0,0.005842503501042375,0.016021406948807056,0.002809711647285998,1.365083546374808,0.016850729263413203,0.017858488446721544,0.017407277653067387,0.017331293716492287,0.4,0.3,0.375,0.375,0.01729961359936275,0.01834636023074277,0.017787021737191662,0.017756047506080192,0.0,0.0,0.0,0.0,0.009254542915467765,0.2164504620537627,0.005518550685165097,1.0
2,2.0,0.005842503501042375,0.016021406948807056,0.002759644040099499,1.365083546374808,0.016850729263413203,0.017858488446721544,0.017407277653067387,0.017331293716492287,0.4,0.3,0.375,0.375,0.015969293626888786,0.01676102279959902,0.016317482406094354,0.016271478694326786,0.05,0.025,0.025,0.05,0.01207190015742983,0.37280466422671454,0.006571533435889665,100.0
3,3.0,0.005842503501042375,0.016021406948807056,0.0027593384474756985,1.365083546374808,0.016850729263413203,0.017858488446721544,0.017407277653067387,0.017331293716492287,0.4,0.3,0.375,0.375,0.015982508491923154,0.01678964796438835,0.016343120310226035,0.01630371424601545,0.05,0.0,0.025,0.05,0.012049327665118955,0.30071783444436734,0.006480299632009972,101.0
4,4.0,0.005842503501042375,0.016021406948807056,0.002736248823911102,1.365083546374808,0.016850729263413203,0.017858488446721544,0.017407277653067387,0.017331293716492287,0.4,0.3,0.375,0.375,0.0156571036012538,0.016406841833015943,0.01590561988261596,0.015920016305409103,0.0,0.0,0.0,0.0,0.012916496362927054,0.443811234558234,0.006831563059646597,200.0
5,5.0,0.005842503501042375,0.016021406948807056,0.0027360667772421974,1.365083546374808,0.016850729263413203,0.017858488446721544,0.017407277653067387,0.017331293716492287,0.4,0.3,0.375,0.375,0.015656948970016196,0.016409587905793017,0.01590847525499098,0.015923008538820997,0.0,0.0,0.0,0.0,0.012897383649857524,0.4394392300688196,0.00681400315515167,201.0
6,6.0,0.005842503501042375,0.016021406948807056,0.0027209472393028007,1.365083546374808,0.016850729263413203,0.017858488446721544,0.017407277653067387,0.017331293716492287,0.4,0.3,0.375,0.375,0.015356672583655664,0.016113764429806596,0.015624049558560577,0.01562663181681228,0.025,0.0,0.025,0.025,0.013372165711239994,0.5352706509962445,0.006908981483562578,300.0
7,7.0,0.005842503501042375,0.016021406948807056,0.002720817858209403,1.365083546374808,0.016850729263413203,0.017858488446721544,0.017407277653067387,0.017331293716492287,0.4,0.3,0.375,0.375,0.015350792535055521,0.01612970590422031,0.01561822004270047,0.015634045353276633,0.0,0.0,0.025,0.025,0.01339549512511241,0.5294732293114066,0.006927301056499734,301.0
8,8.0,0.005842503501042375,0.016021406948807056,0.0027095741860363007,1.365083546374808,0.016850729263413203,0.017858488446721544,0.017407277653067387,0.017331293716492287,0.4,0.3,0.375,0.375,0.015160279017408343,0.015984220182295762,0.01543664393893869,0.015463540049534041,0.075,0.0,0.025,0.025,0.013604880095723687,0.6436287200980587,0.006941274581736245,400.0
9,9.0,0.005842503501042375,0.016021406948807056,0.0027094739446312977,1.365083546374808,0.016850729263413203,0.017858488446721544,0.017407277653067387,0.017331293716492287,0.4,0.3,0.375,0.375,0.015162807380629006,0.015985986975714954,0.015441848432676365,0.01546686468107492,0.075,0.0,0.025,0.025,0.01359069631106197,0.6048656803293853,0.006931708492950571,401.0
10,10.0,0.005842503501042375,0.016021406948807056,0.0027005271212040974,1.365083546374808,0.016850729263413203,0.017858488446721544,0.017407277653067387,0.017331293716492287,0.4,0.3,0.375,0.375,0.015060932835822629,0.015826619740514164,0.015334008126136878,0.015309519480043235,0.2,0.0,0.1,0.15,0.013779973041810509,0.6959392954042414,0.006922874578325751,500.0
11,11.0,0.005842503501042375,0.016021406948807056,0.002700445362591202,1.365083546374808,0.016850729263413203,0.017858488446721544,0.017407277653067387,0.017331293716492287,0.4,0.3,0.375,0.375,0.015080889177335072,0.015829294526851164,0.015345142958878646,0.015315933557448844,0.175,0.0,0.1,0.15,0.013782061555348812,0.6644545612070942,0.006961349744432276,501.0
12,12.0,0.005842503501042375,0.016021406948807056,0.0026930186772508016,1.365083546374808,0.016850729263413203,0.017858488446721544,0.017407277653067387,0.017331293716492287,0.4,0.3,0.375,0.375,0.01500557138222921,0.01575519465337227,0.015258623106127361,0.015234679381926033,0.15,0.075,0.125,0.125,0.01391462114955957,0.8300182352191768,0.006958292966949349,600.0
13,13.0,0.005842503501042375,0.016021406948807056,0.0026929496794361016,1.365083546374808,0.016850729263413203,0.017858488446721544,0.017407277653067387,0.017331293716492287,0.4,0.3,0.375,0.375,0.01501275886748637,0.015756689584672936,0.0152682164566303,0.015242444614682818,0.15,0.075,0.1,0.125,0.013912123664094746,0.8818261782638729,0.006955024859401684,601.0
14,14.0,0.005842503501042375,0.016021406948807056,0.002686603443092698,1.365083546374808,0.016850729263413203,0.017858488446721544,0.017407277653067387,0.017331293716492287,0.4,0.3,0.375,0.375,0.014940755647598091,0.015656287437923022,0.015130288108012035,0.015142114718731578,0.15,0.025,0.075,0.075,0.013940861628387164,0.9537783681298606,0.006942625150743609,700.0
15,15.0,0.005842503501042375,0.016021406948807056,0.002686543781222698,1.365083546374808,0.016850729263413203,0.017858488446721544,0.017407277653067387,0.017331293716492287,0.4,0.3,0.375,0.375,0.014936990854442311,0.015658745681483444,0.015120779648080798,0.01514437349181734,0.15,0.025,0.1,0.075,0.013940786094734972,0.995990583288949,0.006927391017136866,701.0
16,16.0,0.005842503501042375,0.016021406948807056,0.0026810048890480017,1.365083546374808,0.016850729263413203,0.017858488446721544,0.017407277653067387,0.017331293716492287,0.4,0.3,0.375,0.375,0.014903976006524936,0.015656802225788018,0.015140173615923522,0.015133599988750876,0.1,0.025,0.075,0.075,0.013963982996285516,1.1333345696679316,0.006919929020532107,800.0
17,17.0,0.005842503501042375,0.016021406948807056,0.002680952351738,1.365083546374808,0.016850729263413203,0.017858488446721544,0.017407277653067387,0.017331293716492287,0.4,0.3,0.375,0.375,0.014901643542869792,0.015655324227798938,0.015136299520851926,0.015130844871440327,0.1,0.025,0.075,0.05,0.013959386122668529,1.1093587308190762,0.006919526576339034,801.0
18,18.0,0.005842503501042375,0.016021406948807056,0.0026760395515514025,1.365083546374808,0.016850729263413203,0.017858488446721544,0.017407277653067387,0.017331293716492287,0.4,0.3,0.375,0.375,0.01486081887560885,0.015621739002155665,0.015050191134799459,0.015060733168176322,0.15,0.025,0.125,0.1,0.013957651623251771,1.2667995217983843,0.006981298626468244,900.0
19,19.0,0.005842503501042375,0.016021406948807056,0.0026759926285926977,1.365083546374808,0.016850729263413203,0.017858488446721544,0.017407277653067387,0.017331293716492287,0.4,0.3,0.375,0.375,0.01484838042752876,0.015616203650477053,0.01503566094226549,0.015049120578172199,0.15,0.025,0.125,0.1,0.013961440822657711,1.282685575497453,0.006976263170265782,901.0
20,20.0,0.005842503501042375,0.016021406948807056,0.002671579484184398,1.365083546374808,0.016850729263413203,0.017858488446721544,0.017407277653067387,0.017331293716492287,0.4,0.3,0.375,0.375,0.014846525343547459,0.015614283221267674,0.01505182382513313,0.015057022514603818,0.1,0.025,0.075,0.05,0.014036920880009074,1.4584598327754066,0.006982132138752954,1000.0
21,21.0,0.005842503501042375,0.016021406948807056,0.0026715370986775985,1.365083546374808,0.016850729263413203,0.017858488446721544,0.017407277653067387,0.017331293716492287,0.4,0.3,0.375,0.375,0.014837273627140398,0.015618722173104047,0.015041059661830555,0.015053767827310355,0.15,0.025,0.1,0.05,0.014041174243322015,1.388885050706449,0.006999399562462286,1001.0
22,22.0,0.005842503501042375,0.016021406948807056,0.0026675319144767026,1.365083546374808,0.016850729263413203,0.017858488446721544,0.017407277653067387,0.017331293716492287,0.4,0.3,0.375,0.375,0.014794853242732487,0.015606869916693217,0.014988150155023439,0.015021125761164262,0.15,0.0,0.1,0.05,0.014006722859806845,1.5876585176534719,0.006918543264035784,1100.0
23,23.0,0.005842503501042375,0.016021406948807056,0.002667493271672598,1.365083546374808,0.016850729263413203,0.017858488446721544,0.017407277653067387,0.017331293716492287,0.4,0.3,0.375,0.375,0.014795097985454813,0.015607698663431414,0.014988166348496368,0.015022112621891213,0.15,0.0,0.1,0.05,0.014005764082949717,1.5600377106253291,0.006921769360194387,1101.0
24,24.0,0.005842503501042375,0.016021406948807056,0.002663827437401202,1.365083546374808,0.016850729263413203,0.017858488446721544,0.017407277653067387,0.017331293716492287,0.4,0.3,0.375,0.375,0.014797894191185827,0.015568217805327956,0.014954205328326578,0.014985355832979386,0.125,0.0,0.075,0.075,0.014020326066616703,1.7155350383749464,0.006933915703303255,1200.0
25,25.0,0.005842503501042375,0.016021406948807056,0.002663791934138199,1.365083546374808,0.016850729263413203,0.017858488446721544,0.017407277653067387,0.017331293716492287,0.4,0.3,0.375,0.375,0.014797362028313632,0.015567598819361381,0.014952225402277294,0.014983343582413844,0.125,0.0,0.075,0.075,0.014024267633712539,1.7209259541006758,0.006932569618473964,1201.0
26,26.0,0.005842503501042375,0.016021406948807056,0.0026604127789501978,1.365083546374808,0.016850729263413203,0.017858488446721544,0.017407277653067387,0.017331293716492287,0.4,0.3,0.375,0.375,0.014791646053213318,0.015571467979772652,0.014966861368607328,0.014966630210980427,0.125,0.025,0.125,0.075,0.014123665779145752,1.8205177242634818,0.0070145844662789295,1300.0
27,27.0,0.005842503501042375,0.016021406948807056,0.002660379946709201,1.365083546374808,0.016850729263413203,0.017858488446721544,0.017407277653067387,0.017331293716492287,0.4,0.3,0.375,0.375,0.01479283408740594,0.015578758494036418,0.014966578560297858,0.014972157180207965,0.125,0.025,0.125,0.075,0.014123412463888254,1.9640289507893613,0.007006467658353989,1301.0
28,28.0,0.005842503501042375,0.016021406948807056,0.002657246159336601,1.365083546374808,0.016850729263413203,0.017858488446721544,0.017407277653067387,0.017331293716492287,0.4,0.3,0.375,0.375,0.014726869636487084,0.015526004582264923,0.014880723307621862,0.014920767965329684,0.175,0.025,0.15,0.125,0.0141573167522687,2.085207278368762,0.006996831947296228,1400.0
29,29.0,0.005842503501042375,0.016021406948807056,0.00265721562698,1.365083546374808,0.016850729263413203,0.017858488446721544,0.017407277653067387,0.017331293716492287,0.4,0.3,0.375,0.375,0.014725805154561594,0.015524792317917374,0.014881625522713335,0.01492107070990176,0.175,0.025,0.15,0.125,0.01416218052883903,1.9953045999223833,0.0069951072098723335,1401.0
30,30.0,0.005842503501042375,0.016021406948807056,0.0026542942102410027,1.365083546374808,0.016850729263413203,0.017858488446721544,0.017407277653067387,0.017331293716492287,0.4,0.3,0.375,0.375,0.014733588966605102,0.015527717531155871,0.014910332539998364,0.014907933835540049,0.225,0.025,0.15,0.15,0.014179638078645872,2.4203821119474016,0.0070118438772154654,1500.0
31,31.0,0.005842503501042375,0.016021406948807056,0.0026542656787991023,1.365083546374808,0.016850729263413203,0.017858488446721544,0.017407277653067387,0.017331293716492287,0.4,0.3,0.375,0.375,0.014743063596843676,0.015537702191048197,0.014906949402139883,0.014914278069814694,0.225,0.025,0.15,0.15,0.014181217632794566,2.495198021127726,0.006999430313144632,1501.0
32,32.0,0.005842503501042375,0.016021406948807056,0.0026515298603663018,1.365083546374808,0.016850729263413203,0.017858488446721544,0.017407277653067387,0.017331293716492287,0.4,0.3,0.375,0.375,0.0146789055132493,0.015498865914481255,0.014851055652370038,0.014865157892893253,0.15,0.0,0.125,0.125,0.01414482657291292,2.555401329640881,0.006979382190917767,1600.0
33,33.0,0.005842503501042375,0.016021406948807056,0.0026515030854843977,1.365083546374808,0.016850729263413203,0.017858488446721544,0.017407277653067387,0.017331293716492287,0.4,0.3,0.375,0.375,0.01468150159625611,0.015504362955437518,0.014850893224692536,0.01487094691198865,0.15,0.0,0.125,0.125,0.014145062429825444,2.493357245984953,0.006974539267932518,1601.0
34,34.0,0.005842503501042375,0.016021406948807056,0.0026489308459219972,1.365083546374808,0.016850729263413203,0.017858488446721544,0.017407277653067387,0.017331293716492287,0.4,0.3,0.375,0.375,0.014655118945960605,0.015494479697138418,0.014837048403297632,0.014864675294337423,0.15,0.025,0.125,0.1,0.014136226910191802,2.6882947828125907,0.006942402924806829,1700.0
35,35.0,0.005842503501042375,0.016021406948807056,0.0026489056253345,1.365083546374808,0.016850729263413203,0.017858488446721544,0.017407277653067387,0.017331293716492287,0.4,0.3,0.375,0.375,0.014653764979822445,0.015491542052698561,0.014829928759200894,0.014860716781047612,0.15,0.025,0.125,0.1,0.014134177284338459,2.7300402900466,0.006948727588951567,1701.0
36,36.0,0.005842503501042375,0.016021406948807056,0.0026464786367910017,1.365083546374808,0.016850729263413203,0.017858488446721544,0.017407277653067387,0.017331293716492287,0.4,0.3,0.375,0.375,0.014679771173980474,0.015502003555435661,0.014820813053664731,0.0148759158918042,0.15,0.0,0.15,0.075,0.01411352335693283,2.8873692656488856,0.0069164622536527194,1800.0
37,37.0,0.005842503501042375,0.016021406948807056,0.002646454801189899,1.365083546374808,0.016850729263413203,0.017858488446721544,0.017407277653067387,0.017331293716492287,0.4,0.3,0.375,0.375,0.014680116262302872,0.015502394675935291,0.014821570039425552,0.014876668329159796,0.15,0.0,0.15,0.075,0.014112062383154378,2.881753836123971,0.006914663540763688,1801.0
38,38.0,0.005842503501042375,0.016021406948807056,0.002644157646552598,1.365083546374808,0.016850729263413203,0.017858488446721544,0.017407277653067387,0.017331293716492287,0.4,0.3,0.375,0.375,0.01463586065197181,0.01547462806047101,0.014792241331553588,0.014837537657876607,0.225,0.025,0.125,0.125,0.014137790070903577,2.9876338529604256,0.006918895798356794,1900.0
39,39.0,0.005842503501042375,0.016021406948807056,0.002644135052804002,1.365083546374808,0.016850729263413203,0.017858488446721544,0.017407277653067387,0.017331293716492287,0.4,0.3,0.375,0.375,0.01463259772707362,0.015479325607425026,0.014793522839218167,0.01483408266927368,0.225,0.025,0.125,0.125,0.014136950506829327,3.013100210434641,0.006920679067973038,1901.0
40,40.0,0.005842503501042375,0.016021406948807056,0.0026419546408577013,1.365083546374808,0.016850729263413203,0.017858488446721544,0.017407277653067387,0.017331293716492287,0.4,0.3,0.375,0.375,0.014646041853721068,0.015477746446075908,0.014798332112175554,0.014852256060072937,0.175,0.025,0.1,0.1,0.014187112031861038,3.2140856842743233,0.0069425764107982025,2000.0
41,41.0,0.005842503501042375,0.016021406948807056,0.0026419331668760984,1.365083546374808,0.016850729263413203,0.017858488446721544,0.017407277653067387,0.017331293716492287,0.4,0.3,0.375,0.375,0.014640242336865741,0.01547274209039953,0.014789000357615805,0.014847447943382427,0.175,0.025,0.1,0.1,0.014187332438116776,3.2487333598779515,0.006942534552154008,2001.0
42,42.0,0.005842503501042375,0.016021406948807056,0.0026398582872602977,1.365083546374808,0.016850729263413203,0.017858488446721544,0.017407277653067387,0.017331293716492287,0.4,0.3,0.375,0.375,0.014637661318031514,0.015463224386925137,0.014794627801593522,0.01482973186349314,0.225,0.0,0.175,0.1,0.014204883939716278,3.3544554922584213,0.006950252855059751,2100.0
43,43.0,0.005842503501042375,0.016021406948807056,0.0026398378280795,1.365083546374808,0.016850729263413203,0.017858488446721544,0.017407277653067387,0.017331293716492287,0.4,0.3,0.375,0.375,0.01464159773346255,0.015469098828171716,0.014788924794276351,0.014832687688186472,0.225,0.0,0.175,0.1,0.014209049535513349,3.335083740882692,0.006952498821172817,2101.0
44,44.0,0.005842503501042375,0.016021406948807056,0.0026378588077823023,1.365083546374808,0.016850729263413203,0.017858488446721544,0.017407277653067387,0.017331293716492287,0.4,0.3,0.375,0.375,0.014621204713224084,0.015456939568137887,0.014745542666318742,0.014822661722686791,0.225,0.0,0.15,0.125,0.01421091979556321,3.4835277230769863,0.006952088035720558,2200.0
45,45.0,0.005842503501042375,0.016021406948807056,0.0026378392725005984,1.365083546374808,0.016850729263413203,0.017858488446721544,0.017407277653067387,0.017331293716492287,0.4,0.3,0.375,0.375,0.014621241625850165,0.015456490103444007,0.014745237695717589,0.014822246728912131,0.225,0.0,0.15,0.125,0.014211550757806751,3.678268578526331,0.006953584983348746,2201.0
46,46.0,0.005842503501042375,0.016021406948807056,0.002635947707310501,1.365083546374808,0.016850729263413203,0.017858488446721544,0.017407277653067387,0.017331293716492287,0.4,0.3,0.375,0.375,0.014609922484915213,0.015449929987166874,0.014756823628319782,0.014810932835520884,0.225,0.0,0.2,0.15,0.014239089975481869,3.8496953843161466,0.006942068298040845,2300.0
47,47.0,0.005842503501042375,0.016021406948807056,0.002635929016688601,1.365083546374808,0.016850729263413203,0.017858488446721544,0.017407277653067387,0.017331293716492287,0.4,0.3,0.375,0.375,0.014599724079082619,0.015450752927467167,0.014751862422001164,0.014811977119254338,0.225,0.0,0.2,0.15,0.014237802413649595,3.7861658442387123,0.006946170166437166,2301.0
48,48.0,0.005842503501042375,0.016021406948807056,0.002634117558801999,1.365083546374808,0.016850729263413203,0.017858488446721544,0.017407277653067387,0.017331293716492287,0.4,0.3,0.375,0.375,0.014604352893369857,0.015425868407470946,0.014749793200868569,0.014782113895834299,0.2,0.0,0.125,0.1,0.01423439705138318,4.026709674875019,0.006990117527971652,2400.0
49,49.0,0.005842503501042375,0.016021406948807056,0.0026340996433518024,1.365083546374808,0.016850729263413203,0.017858488446721544,0.017407277653067387,0.017331293716492287,0.4,0.3,0.375,0.375,0.014604577256667967,0.015426522970117425,0.014750255202996151,0.014782353454367092,0.2,0.0,0.125,0.1,0.014234444146419487,4.146331175023806,0.006989513684647744,2401.0
50,50.0,0.005842503501042375,0.016021406948807056,0.0026323618316149012,1.365083546374808,0.016850729263413203,0.017858488446721544,0.017407277653067387,0.017331293716492287,0.4,0.3,0.375,0.375,0.014600615115024482,0.015417726713920518,0.014750052056752807,0.014777431956030448,0.225,0.0,0.15,0.1,0.01426446634166276,4.115059189710882,0.006969121737445708,2500.0
51,51.0,0.005842503501042375,0.016021406948807056,0.0026323446300644984,1.365083546374808,0.016850729263413203,0.017858488446721544,0.017407277653067387,0.017331293716492287,0.4,0.3,0.375,0.375,0.014594524025334735,0.015423413885883006,0.014748533511236112,0.014774637672690522,0.225,0.0,0.15,0.125,0.014266684712622102,4.120649872309878,0.006975538676639065,2501.0
52,52.0,0.005842503501042375,0.016021406948807056,0.002630674752978801,1.365083546374808,0.016850729263413203,0.017858488446721544,0.017407277653067387,0.017331293716492287,0.4,0.3,0.375,0.375,0.014603855868944754,0.015409874426037954,0.014754885385303711,0.014782721201702143,0.275,0.0,0.15,0.1,0.014276440256668665,4.420712363120401,0.006985082088526088,2600.0
53,53.0,0.005842503501042375,0.016021406948807056,0.002630658211027498,1.365083546374808,0.016850729263413203,0.017858488446721544,0.017407277653067387,0.017331293716492287,0.4,0.3,0.375,0.375,0.01460386838361589,0.015409657812965591,0.014755025190388366,0.014782678697889467,0.275,0.0,0.15,0.1,0.014276875760095304,4.745855501951882,0.006983618260944735,2601.0
54,54.0,0.005842503501042375,0.016021406948807056,0.0026290511952152987,1.365083546374808,0.016850729263413203,0.017858488446721544,0.017407277653067387,0.017331293716492287,0.4,0.3,0.375,0.375,0.014588399196032201,0.015407982364947202,0.014742085103414812,0.01476664309294674,0.3,0.0,0.15,0.2,0.01428823496648729,4.886321500217309,0.00699501405863069,2700.0
55,55.0,0.005842503501042375,0.016021406948807056,0.0026290352645163,1.365083546374808,0.016850729263413203,0.017858488446721544,0.017407277653067387,0.017331293716492287,0.4,0.3,0.375,0.375,0.014588538257880678,0.015408051996436679,0.014742163820711219,0.014766740173767834,0.3,0.0,0.15,0.2,0.014288863117960585,4.892796976433601,0.0069966744264656515,2701.0
56,56.0,0.005842503501042375,0.016021406948807056,0.0026274865831733977,1.365083546374808,0.016850729263413203,0.017858488446721544,0.017407277653067387,0.017331293716492287,0.4,0.3,0.375,0.375,0.014566421859650671,0.015380448733187935,0.01473338398731171,0.014757429428955898,0.275,0.0,0.15,0.15,0.014304120332708137,5.1837318585137835,0.007029789978252087,2800.0
57,57.0,0.005842503501042375,0.016021406948807056,0.0026274712204947983,1.365083546374808,0.016850729263413203,0.017858488446721544,0.017407277653067387,0.017331293716492287,0.4,0.3,0.375,0.375,0.01456587651219125,0.015380655044663728,0.0147330741503798,0.014757200640890113,0.275,0.0,0.15,0.15,0.01430684230839,5.102564716376946,0.007029393383938179,2801.0
58,58.0,0.005842503501042375,0.016021406948807056,0.002625976817683101,1.365083546374808,0.016850729263413203,0.017858488446721544,0.017407277653067387,0.017331293716492287,0.4,0.3,0.375,0.375,0.014589206761793396,0.015369771029564144,0.014732086433768771,0.014755622154062875,0.3,0.0,0.175,0.15,0.014342190031909993,5.286194171020179,0.007048857198228453,2900.0
59,59.0,0.005842503501042375,0.016021406948807056,0.0026259619842118015,1.365083546374808,0.016850729263413203,0.017858488446721544,0.017407277653067387,0.017331293716492287,0.4,0.3,0.375,0.375,0.014589076983843336,0.015369665182244367,0.014732196021889262,0.014755507595376999,0.3,0.0,0.15,0.15,0.014340330427860731,5.132479312323267,0.0070487662244898925,2901.0
60,60.0,0.005842503501042375,0.016021406948807056,0.002624518211813001,1.365083546374808,0.016850729263413203,0.017858488446721544,0.017407277653067387,0.017331293716492287,0.4,0.3,0.375,0.375,0.0145986618947298,0.01536985278322687,0.014712705147116858,0.014739149323275764,0.275,0.0,0.175,0.15,0.014353627385394243,5.54899980254122,0.007044643070164701,3000.0
61,61.0,0.005842503501042375,0.016021406948807056,0.0026245038725730982,1.365083546374808,0.016850729263413203,0.017858488446721544,0.017407277653067387,0.017331293716492287,0.4,0.3,0.375,0.375,0.01459895245194826,0.01536989615881828,0.01471279939251138,0.014739149039654375,0.275,0.0,0.175,0.15,0.014353003938695815,5.402059640115477,0.007043916587278998,3001.0
62,62.0,0.005842503501042375,0.016021406948807056,0.0026231074374466023,1.365083546374808,0.016850729263413203,0.017858488446721544,0.017407277653067387,0.017331293716492287,0.4,0.3,0.375,0.375,0.014579105095093395,0.015371932529231792,0.014699630534790478,0.01473279557214606,0.325,0.025,0.2,0.15,0.014355260603468482,5.538188425876433,0.007041918903397932,3100.0
63,63.0,0.005842503501042375,0.016021406948807056,0.0026230935608105013,1.365083546374808,0.016850729263413203,0.017858488446721544,0.017407277653067387,0.017331293716492287,0.4,0.3,0.375,0.375,0.014579244928832794,0.015371818540464207,0.014699717307747074,0.01473255899595984,0.325,0.025,0.2,0.15,0.014354788896886142,5.557876226282678,0.007040374373076865,3101.0
64,64.0,0.005842503501042375,0.016021406948807056,0.002621741480236,1.365083546374808,0.016850729263413203,0.017858488446721544,0.017407277653067387,0.017331293716492287,0.4,0.3,0.375,0.375,0.01458495437299707,0.015377311738104762,0.014701907290971029,0.014729123480204198,0.3,0.0,0.175,0.125,0.014369956202290174,5.935957789726672,0.007074230500834143,3200.0
65,65.0,0.005842503501042375,0.016021406948807056,0.002621728037510401,1.365083546374808,0.016850729263413203,0.017858488446721544,0.017407277653067387,0.017331293716492287,0.4,0.3,0.375,0.375,0.01458517333107385,0.015377222990076137,0.014702035179411052,0.014729039535958107,0.3,0.0,0.175,0.125,0.014368116036519893,5.923772020501201,0.007075016394855474,3201.0
66,66.0,0.005842503501042375,0.016021406948807056,0.0026204176014052024,1.365083546374808,0.016850729263413203,0.017858488446721544,0.017407277653067387,0.017331293716492287,0.4,0.3,0.375,0.375,0.014576505963640195,0.015386625740982962,0.014697539204310708,0.014732444403538722,0.25,0.0,0.225,0.2,0.014388441481205388,6.558244003445725,0.007090929117721803,3300.0
67,67.0,0.005842503501042375,0.016021406948807056,0.002620404566479498,1.365083546374808,0.016850729263413203,0.017858488446721544,0.017407277653067387,0.017331293716492287,0.4,0.3,0.375,0.375,0.014577639690116814,0.015382650513199004,0.014696962579470197,0.014732017392794833,0.25,0.0,0.25,0.2,0.014389524939459428,6.4925714766228335,0.007083494987715243,3301.0
68,68.0,0.005842503501042375,0.016021406948807056,0.002619133305190101,1.365083546374808,0.016850729263413203,0.017858488446721544,0.017407277653067387,0.017331293716492287,0.4,0.3,0.375,0.375,0.01455325371040172,0.01538121895891019,0.014663642955022028,0.014707222306007826,0.35,0.0,0.25,0.2,0.014410328030701686,6.903317261778284,0.007061777050736422,3400.0
69,69.0,0.005842503501042375,0.016021406948807056,0.002619120654236099,1.365083546374808,0.016850729263413203,0.017858488446721544,0.017407277653067387,0.017331293716492287,0.4,0.3,0.375,0.375,0.014553675019347827,0.015381195060045549,0.014663709246060613,0.014707394772182945,0.35,0.0,0.275,0.2,0.01440880112976305,6.860301726698526,0.007060525940844059,3401.0
70,70.0,0.005842503501042375,0.016021406948807056,0.002617886310947101,1.365083546374808,0.016850729263413203,0.017858488446721544,0.017407277653067387,0.017331293716492287,0.4,0.3,0.375,0.375,0.014550429206728065,0.015378680621298857,0.014666037057487365,0.014729410113095318,0.375,0.0,0.25,0.25,0.014430318975609374,7.219524198395083,0.007063561332934437,3500.0
71,71.0,0.005842503501042375,0.016021406948807056,0.0026178740221605994,1.365083546374808,0.016850729263413203,0.017858488446721544,0.017407277653067387,0.017331293716492287,0.4,0.3,0.375,0.375,0.014550291201167692,0.015378243469055888,0.014666067784357015,0.0147290786836161,0.375,0.0,0.25,0.225,0.014430211065782766,7.200274573435308,0.007063844050696604,3501.0
72,72.0,0.005842503501042375,0.016021406948807056,0.0026166745291485013,1.365083546374808,0.016850729263413203,0.017858488446721544,0.017407277653067387,0.017331293716492287,0.4,0.3,0.375,0.375,0.014559145445271301,0.015381590053645292,0.014670299296269163,0.014715160529519164,0.35,0.0,0.225,0.225,0.014427411999612966,7.6387351470883,0.007069729291078727,3600.0
73,73.0,0.005842503501042375,0.016021406948807056,0.0026166625825266997,1.365083546374808,0.016850729263413203,0.017858488446721544,0.017407277653067387,0.017331293716492287,0.4,0.3,0.375,0.375,0.014559058252910326,0.015381604227251022,0.01466986496674097,0.014714672496442455,0.35,0.0,0.225,0.225,0.014427619721536843,7.466866382656735,0.007067668451766593,3601.0
74,74.0,0.005842503501042375,0.016021406948807056,0.002615496040633298,1.365083546374808,0.016850729263413203,0.017858488446721544,0.017407277653067387,0.017331293716492287,0.4,0.3,0.375,0.375,0.014550748062440829,0.015387270604330608,0.014674098060888457,0.014712256523622546,0.35,0.0,0.25,0.225,0.014415455793243256,7.9324608729162716,0.007071623249157247,3700.0
75,75.0,0.005842503501042375,0.016021406948807056,0.0026154844177820017,1.365083546374808,0.016850729263413203,0.017858488446721544,0.017407277653067387,0.017331293716492287,0.4,0.3,0.375,0.375,0.01455088113140087,0.015387224288578565,0.014674179211783638,0.014712349217111472,0.35,0.0,0.25,0.225,0.014414726438394568,8.192313968212693,0.007071726425890185,3701.0
76,76.0,0.005842503501042375,0.016021406948807056,0.002614349078597898,1.365083546374808,0.016850729263413203,0.017858488446721544,0.017407277653067387,0.017331293716492287,0.4,0.3,0.375,0.375,0.014553398927640756,0.0153670877017799,0.014674053430576608,0.014710955546065885,0.275,0.0,0.2,0.175,0.014413608660203026,8.033829116236301,0.007061371355018593,3800.0
77,77.0,0.005842503501042375,0.016021406948807056,0.002614337762563503,1.365083546374808,0.016850729263413203,0.017858488446721544,0.017407277653067387,0.017331293716492287,0.4,0.3,0.375,0.375,0.014553352277266285,0.015367094700610883,0.014674146905230917,0.014711045279630918,0.275,0.0,0.2,0.175,0.014413228678520356,8.541807349250302,0.007060972315923776,3801.0
78,78.0,0.005842503501042375,0.016021406948807056,0.0026132320129032,1.365083546374808,0.016850729263413203,0.017858488446721544,0.017407277653067387,0.017331293716492287,0.4,0.3,0.375,0.375,0.01454927723126061,0.015354372368332434,0.014670014009173254,0.014705424068969321,0.4,0.0,0.225,0.175,0.01442364768780768,8.537938048565412,0.007060344129829725,3900.0
79,79.0,0.005842503501042375,0.016021406948807056,0.0026132209880264973,1.365083546374808,0.016850729263413203,0.017858488446721544,0.017407277653067387,0.017331293716492287,0.4,0.3,0.375,0.375,0.014548946780188199,0.015354201336353271,0.014669936685864091,0.014705050741681828,0.375,0.0,0.225,0.175,0.01442293926141471,8.595703366526868,0.007060153925505115,3901.0
80,80.0,0.005842503501042375,0.016021406948807056,0.002612143336350198,1.365083546374808,0.016850729263413203,0.017858488446721544,0.017407277653067387,0.017331293716492287,0.4,0.3,0.375,0.375,0.014541368692467044,0.015363698989970651,0.0146603377092068,0.014703199620585933,0.375,0.0,0.25,0.2,0.014430173032638664,8.155512740495032,0.00706768228307126,4000.0
81,81.0,0.005842503501042375,0.016021406948807056,0.002612132588138198,1.365083546374808,0.016850729263413203,0.017858488446721544,0.017407277653067387,0.017331293716492287,0.4,0.3,0.375,0.375,0.014541086674298468,0.015363457833994343,0.01465991082662369,0.014702657786286096,0.35,0.0,0.25,0.2,0.014432439008687886,8.556010421962128,0.0070684689974747725,4001.0
82,82.0,0.005842503501042375,0.016021406948807056,0.002611081652635902,1.365083546374808,0.016850729263413203,0.017858488446721544,0.017407277653067387,0.017331293716492287,0.4,0.3,0.375,0.375,0.014557432346793905,0.015352460103666199,0.014662508232860149,0.014694500566004447,0.35,0.0,0.25,0.2,0.014429459436927384,9.10746521432302,0.007070607811823013,4100.0
83,83.0,0.005842503501042375,0.016021406948807056,0.002611071167648401,1.365083546374808,0.016850729263413203,0.017858488446721544,0.017407277653067387,0.017331293716492287,0.4,0.3,0.375,0.375,0.014563604757569574,0.015360711576836616,0.01466565947682549,0.014701437384916569,0.325,0.0,0.25,0.2,0.014429699360512924,9.096490586650907,0.007075166620230805,4101.0
84,84.0,0.005842503501042375,0.016021406948807056,0.0026100456657463978,1.365083546374808,0.016850729263413203,0.017858488446721544,0.017407277653067387,0.017331293716492287,0.4,0.3,0.375,0.375,0.014559058757440874,0.015350558129281775,0.014655659062063226,0.014692923340140624,0.375,0.0,0.225,0.2,0.014424578369549903,9.358872789834276,0.007064317832753267,4200.0
85,85.0,0.005842503501042375,0.016021406948807056,0.0026100354314972972,1.365083546374808,0.016850729263413203,0.017858488446721544,0.017407277653067387,0.017331293716492287,0.4,0.3,0.375,0.375,0.01456067870249142,0.015340803511643913,0.014655145012759763,0.014689816945571163,0.375,0.0,0.225,0.2,0.01442369793669116,9.136311022660811,0.007069271323574128,4201.0
86,86.0,0.005842503501042375,0.016021406948807056,0.002609034170589302,1.365083546374808,0.016850729263413203,0.017858488446721544,0.017407277653067387,0.017331293716492287,0.4,0.3,0.375,0.375,0.014550081741116674,0.015357257249468296,0.014660352129373593,0.014694746050010931,0.375,0.0,0.2,0.2,0.014415084284896292,9.331017415376845,0.007073528854363106,4300.0
87,87.0,0.005842503501042375,0.016021406948807056,0.0026090241754578017,1.365083546374808,0.016850729263413203,0.017858488446721544,0.017407277653067387,0.017331293716492287,0.4,0.3,0.375,0.375,0.014549788895611149,0.015356960607785006,0.01465959322156061,0.014694202580272455,0.375,0.0,0.2,0.2,0.014416329664604812,9.425103424827103,0.007074394717994338,4301.0
88,88.0,0.005842503501042375,0.016021406948807056,0.0026080460446926,1.365083546374808,0.016850729263413203,0.017858488446721544,0.017407277653067387,0.017331293716492287,0.4,0.3,0.375,0.375,0.01454608942714387,0.015339814682078373,0.014653825111669284,0.014683005398311424,0.425,0.0,0.225,0.2,0.0144104653026174,9.67910960323934,0.007053968429510618,4400.0
89,89.0,0.005842503501042375,0.016021406948807056,0.0026080362778455016,1.365083546374808,0.016850729263413203,0.017858488446721544,0.017407277653067387,0.017331293716492287,0.4,0.3,0.375,0.375,0.014545928468076851,0.015339765198704086,0.014653622238017791,0.014682757563762383,0.425,0.0,0.225,0.2,0.014409903357713971,10.101884109314415,0.007053853689214906,4401.0
90,90.0,0.005842503501042375,0.016021406948807056,0.0026070802408302987,1.365083546374808,0.016850729263413203,0.017858488446721544,0.017407277653067387,0.017331293716492287,0.4,0.3,0.375,0.375,0.014548918978182664,0.01534575833755295,0.014657638834036424,0.014702018447209983,0.35,0.0,0.2,0.15,0.014416832499815999,10.883328492374858,0.007059593064314784,4500.0
91,91.0,0.005842503501042375,0.016021406948807056,0.0026070706921526013,1.365083546374808,0.016850729263413203,0.017858488446721544,0.017407277653067387,0.017331293716492287,0.4,0.3,0.375,0.375,0.014554770137386888,0.015338786728770185,0.01465789464325196,0.014704200736165901,0.35,0.0,0.2,0.15,0.0144157081112412,10.764330409959076,0.007069970020902323,4501.0
92,92.0,0.005842503501042375,0.016021406948807056,0.002606135780452001,1.365083546374808,0.016850729263413203,0.017858488446721544,0.017407277653067387,0.017331293716492287,0.4,0.3,0.375,0.375,0.01452870142046695,0.015338458368387922,0.014653908890067981,0.014689195896831639,0.375,0.0,0.2,0.175,0.014414073069814695,10.60616672799515,0.0070518599000618225,4600.0
93,93.0,0.005842503501042375,0.016021406948807056,0.0026061264404845974,1.365083546374808,0.016850729263413203,0.017858488446721544,0.017407277653067387,0.017331293716492287,0.4,0.3,0.375,0.375,0.014528770017353445,0.015338340481170493,0.0146540855690386,0.01468933238001438,0.375,0.0,0.2,0.15,0.01441355489580809,11.189773126365617,0.007050479325485556,4601.0
94,94.0,0.005842503501042375,0.016021406948807056,0.0026052117478132975,1.365083546374808,0.016850729263413203,0.017858488446721544,0.017407277653067387,0.017331293716492287,0.4,0.3,0.375,0.375,0.014540566791248164,0.015332345778527105,0.014662895498263006,0.014696051185983546,0.325,0.0,0.175,0.15,0.014421891481394842,11.317461761215236,0.007045745430333514,4700.0
95,95.0,0.005842503501042375,0.016021406948807056,0.002605202607697601,1.365083546374808,0.016850729263413203,0.017858488446721544,0.017407277653067387,0.017331293716492287,0.4,0.3,0.375,0.375,0.014540226625843668,0.015332594761699006,0.014662594146960672,0.014695925897317021,0.325,0.0,0.2,0.15,0.014421189598905901,11.24750641057617,0.007045361764545302,4701.0
96,96.0,0.005842503501042375,0.016021406948807056,0.0026043072847204,1.365083546374808,0.016850729263413203,0.017858488446721544,0.017407277653067387,0.017331293716492287,0.4,0.3,0.375,0.375,0.014544198127209518,0.015333976501161245,0.01466035461782438,0.014705977668619988,0.275,0.0,0.175,0.125,0.014410235243394525,11.512673207424815,0.00705557359042538,4800.0
97,97.0,0.005842503501042375,0.016021406948807056,0.002604298336148698,1.365083546374808,0.016850729263413203,0.017858488446721544,0.017407277653067387,0.017331293716492287,0.4,0.3,0.375,0.375,0.014544642932637622,0.015334181913883482,0.014661142009554248,0.014706640512302352,0.275,0.0,0.175,0.125,0.014409908680852571,11.219892355770572,0.007057481319298323,4801.0
98,98.0,0.005842503501042375,0.016021406948807056,0.0026034215858121994,1.365083546374808,0.016850729263413203,0.017858488446721544,0.017407277653067387,0.017331293716492287,0.4,0.3,0.375,0.375,0.01453839454265669,0.015336277712610263,0.014650673083157203,0.014698320713644884,0.275,0.0,0.2,0.1,0.014404189159036379,12.224460054028896,0.0070474388330479,4900.0
99,99.0,0.005842503501042375,0.016021406948807056,0.0026034128209830023,1.365083546374808,0.016850729263413203,0.017858488446721544,0.017407277653067387,0.017331293716492287,0.4,0.3,0.375,0.375,0.014538150264244912,0.015336273727679714,0.014650642388829575,0.014698234260648682,0.275,0.0,0.2,0.1,0.014404062874475789,11.725966182438423,0.00704632608601802,4901.0
100,100.0,0.005842503501042375,0.016021406948807056,0.002602553894316402,1.365083546374808,0.016850729263413203,0.017858488446721544,0.017407277653067387,0.017331293716492287,0.4,0.3,0.375,0.375,0.014531381256369647,0.015319315705905234,0.014652323095660478,0.014686666107857117,0.3,0.0,0.175,0.1,0.014393083513676916,12.57106811790436,0.007034787273723096,5000.0
101,101.0,0.005842503501042375,0.016021406948807056,0.0026025453058941,1.365083546374808,0.016850729263413203,0.017858488446721544,0.017407277653067387,0.017331293716492287,0.4,0.3,0.375,0.375,0.01453121953029703,0.015319437460131957,0.01465220022434086,0.014686668610752324,0.3,0.0,0.2,0.1,0.014393259685618576,12.435269324560068,0.00703486633807076,5001.0
102,102.0,0.005842503501042375,0.016021406948807056,0.002601703498222401,1.365083546374808,0.016850729263413203,0.017858488446721544,0.017407277653067387,0.017331293716492287,0.4,0.3,0.375,0.375,0.01453231645147977,0.015322174985040867,0.014655356030328078,0.014689340474477109,0.25,0.0,0.225,0.1,0.014401217289006058,13.251018162764376,0.007041853498538095,5100.0
103,103.0,0.005842503501042375,0.016021406948807056,0.0026016950793009983,1.365083546374808,0.016850729263413203,0.017858488446721544,0.017407277653067387,0.017331293716492287,0.4,0.3,0.375,0.375,0.01453208699489858,0.015322134726041292,0.014655198298917652,0.014689212647674477,0.25,0.0,0.225,0.1,0.014400175703068552,13.509127267403528,0.007041002956970632,5101.0
104,104.0,0.005842503501042375,0.016021406948807056,0.0026008697268242007,1.365083546374808,0.016850729263413203,0.017858488446721544,0.017407277653067387,0.017331293716492287,0.4,0.3,0.375,0.375,0.014520078049053161,0.015324606530916982,0.014653642052222322,0.014689920827939972,0.3,0.0,0.225,0.1,0.014419378431089088,13.202005910023582,0.007049103116997019,5200.0
105,105.0,0.005842503501042375,0.016021406948807056,0.0026008614708943017,1.365083546374808,0.016850729263413203,0.017858488446721544,0.017407277653067387,0.017331293716492287,0.4,0.3,0.375,0.375,0.014519955424825193,0.015324501662871737,0.014653375961385306,0.014689675942311612,0.3,0.0,0.225,0.1,0.014420304153996307,13.704505283225444,0.00704939187919864,5201.0
106,106.0,0.005842503501042375,0.016021406948807056,0.0026000519475894014,1.365083546374808,0.016850729263413203,0.017858488446721544,0.017407277653067387,0.017331293716492287,0.4,0.3,0.375,0.375,0.014522629763816103,0.01531499261748256,0.014659210172743738,0.014668076564929633,0.275,0.0,0.225,0.125,0.014413884212727105,14.042340692103608,0.007040640844664383,5300.0
107,107.0,0.005842503501042375,0.016021406948807056,0.0026000438485085974,1.365083546374808,0.016850729263413203,0.017858488446721544,0.017407277653067387,0.017331293716492287,0.4,0.3,0.375,0.375,0.01452249427911712,0.015315049598002433,0.014659513416249895,0.014668200928668168,0.3,0.0,0.225,0.125,0.014413689255773804,14.598354234322324,0.007040028212765384,5301.0
108,108.0,0.005842503501042375,0.016021406948807056,0.0025992495633204997,1.365083546374808,0.016850729263413203,0.017858488446721544,0.017407277653067387,0.017331293716492287,0.4,0.3,0.375,0.375,0.014517018933689433,0.015338745928746966,0.014650547191676955,0.014675957173838256,0.275,0.0,0.225,0.125,0.014403201377523222,14.200429322911077,0.00704118259725557,5400.0
109,109.0,0.005842503501042375,0.016021406948807056,0.0025992416152863978,1.365083546374808,0.016850729263413203,0.017858488446721544,0.017407277653067387,0.017331293716492287,0.4,0.3,0.375,0.375,0.014516964205002023,0.0153387006256712,0.0146504905120253,0.014675827813419954,0.3,0.0,0.225,0.125,0.014402413251097423,14.374519527764642,0.007040284586884905,5401.0
110,110.0,0.005842503501042375,0.016021406948807056,0.002598462009573799,1.365083546374808,0.016850729263413203,0.017858488446721544,0.017407277653067387,0.017331293716492287,0.4,0.3,0.375,0.375,0.014516343563660583,0.015323057799234601,0.014649370078307997,0.014674868512967943,0.325,0.0,0.225,0.15,0.014394509396733726,14.780970148087363,0.007039831185635219,5500.0
111,111.0,0.005842503501042375,0.016021406948807056,0.0025984542070991994,1.365083546374808,0.016850729263413203,0.017858488446721544,0.017407277653067387,0.017331293716492287,0.4,0.3,0.375,0.375,0.014519335814917345,0.01532552100020948,0.014644948159328217,0.014676341729809486,0.325,0.0,0.225,0.15,0.014394527603006736,14.82127054905286,0.00703819818989983,5501.0
112,112.0,0.005842503501042375,0.016021406948807056,0.0025976887523107,1.365083546374808,0.016850729263413203,0.017858488446721544,0.017407277653067387,0.017331293716492287,0.4,0.3,0.375,0.375,0.01450143745445811,0.015326998111021537,0.014648086753841074,0.01467834731879335,0.25,0.0,0.175,0.125,0.014393329542931039,15.669427915866255,0.007041225333265291,5600.0
113,113.0,0.005842503501042375,0.016021406948807056,0.002597681090201402,1.365083546374808,0.016850729263413203,0.017858488446721544,0.017407277653067387,0.017331293716492287,0.4,0.3,0.375,0.375,0.01450142943626534,0.01532697288969482,0.014648083993746308,0.014678412927437965,0.25,0.0,0.175,0.125,0.014392497102955292,15.591929550250644,0.007040345087783159,5601.0
114,114.0,0.005842503501042375,0.016021406948807056,0.002596929285754599,1.365083546374808,0.016850729263413203,0.017858488446721544,0.017407277653067387,0.017331293716492287,0.4,0.3,0.375,0.375,0.014498385491991167,0.015329299537902871,0.014644586073425189,0.014680405429913404,0.275,0.0,0.2,0.125,0.014401468830828199,15.17398740510689,0.0070490910622120415,5700.0
115,115.0,0.005842503501042375,0.016021406948807056,0.002596921759088798,1.365083546374808,0.016850729263413203,0.017858488446721544,0.017407277653067387,0.017331293716492287,0.4,0.3,0.375,0.375,0.01450202401185898,0.01532946629903631,0.01464162418569404,0.014676546046856722,0.275,0.0,0.2,0.125,0.01440168017406917,15.978883130132454,0.007047982665825507,5701.0
116,116.0,0.005842503501042375,0.016021406948807056,0.0025961831304341975,1.365083546374808,0.016850729263413203,0.017858488446721544,0.017407277653067387,0.017331293716492287,0.4,0.3,0.375,0.375,0.014505693420302168,0.015330838371622347,0.014643702354871026,0.014684020453212446,0.3,0.0,0.2,0.125,0.014399194074148858,16.02635183011298,0.00704042849394295,5800.0
117,117.0,0.005842503501042375,0.016021406948807056,0.002596175734543699,1.365083546374808,0.016850729263413203,0.017858488446721544,0.017407277653067387,0.017331293716492287,0.4,0.3,0.375,0.375,0.01450602078226983,0.015331006815282124,0.014643938698114542,0.014684329323880843,0.325,0.0,0.2,0.125,0.014399431917146793,16.68749365003314,0.007040169900460571,5801.0
118,118.0,0.005842503501042375,0.016021406948807056,0.002595449831392098,1.365083546374808,0.016850729263413203,0.017858488446721544,0.017407277653067387,0.017331293716492287,0.4,0.3,0.375,0.375,0.014506930628168904,0.015325784649579437,0.014649807996224073,0.014666146361336983,0.25,0.0,0.2,0.15,0.014397252573743191,16.56200928579783,0.007042957819546595,5900.0
119,119.0,0.005842503501042375,0.016021406948807056,0.0025954425618456007,1.365083546374808,0.016850729263413203,0.017858488446721544,0.017407277653067387,0.017331293716492287,0.4,0.3,0.375,0.375,0.014510451833212808,0.01531847070239838,0.014649299345238833,0.014667547990199009,0.25,0.0,0.2,0.15,0.014397257458907598,16.648379865355672,0.00704553581878118,5901.0
120,120.0,0.005842503501042375,0.016021406948807056,0.0025947289565445004,1.365083546374808,0.016850729263413203,0.017858488446721544,0.017407277653067387,0.017331293716492287,0.4,0.3,0.375,0.375,0.014512874991109098,0.015328793158615368,0.014650293772893282,0.014669737434105193,0.25,0.025,0.225,0.125,0.01440061429158183,17.37748969034874,0.0070497838273494194,6000.0
121,121.0,0.005842503501042375,0.016021406948807056,0.0025947218091313985,1.365083546374808,0.016850729263413203,0.017858488446721544,0.017407277653067387,0.017331293716492287,0.4,0.3,0.375,0.375,0.014521588455122577,0.01532591589296384,0.014650627394229154,0.014677175250856486,0.2,0.025,0.2,0.125,0.014400074748229788,18.374884050368564,0.007058222482281838,6001.0
122,122.0,0.005842503501042375,0.016021406948807056,0.002594020095174597,1.365083546374808,0.016850729263413203,0.017858488446721544,0.017407277653067387,0.017331293716492287,0.4,0.3,0.375,0.375,0.014509664873852083,0.015326302476586803,0.014647743616550718,0.014669592641614696,0.225,0.0,0.175,0.125,0.014402495133552842,17.855691132633364,0.007044839585270116,6100.0
123,123.0,0.005842503501042375,0.016021406948807056,0.0025940130658907994,1.365083546374808,0.016850729263413203,0.017858488446721544,0.017407277653067387,0.017331293716492287,0.4,0.3,0.375,0.375,0.014509688707055116,0.015326112748873064,0.014647724056538008,0.014669482111235654,0.225,0.0,0.175,0.125,0.014402488606806738,17.672793272873967,0.0070460499889419565,6101.0
124,124.0,0.005842503501042375,0.016021406948807056,0.0025933228565482016,1.365083546374808,0.016850729263413203,0.017858488446721544,0.017407277653067387,0.017331293716492287,0.4,0.3,0.375,0.375,0.014502258742597116,0.015341472622388056,0.014641726342192213,0.014666262095360053,0.275,0.0,0.175,0.125,0.014405570657261117,18.88100579640595,0.007048171413406813,6200.0
125,125.0,0.005842503501042375,0.016021406948807056,0.0025933159415830014,1.365083546374808,0.016850729263413203,0.017858488446721544,0.017407277653067387,0.017331293716492287,0.4,0.3,0.375,0.375,0.014507644918076906,0.015334911816046126,0.014643010729654687,0.014668859704415347,0.275,0.0,0.175,0.125,0.01440484839511193,18.392424634867346,0.007048646548050605,6201.0
126,126.0,0.005842503501042375,0.016021406948807056,0.0025926368686402983,1.365083546374808,0.016850729263413203,0.017858488446721544,0.017407277653067387,0.017331293716492287,0.4,0.3,0.375,0.375,0.014484515749192201,0.015331567674860543,0.014638374485454062,0.01465218323316835,0.3,0.0,0.2,0.125,0.014400686008722605,19.146595864946722,0.007027492313767392,6300.0
127,127.0,0.005842503501042375,0.016021406948807056,0.0025926300643638015,1.365083546374808,0.016850729263413203,0.017858488446721544,0.017407277653067387,0.017331293716492287,0.4,0.3,0.375,0.375,0.0144845177740104,0.015331564412061774,0.014638440474251415,0.01465221552382604,0.3,0.0,0.2,0.125,0.014399739216332558,18.923925196917843,0.007027394111194562,6301.0
128,128.0,0.005842503501042375,0.016021406948807056,0.0025919617769604017,1.365083546374808,0.016850729263413203,0.017858488446721544,0.017407277653067387,0.017331293716492287,0.4,0.3,0.375,0.375,0.014489135746394755,0.015326031802271142,0.014638213885707014,0.014654275383881903,0.3,0.0,0.175,0.1,0.014391913482824075,19.218864926099194,0.0070312776408632425,6400.0
129,129.0,0.005842503501042375,0.016021406948807056,0.002591955079912598,1.365083546374808,0.016850729263413203,0.017858488446721544,0.017407277653067387,0.017331293716492287,0.4,0.3,0.375,0.375,0.01448899131365175,0.015325974723828215,0.014638203901664457,0.014654156203306502,0.3,0.0,0.175,0.1,0.014391319879345412,19.10726407979964,0.007030815100720014,6401.0
130,130.0,0.005842503501042375,0.016021406948807056,0.0025912972434695004,1.365083546374808,0.016850729263413203,0.017858488446721544,0.017407277653067387,0.017331293716492287,0.4,0.3,0.375,0.375,0.014490035440341106,0.015332350283504608,0.014636666295281686,0.014651544855657759,0.3,0.0,0.25,0.125,0.014400961641273894,20.028007734645506,0.0070295042826665835,6500.0
131,131.0,0.005842503501042375,0.016021406948807056,0.002591290650349502,1.365083546374808,0.016850729263413203,0.017858488446721544,0.017407277653067387,0.017331293716492287,0.4,0.3,0.375,0.375,0.01448972738894766,0.015332435843939531,0.014636437586465507,0.014651450036105762,0.3,0.0,0.25,0.125,0.014400702923719866,19.70194675915991,0.007028004663779837,6501.0
132,132.0,0.005842503501042375,0.016021406948807056,0.0025906429455782023,1.365083546374808,0.016850729263413203,0.017858488446721544,0.017407277653067387,0.017331293716492287,0.4,0.3,0.375,0.375,0.014492933115112511,0.015334721334349665,0.014637251333788636,0.014653358150016393,0.275,0.0,0.225,0.1,0.014384606299720226,20.83186790603795,0.007016004570288599,6600.0
133,133.0,0.005842503501042375,0.016021406948807056,0.002590636453234999,1.365083546374808,0.016850729263413203,0.017858488446721544,0.017407277653067387,0.017331293716492287,0.4,0.3,0.375,0.375,0.014493080930477065,0.015334724531727444,0.014637490509344386,0.014653620924137462,0.275,0.0,0.225,0.1,0.014384678219336009,20.0764900683047,0.0070159997525652456,6601.0
134,134.0,0.005842503501042375,0.016021406948807056,0.0025899985752212,1.365083546374808,0.016850729263413203,0.017858488446721544,0.017407277653067387,0.017331293716492287,0.4,0.3,0.375,0.375,0.014491322642033533,0.015333009312019539,0.014640012499350919,0.014657363484526592,0.3,0.0,0.175,0.125,0.01438678986500092,20.504113535149372,0.007016376204467126,6700.0
135,135.0,0.005842503501042375,0.016021406948807056,0.002589992180644499,1.365083546374808,0.016850729263413203,0.017858488446721544,0.017407277653067387,0.017331293716492287,0.4,0.3,0.375,0.375,0.014491162595218607,0.015332934501393627,0.014639874105598315,0.014657180174689796,0.3,0.0,0.175,0.125,0.014386511496799387,20.60577907874249,0.007016477375466889,6701.0
136,136.0,0.005842503501042375,0.016021406948807056,0.002589363837999099,1.365083546374808,0.016850729263413203,0.017858488446721544,0.017407277653067387,0.017331293716492287,0.4,0.3,0.375,0.375,0.01448347452940689,0.015323812862147151,0.014639358622945237,0.014650488683862106,0.3,0.0,0.15,0.1,0.014383216229132014,21.616748656745767,0.00701410520263082,6800.0
137,137.0,0.005842503501042375,0.016021406948807056,0.002589357538311299,1.365083546374808,0.016850729263413203,0.017858488446721544,0.017407277653067387,0.017331293716492287,0.4,0.3,0.375,0.375,0.014483377250529264,0.015323824216043187,0.014639334540881784,0.014650345170599155,0.3,0.0,0.15,0.1,0.01438289362569577,21.063272152311402,0.0070145503212938835,6801.0
138,138.0,0.005842503501042375,0.016021406948807056,0.0025887384523829013,1.365083546374808,0.016850729263413203,0.017858488446721544,0.017407277653067387,0.017331293716492287,0.4,0.3,0.375,0.375,0.01449518804325454,0.015315523008499837,0.0146439690635805,0.014657695730515263,0.275,0.0,0.2,0.125,0.014381535864816292,22.13770701798785,0.007019780117044916,6900.0
139,139.0,0.005842503501042375,0.016021406948807056,0.0025887322448309995,1.365083546374808,0.016850729263413203,0.017858488446721544,0.017407277653067387,0.017331293716492287,0.4,0.3,0.375,0.375,0.014495245828670154,0.015315568416849255,0.014644076000174375,0.014657699327677399,0.275,0.0,0.2,0.1,0.014381945569914937,21.596340313588733,0.007019334688605325,6901.0
140,140.0,0.005842503501042375,0.016021406948807056,0.0025881221489755983,1.365083546374808,0.016850729263413203,0.017858488446721544,0.017407277653067387,0.017331293716492287,0.4,0.3,0.375,0.375,0.014495546472094833,0.015324494629514301,0.014645086993343909,0.014662099110113454,0.25,0.0,0.225,0.1,0.014391048532824666,22.357647186223765,0.007028136017853642,7000.0
141,141.0,0.005842503501042375,0.016021406948807056,0.0025881160309245985,1.365083546374808,0.016850729263413203,0.017858488446721544,0.017407277653067387,0.017331293716492287,0.4,0.3,0.375,0.375,0.014495401174432898,0.015324720554475557,0.01464484194673365,0.014662100468634138,0.25,0.0,0.225,0.1,0.014390946656833862,22.503014335231274,0.0070269062110435545,7001.0
142,142.0,0.005842503501042375,0.016021406948807056,0.0025875146698256983,1.365083546374808,0.016850729263413203,0.017858488446721544,0.017407277653067387,0.017331293716492287,0.4,0.3,0.375,0.375,0.014487247190618382,0.015328277948672175,0.014647085122698827,0.01465732673575772,0.25,0.0,0.2,0.1,0.014389711903611296,23.528294513368746,0.007025977382159909,7100.0
143,143.0,0.005842503501042375,0.016021406948807056,0.0025875086387518007,1.365083546374808,0.016850729263413203,0.017858488446721544,0.017407277653067387,0.017331293716492287,0.4,0.3,0.375,0.375,0.014487457686629304,0.015328246749980378,0.014647315781664469,0.014657537377423807,0.25,0.0,0.2,0.1,0.014389553649851455,24.3059240169212,0.007026859223924059,7101.0
144,144.0,0.005842503501042375,0.016021406948807056,0.0025869157677891014,1.365083546374808,0.016850729263413203,0.017858488446721544,0.017407277653067387,0.017331293716492287,0.4,0.3,0.375,0.375,0.01450322650499426,0.015325033259083737,0.014641931290709115,0.014674066167131442,0.3,0.0,0.225,0.1,0.014393777334941207,24.934567550726932,0.007031788578827104,7200.0
145,145.0,0.005842503501042375,0.016021406948807056,0.0025869098212732986,1.365083546374808,0.016850729263413203,0.017858488446721544,0.017407277653067387,0.017331293716492287,0.4,0.3,0.375,0.375,0.014503335619603,0.015325052686556309,0.014641941228872041,0.014674145965890024,0.3,0.0,0.225,0.1,0.01439329094052788,25.562124704243615,0.007031977905337437,7201.0
146,146.0,0.005842503501042375,0.016021406948807056,0.002586325205934002,1.365083546374808,0.016850729263413203,0.017858488446721544,0.017407277653067387,0.017331293716492287,0.4,0.3,0.375,0.375,0.014498187861899922,0.015321960543727661,0.014641484282570987,0.01467339899726034,0.25,0.0,0.2,0.075,0.014396632759793268,25.060193244673428,0.0070240818603592185,7300.0
147,147.0,0.005842503501042375,0.016021406948807056,0.002586319341656499,1.365083546374808,0.016850729263413203,0.017858488446721544,0.017407277653067387,0.017331293716492287,0.4,0.3,0.375,0.375,0.01449831153682419,0.015321915514812814,0.014641471600477296,0.01467332022265103,0.25,0.0,0.2,0.075,0.014396190598583972,24.581488882002304,0.007024643811463285,7301.0
148,148.0,0.005842503501042375,0.016021406948807056,0.0025857427569866984,1.365083546374808,0.016850729263413203,0.017858488446721544,0.017407277653067387,0.017331293716492287,0.4,0.3,0.375,0.375,0.01448830312687778,0.015307450810374499,0.01463982206851166,0.014668050799497217,0.275,0.0,0.175,0.1,0.014399415971254905,25.288258352689446,0.007018907791713247,7400.0
149,149.0,0.005842503501042375,0.016021406948807056,0.0025857369727220014,1.365083546374808,0.016850729263413203,0.017858488446721544,0.017407277653067387,0.017331293716492287,0.4,0.3,0.375,0.375,0.01448819844248237,0.015307380851842012,0.014639623198611094,0.01466787148855849,0.275,0.0,0.175,0.1,0.014399374784736263,26.169805939623622,0.007018246510182191,7401.0
150,150.0,0.005842503501042375,0.016021406948807056,0.0025851682028149017,1.365083546374808,0.016850729263413203,0.017858488446721544,0.017407277653067387,0.017331293716492287,0.4,0.3,0.375,0.375,0.014494488838693925,0.015309567577644189,0.014634938019034649,0.014659341116509461,0.35,0.0,0.2,0.1,0.014400280707841833,25.473512391076657,0.00702350417970349,7500.0
151,151.0,0.005842503501042375,0.016021406948807056,0.002585162496426,1.365083546374808,0.016850729263413203,0.017858488446721544,0.017407277653067387,0.017331293716492287,0.4,0.3,0.375,0.375,0.014494572457117782,0.015309634103957415,0.014634739978937137,0.014659321062451797,0.35,0.0,0.2,0.1,0.014400196490794917,25.169919070976903,0.007024604146183118,7501.0
152,152.0,0.005842503501042375,0.016021406948807056,0.002584601333943699,1.365083546374808,0.016850729263413203,0.017858488446721544,0.017407277653067387,0.017331293716492287,0.4,0.3,0.375,0.375,0.014498187904722255,0.015312155308812515,0.014628566789120046,0.014659019108489182,0.3,0.0,0.225,0.075,0.014400705127751923,26.66818219930574,0.0070297778192021975,7600.0
153,153.0,0.005842503501042375,0.016021406948807056,0.002584595703378199,1.365083546374808,0.016850729263413203,0.017858488446721544,0.017407277653067387,0.017331293716492287,0.4,0.3,0.375,0.375,0.014498234294026477,0.01531205224108074,0.014628738206670964,0.014659173811393936,0.3,0.0,0.225,0.075,0.014400851588585515,28.088498052480283,0.007029390905651965,7601.0
154,154.0,0.005842503501042375,0.016021406948807056,0.0025840419491049006,1.365083546374808,0.016850729263413203,0.017858488446721544,0.017407277653067387,0.017331293716492287,0.4,0.3,0.375,0.375,0.01448771378526546,0.015313258890027001,0.01463202276101006,0.014654219795624165,0.375,0.0,0.175,0.1,0.014402122339345938,27.352876062036376,0.007028648652971011,7700.0
155,155.0,0.005842503501042375,0.016021406948807056,0.0025840363923898993,1.365083546374808,0.016850729263413203,0.017858488446721544,0.017407277653067387,0.017331293716492287,0.4,0.3,0.375,0.375,0.014487651127192464,0.015313254365886375,0.014631790615973883,0.01465398823872478,0.375,0.0,0.175,0.1,0.014402208366160098,27.428320177830756,0.007029642584961604,7701.0
156,156.0,0.005842503501042375,0.016021406948807056,0.0025834898548136023,1.365083546374808,0.016850729263413203,0.017858488446721544,0.017407277653067387,0.017331293716492287,0.4,0.3,0.375,0.375,0.014481458577040519,0.015322028742145869,0.014623678617296531,0.014646961664688443,0.35,0.0,0.2,0.1,0.014399413503613238,27.659392982680583,0.0070217408298555006,7800.0
157,157.0,0.005842503501042375,0.016021406948807056,0.0025834843700523013,1.365083546374808,0.016850729263413203,0.017858488446721544,0.017407277653067387,0.017331293716492287,0.4,0.3,0.375,0.375,0.014481357553548364,0.015322147183374324,0.014623342918520113,0.014646744738722458,0.35,0.0,0.2,0.075,0.014399284056053068,27.6000545816496,0.007021908031029138,7801.0
158,158.0,0.005842503501042375,0.016021406948807056,0.0025829448649731983,1.365083546374808,0.016850729263413203,0.017858488446721544,0.017407277653067387,0.017331293716492287,0.4,0.3,0.375,0.375,0.014492996894705425,0.015328773786015108,0.014615475540508068,0.014648233592331996,0.35,0.0,0.25,0.125,0.014402227728835273,28.340567688280135,0.007029731628788544,7900.0
159,159.0,0.005842503501042375,0.016021406948807056,0.0025829394503406014,1.365083546374808,0.016850729263413203,0.017858488446721544,0.017407277653067387,0.017331293716492287,0.4,0.3,0.375,0.375,0.014492918001564794,0.015328744613038361,0.014615529691290726,0.014648254146703735,0.35,0.0,0.25,0.125,0.014401645776603317,28.708186019578715,0.007028852964470473,7901.0
160,160.0,0.005842503501042375,0.016021406948807056,0.0025824068005037984,1.365083546374808,0.016850729263413203,0.017858488446721544,0.017407277653067387,0.017331293716492287,0.4,0.3,0.375,0.375,0.014483223329096438,0.015341463882116388,0.014614513477175633,0.0146441075315067,0.3,0.0,0.25,0.075,0.014393152831655195,29.791311992445845,0.007019334367796408,8000.0
161,161.0,0.005842503501042375,0.016021406948807056,0.002582401454243501,1.365083546374808,0.016850729263413203,0.017858488446721544,0.017407277653067387,0.017331293716492287,0.4,0.3,0.375,0.375,0.014483296297551934,0.015341543006550828,0.014614451705974923,0.01464405576101326,0.3,0.0,0.25,0.075,0.014392800078296741,29.194982521393104,0.007019328888412693,8001.0
162,162.0,0.005842503501042375,0.016021406948807056,0.0025818754889949985,1.365083546374808,0.016850729263413203,0.017858488446721544,0.017407277653067387,0.017331293716492287,0.4,0.3,0.375,0.375,0.014478841033142203,0.015334444293222152,0.01461754828015773,0.014632072749321472,0.325,0.0,0.25,0.1,0.014395936136923632,29.040851922659204,0.007011349618096734,8100.0
163,163.0,0.005842503501042375,0.016021406948807056,0.0025818702094153015,1.365083546374808,0.016850729263413203,0.017858488446721544,0.017407277653067387,0.017331293716492287,0.4,0.3,0.375,0.375,0.014479001305950817,0.015334434385901494,0.0146176137823706,0.014632062921571303,0.325,0.0,0.25,0.1,0.014395306067268462,29.165241169321234,0.007010694828969056,8101.0
164,164.0,0.005842503501042375,0.016021406948807056,0.002581350764378401,1.365083546374808,0.016850729263413203,0.017858488446721544,0.017407277653067387,0.017331293716492287,0.4,0.3,0.375,0.375,0.014480497839934261,0.015332775897923399,0.01462051821513836,0.014626417668526437,0.275,0.0,0.225,0.125,0.014393114130548465,29.539271833447856,0.007016613123882583,8200.0
165,165.0,0.005842503501042375,0.016021406948807056,0.002581345549849702,1.365083546374808,0.016850729263413203,0.017858488446721544,0.017407277653067387,0.017331293716492287,0.4,0.3,0.375,0.375,0.014480478006634101,0.015332769558805281,0.014620384077782878,0.01462629583429265,0.275,0.0,0.225,0.125,0.014392912513329092,31.039530997149996,0.007016386575272408,8201.0
166,166.0,0.005842503501042375,0.016021406948807056,0.0025808324666214,1.365083546374808,0.016850729263413203,0.017858488446721544,0.017407277653067387,0.017331293716492287,0.4,0.3,0.375,0.375,0.01448216714516056,0.015330615729569388,0.014621468618325648,0.014623717468139757,0.35,0.0,0.225,0.075,0.014401016718884514,31.40118923657865,0.007026195163211695,8300.0
167,167.0,0.005842503501042375,0.016021406948807056,0.0025808273155727987,1.365083546374808,0.016850729263413203,0.017858488446721544,0.017407277653067387,0.017331293716492287,0.4,0.3,0.375,0.375,0.014482103344059142,0.015330675136764,0.01462130682087311,0.014623711924983785,0.35,0.0,0.225,0.075,0.014400628907687354,31.077260640851456,0.007026838955309651,8301.0
168,168.0,0.005842503501042375,0.016021406948807056,0.0025803204414382016,1.365083546374808,0.016850729263413203,0.017858488446721544,0.017407277653067387,0.017331293716492287,0.4,0.3,0.375,0.375,0.014487816401235903,0.015328928713817903,0.014620394120708749,0.014631813727872669,0.325,0.0,0.25,0.1,0.014395400077271326,32.34347869859484,0.007026941813792096,8400.0
169,169.0,0.005842503501042375,0.016021406948807056,0.002580315352354899,1.365083546374808,0.016850729263413203,0.017858488446721544,0.017407277653067387,0.017331293716492287,0.4,0.3,0.375,0.375,0.01448774681425832,0.015328998858091908,0.014620251960135753,0.014631704450231245,0.325,0.0,0.25,0.1,0.014395419058034384,30.332004892552504,0.007027640874930278,8401.0
170,170.0,0.005842503501042375,0.016021406948807056,0.0025798145400181974,1.365083546374808,0.016850729263413203,0.017858488446721544,0.017407277653067387,0.017331293716492287,0.4,0.3,0.375,0.375,0.014484466999238155,0.015335195103179003,0.014619364762076046,0.014628825702939007,0.35,0.0,0.25,0.1,0.014392374920099486,32.51323251292342,0.007022507754344098,8500.0
171,171.0,0.005842503501042375,0.016021406948807056,0.002579809511439001,1.365083546374808,0.016850729263413203,0.017858488446721544,0.017407277653067387,0.017331293716492287,0.4,0.3,0.375,0.375,0.014484453715290915,0.01533519871119007,0.014619154874785382,0.014628638215559367,0.35,0.0,0.25,0.1,0.014392111879601793,32.852238760649925,0.007022406856117762,8501.0
172,172.0,0.005842503501042375,0.016021406948807056,0.0025793146187707986,1.365083546374808,0.016850729263413203,0.017858488446721544,0.017407277653067387,0.017331293716492287,0.4,0.3,0.375,0.375,0.014478799919365853,0.015346966549153629,0.014614418366479906,0.01464003062633679,0.375,0.0,0.225,0.075,0.014393261211260213,32.97283439642342,0.007015078041785139,8600.0
173,173.0,0.005842503501042375,0.016021406948807056,0.0025793096492851978,1.365083546374808,0.016850729263413203,0.017858488446721544,0.017407277653067387,0.017331293716492287,0.4,0.3,0.375,0.375,0.014480966221235889,0.015337272750512146,0.014615206995757912,0.014636815748837384,0.375,0.0,0.225,0.1,0.014394091652785976,33.28238543403859,0.007007149844260929,8601.0
174,174.0,0.005842503501042375,0.016021406948807056,0.0025788205390837008,1.365083546374808,0.016850729263413203,0.017858488446721544,0.017407277653067387,0.017331293716492287,0.4,0.3,0.375,0.375,0.014489404348341933,0.015333288427742406,0.01462117366523547,0.014647635323141187,0.35,0.0,0.15,0.075,0.014391643643075047,33.10545779782406,0.007013916521558405,8700.0
175,175.0,0.005842503501042375,0.016021406948807056,0.0025788156273298985,1.365083546374808,0.016850729263413203,0.017858488446721544,0.017407277653067387,0.017331293716492287,0.4,0.3,0.375,0.375,0.014489403666542527,0.01533326267032766,0.014621065179110396,0.01464765789568812,0.35,0.0,0.15,0.075,0.014391360462650582,34.075331918682785,0.007014360384266141,8701.0
176,176.0,0.005842503501042375,0.016021406948807056,0.0025783321670962,1.365083546374808,0.016850729263413203,0.017858488446721544,0.017407277653067387,0.017331293716492287,0.4,0.3,0.375,0.375,0.014493195706479603,0.015319041066630826,0.014617949664288869,0.014644112623297411,0.275,0.0,0.175,0.125,0.014391408956523888,33.8452691368293,0.007018619727985643,8800.0
177,177.0,0.005842503501042375,0.016021406948807056,0.0025783273117589013,1.365083546374808,0.016850729263413203,0.017858488446721544,0.017407277653067387,0.017331293716492287,0.4,0.3,0.375,0.375,0.014493156483587502,0.015319135273542506,0.01461798130400135,0.01464409651399044,0.25,0.0,0.175,0.125,0.014390983014347897,34.92741601989546,0.007018225826693281,8801.0
178,178.0,0.005842503501042375,0.016021406948807056,0.0025778493734845984,1.365083546374808,0.016850729263413203,0.017858488446721544,0.017407277653067387,0.017331293716492287,0.4,0.3,0.375,0.375,0.014485114039125307,0.01532898243901741,0.014615027228748644,0.014632024545721984,0.3,0.0,0.2,0.125,0.014400546924388215,35.18338823517843,0.007008951385348521,8900.0
179,179.0,0.005842503501042375,0.016021406948807056,0.002577844573292799,1.365083546374808,0.016850729263413203,0.017858488446721544,0.017407277653067387,0.017331293716492287,0.4,0.3,0.375,0.375,0.01448508851275701,0.015328974514898324,0.014614998209404284,0.014631978224612107,0.3,0.0,0.2,0.125,0.014399983379194705,35.14798046005308,0.007008545172460584,8901.0
180,180.0,0.005842503501042375,0.016021406948807056,0.0025773720332595003,1.365083546374808,0.016850729263413203,0.017858488446721544,0.017407277653067387,0.017331293716492287,0.4,0.3,0.375,0.375,0.014480247918789154,0.015328220019500863,0.014617832474801029,0.014635145931925091,0.325,0.0,0.175,0.125,0.01440743556550895,36.914311270174224,0.00700752391143,9000.0
181,181.0,0.005842503501042375,0.016021406948807056,0.0025773672869846,1.365083546374808,0.016850729263413203,0.017858488446721544,0.017407277653067387,0.017331293716492287,0.4,0.3,0.375,0.375,0.014480374214892316,0.015328297132192099,0.0146180598127289,0.014635369850873839,0.325,0.0,0.175,0.125,0.014407291523969638,35.80329152995837,0.0070068589021995325,9001.0
182,182.0,0.005842503501042375,0.016021406948807056,0.002576900025575101,1.365083546374808,0.016850729263413203,0.017858488446721544,0.017407277653067387,0.017331293716492287,0.4,0.3,0.375,0.375,0.014483165510269708,0.015330372000816194,0.014613890677614011,0.014630473843834826,0.375,0.0,0.2,0.1,0.01440655063908704,36.67755155419873,0.006999721930478231,9100.0
183,183.0,0.005842503501042375,0.016021406948807056,0.0025768953320289,1.365083546374808,0.016850729263413203,0.017858488446721544,0.017407277653067387,0.017331293716492287,0.4,0.3,0.375,0.375,0.014483253871569434,0.015330280588853695,0.014613682509700618,0.014630396574258528,0.35,0.0,0.2,0.1,0.014406302931328302,36.786404567866704,0.007000601341251589,9101.0
184,184.0,0.005842503501042375,0.016021406948807056,0.0025764332335476005,1.365083546374808,0.016850729263413203,0.017858488446721544,0.017407277653067387,0.017331293716492287,0.4,0.3,0.375,0.375,0.014478979917659993,0.01532643415538745,0.014613264799440672,0.014624646061145044,0.35,0.0,0.175,0.125,0.014408696187840256,36.5500819968438,0.007000648115305574,9200.0
185,185.0,0.005842503501042375,0.016021406948807056,0.0025764285915807024,1.365083546374808,0.016850729263413203,0.017858488446721544,0.017407277653067387,0.017331293716492287,0.4,0.3,0.375,0.375,0.014478929986755509,0.015326466393986457,0.014613285790037131,0.014624609066217814,0.35,0.0,0.15,0.125,0.014408758698246505,36.006193836734745,0.007001087592412783,9201.0
186,186.0,0.005842503501042375,0.016021406948807056,0.002575971544084499,1.365083546374808,0.016850729263413203,0.017858488446721544,0.017407277653067387,0.017331293716492287,0.4,0.3,0.375,0.375,0.014480266651772527,0.01533729850485741,0.014602085417068002,0.014648614158703268,0.375,0.0,0.25,0.125,0.014421798678791984,38.16158468657814,0.007005755589543243,9300.0
187,187.0,0.005842503501042375,0.016021406948807056,0.0025759669525844972,1.365083546374808,0.016850729263413203,0.017858488446721544,0.017407277653067387,0.017331293716492287,0.4,0.3,0.375,0.375,0.014480138311346914,0.015337364996816113,0.014602044964065605,0.014648565705127858,0.375,0.0,0.25,0.125,0.014421458663412517,36.82104990193329,0.00700496746486393,9301.0
188,188.0,0.005842503501042375,0.016021406948807056,0.0025755148477225012,1.365083546374808,0.016850729263413203,0.017858488446721544,0.017407277653067387,0.017331293716492287,0.4,0.3,0.375,0.375,0.014476232349332947,0.01533454196212316,0.01460509895457664,0.014646279306473792,0.4,0.0,0.225,0.15,0.014416850873969244,37.50385746612155,0.006997179278203458,9400.0
189,189.0,0.005842503501042375,0.016021406948807056,0.002575510305612598,1.365083546374808,0.016850729263413203,0.017858488446721544,0.017407277653067387,0.017331293716492287,0.4,0.3,0.375,0.375,0.014476175071619971,0.015334415540323406,0.014604958694471648,0.01464610770402755,0.4,0.0,0.225,0.15,0.01441633546698754,37.7662428277632,0.006996906908178539,9401.0
190,190.0,0.005842503501042375,0.016021406948807056,0.002575063038474101,1.365083546374808,0.016850729263413203,0.017858488446721544,0.017407277653067387,0.017331293716492287,0.4,0.3,0.375,0.375,0.01447860681854308,0.015344262373443449,0.014597042102926613,0.014640947956072476,0.375,0.0,0.225,0.15,0.014421286091600732,37.270138922010666,0.006997058762215078,9500.0
191,191.0,0.005842503501042375,0.016021406948807056,0.0025750585447114017,1.365083546374808,0.016850729263413203,0.017858488446721544,0.017407277653067387,0.017331293716492287,0.4,0.3,0.375,0.375,0.014483653603109634,0.01533581563932998,0.014599413117119093,0.01463591956928543,0.375,0.0,0.225,0.15,0.014421763032039781,35.982347551867136,0.0070005550336773165,9501.0
192,192.0,0.005842503501042375,0.016021406948807056,0.0025746160136820013,1.365083546374808,0.016850729263413203,0.017858488446721544,0.017407277653067387,0.017331293716492287,0.4,0.3,0.375,0.375,0.014465761307310124,0.015340486032396017,0.014603284690970988,0.014646827383541153,0.4,0.0,0.225,0.1,0.01442033328886072,37.49297191103396,0.006995145189083701,9600.0
193,193.0,0.005842503501042375,0.016021406948807056,0.0025746115672563995,1.365083546374808,0.016850729263413203,0.017858488446721544,0.017407277653067387,0.017331293716492287,0.4,0.3,0.375,0.375,0.014465725288012382,0.015340543244106502,0.014603134507567445,0.014646727731004209,0.4,0.0,0.225,0.1,0.014419968200907721,33.7822221226088,0.006994620817997531,9601.0
194,194.0,0.005842503501042375,0.016021406948807056,0.0025741736738815013,1.365083546374808,0.016850729263413203,0.017858488446721544,0.017407277653067387,0.017331293716492287,0.4,0.3,0.375,0.375,0.014463755393716254,0.015347746299208969,0.014605737028409832,0.014644279476111919,0.375,0.0,0.175,0.1,0.014419041873185049,34.55636097032111,0.007002249062973041,9700.0
195,195.0,0.005842503501042375,0.016021406948807056,0.0025741692738140984,1.365083546374808,0.016850729263413203,0.017858488446721544,0.017407277653067387,0.017331293716492287,0.4,0.3,0.375,0.375,0.014468323468444075,0.015341942256667167,0.01460597428640309,0.01464625548773101,0.375,0.0,0.175,0.1,0.014418882659188868,33.74136280464008,0.0070037662523029275,9701.0
196,196.0,0.005842503501042375,0.016021406948807056,0.002573735922669501,1.365083546374808,0.016850729263413203,0.017858488446721544,0.017407277653067387,0.017331293716492287,0.4,0.3,0.375,0.375,0.014465584192971179,0.015335882885902763,0.014607071951233666,0.014634819073831736,0.375,0.0,0.2,0.125,0.014418298476140031,32.730042775374024,0.0069963997412762656,9800.0
197,197.0,0.005842503501042375,0.016021406948807056,0.0025737315680112024,1.365083546374808,0.016850729263413203,0.017858488446721544,0.017407277653067387,0.017331293716492287,0.4,0.3,0.375,0.375,0.014465525187550224,0.015335816237203754,0.014606984666927673,0.014634732168297363,0.375,0.0,0.2,0.125,0.014418197723434297,32.54690537651768,0.006996167199906046,9801.0
198,198.0,0.005842503501042375,0.016021406948807056,0.0025733026665803013,1.365083546374808,0.016850729263413203,0.017858488446721544,0.017407277653067387,0.017331293716492287,0.4,0.3,0.375,0.375,0.014459832906963782,0.015342309851537048,0.014609079349115064,0.0146360411037959,0.35,0.0,0.175,0.1,0.01441778341431205,31.074084780630074,0.006995045102432771,9900.0
199,199.0,0.005842503501042375,0.016021406948807056,0.002573298356410698,1.365083546374808,0.016850729263413203,0.017858488446721544,0.017407277653067387,0.017331293716492287,0.4,0.3,0.375,0.375,0.01445985843760313,0.015342312530365877,0.014609117308065212,0.01463609492656603,0.35,0.0,0.175,0.1,0.014417872575528748,31.204056471929654,0.006995562292066437,9901.0
200,200.0,0.005842503501042375,0.016021406948807056,0.0025728738149673014,1.365083546374808,0.016850729263413203,0.017858488446721544,0.017407277653067387,0.017331293716492287,0.4,0.3,0.375,0.375,0.01446051426195546,0.015342562815835122,0.014610471904460359,0.014637424923615716,0.35,0.0,0.175,0.125,0.014416819351158733,29.139696726060357,0.006995530865279938,10000.0
