,DRO_tau,DRO_obj_values,epsilon,DRO_time,DRO_eval1,DRO_eval2,DRO_satisfy1,DRO_satisfy2,SA_eval1,SA_eval2,SA_satisfy1,SA_satisfy2,SA_obj_values,SA_time,t
0,-0.047186032339194425,-0.04533724081801913,0.0006458765842134119,0.052054227,0.06515520001239772,0.06269183872259959,0.0,0.0,0.06515519432342039,0.06269182924633561,0.0,0.0,-0.04718603073468518,0.002400052,0
1,-0.03786844439897263,-0.03632068460429552,0.0006400154787332795,0.068672188,0.01155472552654778,0.008472212296431431,0.0,0.0,0.012736188802334465,0.009398385497125475,0.0,0.0,-0.03794981418287012,0.002559583,1
2,-0.034868852736756765,-0.033438337548675374,0.0006271709218885336,0.103854963,0.005402448754315491,-0.001652225932037202,0.0,0.0,0.006538246723092348,-0.0007839561410434497,0.0,0.0,-0.034898058961565864,0.003524617,4
3,-0.034869073981746705,-0.03344585591185159,0.0006238756566936219,0.12958896,0.005414303955334775,-0.0016424800354123872,0.0,0.0,0.006538246600676704,-0.0007839562466548061,0.0,0.0,-0.03489805887033102,0.003805889,5
4,-0.02910946162315617,-0.027943139864221485,0.0006134676107615749,0.184377291,0.0008529126113728405,-0.0014957332404607097,0.0,0.0,0.0018624275340774535,6.172830619860556e-05,0.0,0.0,-0.02916529757759134,0.004386161,9
5,-0.028531092957654308,-0.027573170463064397,0.000611355012111221,0.211824217,-0.005213751767224889,-0.009072490984328585,0.0,0.0,-0.007668868715495332,-0.012335381216757153,0.0,0.0,-0.028638639811130424,0.004579683,10
6,-0.026090767445852037,-0.025134287138565702,0.0006041716740354696,0.298265924,-0.009606769243280756,-0.012505965946441102,0.0,0.0,-0.008779745497941067,-0.011837102307135118,0.0,0.0,-0.026397792005419588,0.005498197,14
7,-0.02627072942037782,-0.025140872712389267,0.0006026241615322143,0.293654331,-0.009696292399917528,-0.012486028791751225,0.0,0.0,-0.008779745124107563,-0.011837101943456751,0.0,0.0,-0.02645840135989819,0.005338536,15
8,-0.028414262810757877,-0.02533498883427968,0.0005971555567523738,0.387441125,-0.009543221542361511,-0.013377511487134284,0.0,0.0,-0.007578826357754431,-0.01083569332347731,0.0,0.0,-0.026661965733140853,0.007794688,19
9,-0.02820023925176683,-0.025326057840268028,0.0005959379457645492,0.439395941,-0.009874930062925485,-0.012987613590105892,0.0,0.0,-0.007494312228965274,-0.009649945178424763,0.0,0.0,-0.026469736857504762,0.006488513,20
10,-0.02820023925176683,-0.025326057840268028,0.0005905300160685173,0.439395941,-0.009874930062925485,-0.012987613590105892,0.0,0.0,-0.012582239189550173,-0.012636885664110102,0.0,0.0,-0.026931833511618958,0.00808714,25
11,-0.02820023925176683,-0.025326057840268028,0.0005895626405570673,0.439395941,-0.009874930062925485,-0.012987613590105892,0.0,0.0,-0.008920401088797545,-0.009999304547957475,0.0,0.0,-0.026899566567846422,0.009475097,26
12,-0.02820023925176683,-0.025326057840268028,0.0005729014290247791,0.439395941,-0.009874930062925485,-0.012987613590105892,0.0,0.0,-0.011687652336732808,-0.012374730198857913,0.0,0.0,-0.026275428046650062,0.015970039,50
13,-0.02820023925176683,-0.025326057840268028,0.00057238552007981,0.439395941,-0.009874930062925485,-0.012987613590105892,0.0,0.0,-0.011687652255361699,-0.01237473013363775,0.0,0.0,-0.026354298932212146,0.016353561,51
14,-0.02820023925176683,-0.025326057840268028,0.0005622682242067622,0.439395941,-0.009874930062925485,-0.012987613590105892,0.0,0.0,-0.017139683973233767,-0.017633991484233617,0.0,0.0,-0.024135158299525252,0.035254675,75
15,-0.02820023925176683,-0.025326057840268028,0.0005619190932321614,0.439395941,-0.009874930062925485,-0.012987613590105892,0.0,0.0,-0.017287813821824382,-0.017746434138558035,0.0,0.0,-0.024165876175056493,0.029512426,76
16,-0.028227810296892163,-0.022363323085735954,0.0005546749783104786,17.829608088,-0.018107157122579855,-0.017511693294261534,0.0,0.0,-0.01760104640465836,-0.017171831204343214,0.0,0.0,-0.023403500415390733,0.540917492,100
17,-0.02825308725751378,-0.022410198697438554,0.0005544121594903359,16.836679712,-0.018092522221612128,-0.017510290514039982,0.0,0.0,-0.01755267844754159,-0.017127475289965288,0.0,0.0,-0.023450059552324404,0.557495125,101
18,-0.02825308725751378,-0.022410198697438554,0.0005487832816712459,16.836679712,-0.018092522221612128,-0.017510290514039982,0.0,0.0,-0.018991067251377326,-0.0188060212823765,0.0,0.0,-0.02297652811470968,0.598497215,125
19,-0.02825308725751378,-0.022410198697438554,0.0005485730591239161,16.836679712,-0.018092522221612128,-0.017510290514039982,0.0,0.0,-0.018991067274212833,-0.018806021081065244,0.0,0.0,-0.02301303321009333,0.613640003,126
20,-0.02825308725751378,-0.022410198697438554,0.0005439781492326259,16.836679712,-0.018092522221612128,-0.017510290514039982,0.0,0.0,-0.018588106002744912,-0.018289797766833638,0.0,0.0,-0.02263225585656974,0.712992254,150
21,-0.02825308725751378,-0.022410198697438554,0.0005438032641598113,16.836679712,-0.018092522221612128,-0.017510290514039982,0.0,0.0,-0.01858810404205998,-0.0182897952479399,0.0,0.0,-0.022664381608444504,0.694423789,151
22,-0.02825308725751378,-0.022410198697438554,0.0005399262156292335,16.836679712,-0.018092522221612128,-0.017510290514039982,0.0,0.0,-0.019966743967586555,-0.01922194292376402,0.0,0.0,-0.02117777770335129,0.748278676,175
23,-0.02825308725751378,-0.022410198697438554,0.0005397766719114635,16.836679712,-0.018092522221612128,-0.017510290514039982,0.0,0.0,-0.019966743867956126,-0.019221942958864587,0.0,0.0,-0.021201273614234028,0.750631567,176
24,-0.024585232026034104,-0.01989823463644935,0.0005364266515238753,13.074362494,-0.020215702469505072,-0.019760156290165743,1.0,0.0,-0.020148158450783677,-0.019548212343770344,0.0,0.0,-0.02059322719352174,0.928645232,200
25,-0.024688480568877225,-0.019918483019681056,0.0005362961497096706,12.481283487,-0.020155770636394163,-0.019720959551643217,1.0,0.0,-0.02015198660073637,-0.01954110690495344,0.0,0.0,-0.020614723535434344,1.001722998,201
26,-0.024688480568877225,-0.019918483019681056,0.0005333492002560099,12.481283487,-0.020155770636394163,-0.019720959551643217,1.0,0.0,-0.0200278738218784,-0.019844077974184585,0.0,0.0,-0.020404374585117912,0.946472514,225
27,-0.024688480568877225,-0.019918483019681056,0.0005332335186521449,12.481283487,-0.020155770636394163,-0.019720959551643217,1.0,0.0,-0.019961645025656477,-0.019857170708601206,0.0,0.0,-0.02031575967968529,0.906067976,226
28,-0.024688480568877225,-0.019918483019681056,0.0005306046247731814,12.481283487,-0.020155770636394163,-0.019720959551643217,1.0,0.0,-0.020140352270229537,-0.020031122920771787,1.0,1.0,-0.019934880756327572,0.975182911,250
29,-0.024688480568877225,-0.019918483019681056,0.0005305007982786394,12.481283487,-0.020155770636394163,-0.019720959551643217,1.0,0.0,-0.020140352278077,-0.020031122906403357,1.0,1.0,-0.01995176474507087,0.978155346,251
30,-0.024688480568877225,-0.019918483019681056,0.000528129149374807,12.481283487,-0.020155770636394163,-0.019720959551643217,1.0,0.0,-0.020216287443567706,-0.02009245731069511,1.0,1.0,-0.020006678755613568,1.159689089,275
31,-0.024688480568877225,-0.019918483019681056,0.0005280350169967142,12.481283487,-0.020155770636394163,-0.019720959551643217,1.0,0.0,-0.020187633290679807,-0.02003939872913346,1.0,1.0,-0.019874196289784138,1.067457845,276
32,-0.02385965772385276,-0.019197291289440765,0.0005258756333128791,27.124047069,-0.020146339738254318,-0.020098387761480117,1.0,1.0,-0.020084792489257125,-0.02014713662517456,1.0,1.0,-0.019880807689540952,0.314848684,300
33,-0.023865404452731505,-0.019210545562308685,0.0005257895722537762,24.951949365,-0.020137230633008478,-0.02009407243443035,1.0,1.0,-0.020084792444901866,-0.020147136629820695,1.0,1.0,-0.01989472667254478,0.290526825,301
34,-0.023865404452731505,-0.019210545562308685,0.0005238082605203916,24.951949365,-0.020137230633008478,-0.02009407243443035,1.0,1.0,-0.019985761072853415,-0.020017401962605014,1.0,1.0,-0.01986372797657731,0.43915572,325
35,-0.023865404452731505,-0.019210545562308685,0.000523729021633906,24.951949365,-0.020137230633008478,-0.02009407243443035,1.0,1.0,-0.019981631509782258,-0.0200227060195763,1.0,1.0,-0.019858379757005083,0.441251281,326
36,-0.023865404452731505,-0.019210545562308685,0.0005218991894483164,24.951949365,-0.020137230633008478,-0.02009407243443035,1.0,1.0,-0.019994325106423884,-0.020057639792753185,1.0,1.0,-0.019834440548518968,0.54716611,350
37,-0.023865404452731505,-0.019210545562308685,0.0005218257910188534,24.951949365,-0.020137230633008478,-0.02009407243443035,1.0,1.0,-0.02000307030067218,-0.02005154464038463,1.0,1.0,-0.01984736659079043,0.531950309,351
38,-0.023865404452731505,-0.019210545562308685,0.0005201263549816274,24.951949365,-0.020137230633008478,-0.02009407243443035,1.0,1.0,-0.020151184559629137,-0.020066095834868406,1.0,1.0,-0.019570008992514237,0.676171982,375
39,-0.023865404452731505,-0.019210545562308685,0.0005200580116857085,24.951949365,-0.020137230633008478,-0.02009407243443035,1.0,1.0,-0.020234236381112432,-0.020149059827398456,1.0,1.0,-0.019582107802373214,0.750423713,376
40,-0.02411897886974777,-0.019062394131129555,0.0005184719779158373,42.301850708,-0.020113604594421672,-0.019952036578925362,1.0,1.0,-0.020121694793336475,-0.020043976198342098,1.0,1.0,-0.019711155927458788,0.731283518,400
41,-0.02412005689688925,-0.01907341651061194,0.000518408051864422,42.488252829,-0.020113971708171502,-0.0199523209181074,1.0,1.0,-0.02011655227737549,-0.020042566222902722,1.0,1.0,-0.019722568579235513,0.791934857,401
42,-0.02412005689688925,-0.01907341651061194,0.0005169215254083759,42.488252829,-0.020113971708171502,-0.0199523209181074,1.0,1.0,-0.020282076239006533,-0.020164145527269358,1.0,1.0,-0.019534106179183264,0.903979585,425
43,-0.02412005689688925,-0.01907341651061194,0.0005168614915244846,42.488252829,-0.020113971708171502,-0.0199523209181074,1.0,1.0,-0.020282075149878835,-0.020164145902235128,1.0,1.0,-0.01954469901655039,0.843683347,426
44,-0.02412005689688925,-0.01907341651061194,0.0005154629681395119,42.488252829,-0.020113971708171502,-0.0199523209181074,1.0,1.0,-0.020177542297611907,-0.02008041583532889,1.0,1.0,-0.019239912668838323,0.983788877,450
45,-0.02412005689688925,-0.01907341651061194,0.0005154063891180923,42.488252829,-0.020113971708171502,-0.0199523209181074,1.0,1.0,-0.02022327053624128,-0.020119136684221245,1.0,1.0,-0.01924922217234947,1.071526283,451
46,-0.02412005689688925,-0.01907341651061194,0.000514086238131717,42.488252829,-0.020113971708171502,-0.0199523209181074,1.0,1.0,-0.020290767023094788,-0.020183609997233464,1.0,1.0,-0.019190227481049486,1.190914032,475
47,-0.02412005689688925,-0.01907341651061194,0.0005140327459696848,42.488252829,-0.020113971708171502,-0.0199523209181074,1.0,1.0,-0.020227926995659274,-0.020133316751336422,1.0,1.0,-0.019166941216008895,1.225988921,476
48,-0.023832635910962036,-0.018692726778691937,0.0005127828255762495,62.02331145,-0.020240781059261054,-0.020122847834877028,1.0,1.0,-0.020139661381434592,-0.02032180424945219,1.0,1.0,-0.019310682791790205,1.287210759,500
49,-0.023796975788599743,-0.01865632970971003,0.00051273210770944,53.089016783,-0.020236266527871957,-0.020108031952823516,1.0,1.0,-0.02032989828539753,-0.020271693306136943,1.0,1.0,-0.019270331976356032,1.313335442,501
50,-0.023796975788599743,-0.01865632970971003,0.0005115454740257134,53.089016783,-0.020236266527871957,-0.020108031952823516,1.0,1.0,-0.020187515401262762,-0.020189587508619142,1.0,1.0,-0.01937596126144654,1.130928674,525
51,-0.023796975788599743,-0.01865632970971003,0.0005114972627609179,53.089016783,-0.020236266527871957,-0.020108031952823516,1.0,1.0,-0.020183912817010926,-0.02019142900616432,1.0,1.0,-0.019376610457625752,1.3662743210000001,526
52,-0.023796975788599743,-0.01865632970971003,0.0005103679465214693,53.089016783,-0.020236266527871957,-0.020108031952823516,1.0,1.0,-0.020119600805749958,-0.020261191077200626,1.0,1.0,-0.019451341859247115,1.630734839,550
53,-0.023796975788599743,-0.01865632970971003,0.0005103220108674486,53.089016783,-0.020236266527871957,-0.020108031952823516,1.0,1.0,-0.020119600500794522,-0.020261191162056935,1.0,1.0,-0.019460161601370537,1.4788689320000001,551
54,-0.023796975788599743,-0.01865632970971003,0.0005092448437473623,53.089016783,-0.020236266527871957,-0.020108031952823516,1.0,1.0,-0.020105053360730173,-0.020261292763175214,1.0,1.0,-0.01954342373921522,1.741256307,575
55,-0.023796975788599743,-0.01865632970971003,0.0005092009830204892,53.089016783,-0.020236266527871957,-0.020108031952823516,1.0,1.0,-0.020062104016853422,-0.02025634530032894,1.0,1.0,-0.019458830387085135,1.358934815,576
56,-0.02388350696035426,-0.01886396413679875,0.0005081714609275637,88.407076201,-0.02021754378278949,-0.020158225532940336,1.0,1.0,-0.02014536635067657,-0.02029059991792883,1.0,1.0,-0.019488774822196093,1.7118855910000002,600
57,-0.02392008336456377,-0.01887139734202439,0.0005081294996892878,79.627109839,-0.02022301716213428,-0.020164021732132487,1.0,1.0,-0.020142281329415913,-0.020298123409343352,1.0,1.0,-0.019496908618817164,1.830715658,601
58,-0.02392008336456377,-0.01887139734202439,0.0005071436739782179,79.627109839,-0.02022301716213428,-0.020164021732132487,1.0,1.0,-0.02018647846498882,-0.02023629861049555,1.0,1.0,-0.01952881695006968,1.80905355,625
59,-0.02392008336456377,-0.01887139734202439,0.0005071034579851945,79.627109839,-0.02022301716213428,-0.020164021732132487,1.0,1.0,-0.020186478425521376,-0.02023629864980684,1.0,1.0,-0.01953596916155761,2.046516522,626
60,-0.02392008336456377,-0.01887139734202439,0.000506157848026367,79.627109839,-0.02022301716213428,-0.020164021732132487,1.0,1.0,-0.020049795250776943,-0.020324121801480598,1.0,1.0,-0.019533532291203123,2.11498798,650
61,-0.02392008336456377,-0.01887139734202439,0.0005061192409598216,79.627109839,-0.02022301716213428,-0.020164021732132487,1.0,1.0,-0.02005912159847342,-0.020327992153843236,1.0,1.0,-0.01950102697620075,2.031928707,651
62,-0.02392008336456377,-0.01887139734202439,0.000505210763228158,79.627109839,-0.02022301716213428,-0.020164021732132487,1.0,1.0,-0.020053523965855184,-0.020356309777284948,1.0,1.0,-0.01967387500697294,1.8612894089999998,675
63,-0.02392008336456377,-0.01887139734202439,0.0005051736440294575,79.627109839,-0.02022301716213428,-0.020164021732132487,1.0,1.0,-0.02005728519000216,-0.02036043079282321,1.0,1.0,-0.019673502097567172,2.112338422,676
64,-0.024181669093857258,-0.01900565805003147,0.0005042995541082795,108.804017611,-0.02013066860996946,-0.020271144144167374,1.0,1.0,-0.02015402399521607,-0.02031601498394096,1.0,1.0,-0.019633218313098347,2.06762152,700
65,-0.024199947461075844,-0.019012227814723875,0.0005042638147908684,99.847064422,-0.020128560014447124,-0.02027643999483614,1.0,1.0,-0.02015402386622153,-0.02031601473440714,1.0,1.0,-0.01963985585031747,2.276455406,701
66,-0.024199947461075844,-0.019012227814723875,0.0005034216595706479,99.847064422,-0.020128560014447124,-0.02027643999483614,1.0,1.0,-0.020266531185498406,-0.020379081259466646,1.0,1.0,-0.019451899687124047,2.080913462,725
67,-0.024199947461075844,-0.019012227814723875,0.0005033872034098056,99.847064422,-0.020128560014447124,-0.02027643999483614,1.0,1.0,-0.020266531201718375,-0.02037908127785527,1.0,1.0,-0.019458450458055564,1.823562598,726
68,-0.024199947461075844,-0.019012227814723875,0.0005025747814068652,99.847064422,-0.020128560014447124,-0.02027643999483614,1.0,1.0,-0.02024410320214022,-0.020399179247952082,1.0,1.0,-0.019519014804501328,2.187154225,750
69,-0.024199947461075844,-0.019012227814723875,0.0005025415214317091,99.847064422,-0.020128560014447124,-0.02027643999483614,1.0,1.0,-0.020245564626696827,-0.020392205915504356,1.0,1.0,-0.01952543772124277,2.267219847,751
70,-0.024199947461075844,-0.019012227814723875,0.0005017568496280608,99.847064422,-0.020128560014447124,-0.02027643999483614,1.0,1.0,-0.020285816315833184,-0.02034915928165785,1.0,1.0,-0.019478259379135103,2.352947114,775
71,-0.024199947461075844,-0.019012227814723875,0.0005017247073572756,99.847064422,-0.020128560014447124,-0.02027643999483614,1.0,1.0,-0.020286594603749163,-0.020349867036149282,1.0,1.0,-0.019484365503722123,2.626953597,776
72,-0.02382408321868376,-0.01880457783724631,0.0005009659933180918,127.872711201,-0.020311324515451985,-0.020300389844133848,1.0,1.0,-0.02029198539492516,-0.020371872366499188,1.0,1.0,-0.01942090178877925,2.580062167,800
73,-0.023843187062204636,-0.018810165732829242,0.0005009348976936545,122.840869102,-0.020313299008041418,-0.020305384517597735,1.0,1.0,-0.02024762817471865,-0.02037566435053005,1.0,1.0,-0.01942690533070542,2.106373795,801
74,-0.023843187062204636,-0.018810165732829242,0.0005002005159867551,122.840869102,-0.020313299008041418,-0.020305384517597735,1.0,1.0,-0.020202502124909608,-0.02046265473385246,1.0,1.0,-0.019375807360764337,2.422047706,825
75,-0.023843187062204636,-0.018810165732829242,0.0005001704024696264,122.840869102,-0.020313299008041418,-0.020305384517597735,1.0,1.0,-0.02020250223975947,-0.020462654911948333,1.0,1.0,-0.019381724747968038,2.390308274,826
76,-0.023843187062204636,-0.018810165732829242,0.0004994588746153084,122.840869102,-0.020313299008041418,-0.020305384517597735,1.0,1.0,-0.02029072410542869,-0.020502473196204393,1.0,1.0,-0.01942510426105086,2.613722886,850
77,-0.023843187062204636,-0.018810165732829242,0.0004994296844144762,122.840869102,-0.020313299008041418,-0.020305384517597735,1.0,1.0,-0.020247114973752315,-0.020467979198963492,1.0,1.0,-0.019401579107022213,2.45752181,851
78,-0.023843187062204636,-0.018810165732829242,0.0004987396617506761,122.840869102,-0.020313299008041418,-0.020305384517597735,1.0,1.0,-0.020268510467892683,-0.02052774699770102,1.0,1.0,-0.019403799229901274,2.524330555,875
79,-0.023843187062204636,-0.018810165732829242,0.0004987113411626618,122.840869102,-0.020313299008041418,-0.020305384517597735,1.0,1.0,-0.020268510269144783,-0.020527746896810757,1.0,1.0,-0.019409453187635043,2.445286946,876
80,-0.024003938017910415,-0.01881944382813737,0.0004980415901317993,154.314908173,-0.020388431554106683,-0.02051123862734345,1.0,1.0,-0.020451300490294956,-0.020632699381918678,1.0,1.0,-0.019433376735220716,3.068474895,900
81,-0.023980961234042746,-0.01882225416384666,0.0004980140899721891,152.74029761,-0.020352292124157977,-0.020494856209438018,1.0,1.0,-0.020384426078629034,-0.020607618078915636,1.0,1.0,-0.019436424388509857,2.5629123480000002,901
82,-0.023980961234042746,-0.01882225416384666,0.0004973634794308036,152.74029761,-0.020352292124157977,-0.020494856209438018,1.0,1.0,-0.02034560080061178,-0.020553602959980356,1.0,1.0,-0.019515527426381976,2.391605578,925
83,-0.023980961234042746,-0.01882225416384666,0.0004973367545428542,152.74029761,-0.020352292124157977,-0.020494856209438018,1.0,1.0,-0.02034560090164351,-0.020553603001681024,1.0,1.0,-0.019520960521691416,2.391699819,926
84,-0.023980961234042746,-0.01882225416384666,0.0004967042447696793,152.74029761,-0.020352292124157977,-0.020494856209438018,1.0,1.0,-0.020267463913313608,-0.02050674334245783,1.0,1.0,-0.019539802782045822,2.547517155,950
85,-0.023980961234042746,-0.01882225416384666,0.0004966782535978109,152.74029761,-0.020352292124157977,-0.020494856209438018,1.0,1.0,-0.020275802744135093,-0.02050790620201214,1.0,1.0,-0.019545078044357615,3.059759465,951
86,-0.023980961234042746,-0.01882225416384666,0.0004960628867349797,152.74029761,-0.020352292124157977,-0.020494856209438018,1.0,1.0,-0.02030205317748174,-0.02051302231678215,1.0,1.0,-0.01955787815985522,3.441783232,975
87,-0.023980961234042746,-0.01882225416384666,0.0004960375909531473,152.74029761,-0.020352292124157977,-0.020494856209438018,1.0,1.0,-0.02030205282551323,-0.020513022233536862,1.0,1.0,-0.01956309848150054,3.755507457,976
88,-0.02456223921495327,-0.018945894467992018,0.0004954384826623001,178.909813899,-0.020289637310737307,-0.02050070042345288,1.0,1.0,-0.020328245443610348,-0.020553699169757286,1.0,1.0,-0.019544573909250008,3.734019348,1000
89,-0.024574991699988627,-0.01895098052199013,0.0004954138468489988,183.461225536,-0.020288901096941023,-0.02050124600782171,1.0,1.0,-0.020328245478193327,-0.020553698922221454,1.0,1.0,-0.019549684991099006,3.207575817,1001
90,-0.024574991699988627,-0.01895098052199013,0.0004948301790018379,183.461225536,-0.020288901096941023,-0.02050124600782171,1.0,1.0,-0.02035137450224747,-0.02051443977493686,1.0,1.0,-0.019569960624991372,2.86203423,1025
91,-0.024574991699988627,-0.01895098052199013,0.000494806170354899,183.461225536,-0.020288901096941023,-0.02050124600782171,1.0,1.0,-0.02035137446986831,-0.020514439784686436,1.0,1.0,-0.0195747783163477,2.883151627,1026
92,-0.024574991699988627,-0.01895098052199013,0.0004942371846082241,183.461225536,-0.020288901096941023,-0.02050124600782171,1.0,1.0,-0.02039918490039377,-0.02052910486238977,1.0,1.0,-0.019617226502316815,3.38830722,1050
93,-0.024574991699988627,-0.01895098052199013,0.0004942137726937036,183.461225536,-0.020288901096941023,-0.02050124600782171,1.0,1.0,-0.020399184903135893,-0.020529104863058055,1.0,1.0,-0.01962207063737261,3.372912133,1051
94,-0.024574991699988627,-0.01895098052199013,0.0004936587648237025,183.461225536,-0.020288901096941023,-0.02050124600782171,1.0,1.0,-0.020346110380221515,-0.020518511230678164,1.0,1.0,-0.019596239860152548,3.984484231,1075
95,-0.024574991699988627,-0.01895098052199013,0.0004936359213540942,183.461225536,-0.020288901096941023,-0.02050124600782171,1.0,1.0,-0.020346110445130235,-0.0205185112124843,1.0,1.0,-0.019600986849486003,3.675255387,1076
96,-0.024802792413568437,-0.01911417653167559,0.0004930942362448532,228.085436239,-0.020314270999021736,-0.02048952927480398,1.0,1.0,-0.02032589057353714,-0.020612287531139622,1.0,1.0,-0.01970545526974576,3.764033108,1100
97,-0.02480330845039956,-0.01911886486142195,0.0004930719348826144,214.23499348,-0.020312927511577376,-0.02048901709780244,1.0,1.0,-0.020325890495665445,-0.02061228751755301,1.0,1.0,-0.01971013996987757,3.7611487,1101
98,-0.02480330845039956,-0.01911886486142195,0.0004925429620803655,214.23499348,-0.020312927511577376,-0.02048901709780244,1.0,1.0,-0.02034580110006407,-0.02055229637725341,1.0,1.0,-0.01970422573005631,3.702427476,1125
99,-0.02480330845039956,-0.01911886486142195,0.0004925211782633726,214.23499348,-0.020312927511577376,-0.02048901709780244,1.0,1.0,-0.020359535378434063,-0.020569446092134777,1.0,1.0,-0.019708699839187643,3.412801173,1126
100,-0.02480330845039956,-0.01911886486142195,0.0004920043480216371,214.23499348,-0.020312927511577376,-0.02048901709780244,1.0,1.0,-0.020353657192724146,-0.020596296853685418,1.0,1.0,-0.019755272801356933,3.350075147,1150
101,-0.02480330845039956,-0.01911886486142195,0.0004919830588077019,214.23499348,-0.020312927511577376,-0.02048901709780244,1.0,1.0,-0.02034803001242131,-0.020595287619821732,1.0,1.0,-0.01975967476975196,3.172419413,1151
102,-0.02480330845039956,-0.01911886486142195,0.0004914778385597798,214.23499348,-0.020312927511577376,-0.02048901709780244,1.0,1.0,-0.020344382137439287,-0.020610996191896516,1.0,1.0,-0.019800265675417136,3.523166103,1175
103,-0.02480330845039956,-0.01911886486142195,0.0004914570224877833,214.23499348,-0.020312927511577376,-0.02048901709780244,1.0,1.0,-0.020344381749537774,-0.020610995817831074,1.0,1.0,-0.019804635477224636,3.355847217,1176
104,-0.024888804325288342,-0.01923331863461357,0.000490962913692425,238.737568858,-0.020345175557096563,-0.020555482558307404,1.0,1.0,-0.020359508420153164,-0.020610541018005808,1.0,1.0,-0.019830328979988543,3.042151464,1200
105,-0.024889815950745922,-0.0192375806226405,0.0004909425506579888,239.564546571,-0.020346943371372522,-0.020556015182600355,1.0,1.0,-0.020359507704920142,-0.020610540542675325,1.0,1.0,-0.019834575724723608,3.486275033,1201
106,-0.024889815950745922,-0.0192375806226405,0.0004904590859719188,239.564546571,-0.020346943371372522,-0.020556015182600355,1.0,1.0,-0.02035328868203799,-0.02061222998827193,1.0,1.0,-0.019828893323137267,3.745824082,1225
107,-0.024889815950745922,-0.0192375806226405,0.000490439157115825,239.564546571,-0.020346943371372522,-0.020556015182600355,1.0,1.0,-0.02035666077424289,-0.02061218081167049,1.0,1.0,-0.01979754974316211,4.213437689,1226
108,-0.02481804296961185,-0.01920840841047821,0.000489985426577477,270.413111574,-0.02042535955806769,-0.020568576970211153,1.0,1.0,-0.02043776722996623,-0.02065440882989189,1.0,1.0,-0.0198013405648813,3.660078522,1249
109,-0.024825597516417126,-0.019212482443188714,0.0004899658978533599,273.515209849,-0.020424866974857885,-0.020570032697647265,1.0,1.0,-0.020418923754124848,-0.020644911867936152,1.0,1.0,-0.019805498899138765,4.020840028,1250
110,-0.024825597516417126,-0.019212482443188714,0.0004899463854611858,273.515209849,-0.020424866974857885,-0.020570032697647265,1.0,1.0,-0.020418923690745383,-0.020644911887305488,1.0,1.0,-0.01980965995672911,3.809471913,1251
111,-0.024825597516417126,-0.019212482443188714,0.0004894829193067083,273.515209849,-0.020424866974857885,-0.020570032697647265,1.0,1.0,-0.02041561023748354,-0.020605367290901695,1.0,1.0,-0.019833831993965944,4.405829081,1275
112,-0.024825597516417126,-0.019212482443188714,0.0004894638067183512,273.515209849,-0.020424866974857885,-0.020570032697647265,1.0,1.0,-0.020415492071780342,-0.020604979376153645,1.0,1.0,-0.019838001802776752,4.430835327,1276
113,-0.024943402282815032,-0.019235046650962696,0.0004890097456620719,290.045569151,-0.020456301899742867,-0.02058248747456212,1.0,1.0,-0.020501813964285368,-0.02061414679121852,1.0,1.0,-0.0198279647214792,4.15137952,1300
114,-0.024956960702800488,-0.0192390316761492,0.0004889910171900201,278.690766712,-0.020451514690250847,-0.02058226375150835,1.0,1.0,-0.02050306657235372,-0.020622002802734362,1.0,1.0,-0.019831953159253943,4.199244527,1301
115,-0.024956960702800488,-0.0192390316761492,0.0004885459956614105,278.690766712,-0.020451514690250847,-0.02058226375150835,1.0,1.0,-0.020514512468979153,-0.020643529176358522,1.0,1.0,-0.019901445685673314,4.720688934,1325
116,-0.024956960702800488,-0.0192390316761492,0.0004885276365167645,278.690766712,-0.020451514690250847,-0.02058226375150835,1.0,1.0,-0.020514432613442747,-0.020650512902581845,1.0,1.0,-0.019905408969544312,4.348752754,1326
117,-0.024956960702800488,-0.0192390316761492,0.0004880913096934031,278.690766712,-0.020451514690250847,-0.02058226375150835,1.0,1.0,-0.02045220388112752,-0.020666089712035714,1.0,1.0,-0.019994507601602523,4.163018542,1350
118,-0.024956960702800488,-0.0192390316761492,0.0004880733059187853,278.690766712,-0.020451514690250847,-0.02058226375150835,1.0,1.0,-0.020452203899098374,-0.020666089721238845,1.0,1.0,-0.019998431888296864,4.54334537,1351
119,-0.024956960702800488,-0.0192390316761492,0.0004876453481912315,278.690766712,-0.020451514690250847,-0.02058226375150835,1.0,1.0,-0.020443920909178907,-0.02066206073111378,1.0,1.0,-0.020001463396951535,4.916241695,1375
120,-0.024956960702800488,-0.0192390316761492,0.0004876276865998275,278.690766712,-0.020451514690250847,-0.02058226375150835,1.0,1.0,-0.02044090766907117,-0.02067003581288466,1.0,1.0,-0.02000533519755164,4.70591689,1376
121,-0.025075640847742258,-0.019401844939423072,0.00048720779017558374,317.340628931,-0.020465660229777853,-0.020630549963630153,1.0,1.0,-0.0204226663282154,-0.020655771006143683,1.0,1.0,-0.020001881730169827,4.698821296,1400
122,-0.025084700061603307,-0.01940551572576725,0.00048719045829565715,292.776653113,-0.02046719242878719,-0.020632052127478255,1.0,1.0,-0.02041866558374309,-0.02065233534307749,1.0,1.0,-0.02000564522682007,4.881306949,1401
123,-0.025084700061603307,-0.01940551572576725,0.0004867783319273893,292.776653113,-0.02046719242878719,-0.020632052127478255,1.0,1.0,-0.020476386585314074,-0.020708927214733688,1.0,1.0,-0.020017820252833003,4.839018981,1425
124,-0.025084700061603307,-0.01940551572576725,0.00048676131795169156,292.776653113,-0.02046719242878719,-0.020632052127478255,1.0,1.0,-0.0204731311419449,-0.020707650736579413,1.0,1.0,-0.02002146910165131,4.603866557,1426
125,-0.025084700061603307,-0.01940551572576725,0.0004863566857766858,292.776653113,-0.02046719242878719,-0.020632052127478255,1.0,1.0,-0.020438154576424044,-0.02066952663999015,1.0,1.0,-0.020073060967585852,4.936848587,1450
126,-0.025084700061603307,-0.01940551572576725,0.00048633997851625193,292.776653113,-0.02046719242878719,-0.020632052127478255,1.0,1.0,-0.020507129277206614,-0.02071098226985161,1.0,1.0,-0.020045946461326857,4.910145032,1451
127,-0.025084700061603307,-0.01940551572576725,0.0004859425789956506,292.776653113,-0.02046719242878719,-0.020632052127478255,1.0,1.0,-0.02047215914633809,-0.020684054650643924,1.0,1.0,-0.019975960836672736,4.771368578,1475
128,-0.025084700061603307,-0.01940551572576725,0.00048592616783753355,292.776653113,-0.02046719242878719,-0.020632052127478255,1.0,1.0,-0.020472159359732414,-0.02068405469995881,1.0,1.0,-0.019979405072170053,4.846353493,1476
129,-0.02518679760697098,-0.019453661134722428,0.00048555188917071565,351.895830333,-0.020537142104876373,-0.020684786802793044,1.0,1.0,-0.020515785560672573,-0.020750040341449737,1.0,1.0,-0.020048074630524902,5.073365529,1499
130,-0.02516080164065347,-0.019445689014362822,0.00048553575278524516,353.296375395,-0.02054136913000058,-0.02068636633627798,1.0,1.0,-0.02052022790884545,-0.020713525514913095,1.0,1.0,-0.020040907714178022,5.014143397,1500
131,-0.025166669036371853,-0.019449138251791804,0.00048551962765379294,328.183844556,-0.0205427405196299,-0.020685955167956366,1.0,1.0,-0.02051795777868805,-0.020705746641149273,1.0,1.0,-0.020044335448835694,4.872894128,1501
132,-0.025166669036371853,-0.019449138251791804,0.00048513596134614265,328.183844556,-0.0205427405196299,-0.020685955167956366,1.0,1.0,-0.020493788290093677,-0.020678180218538865,1.0,1.0,-0.019994005250668533,4.883949486,1525
133,-0.025166669036371853,-0.019449138251791804,0.0004851201126674683,328.183844556,-0.0205427405196299,-0.020685955167956366,1.0,1.0,-0.020497155793681766,-0.020676794249911232,1.0,1.0,-0.01999740657814842,5.251654096,1526
134,-0.025166669036371853,-0.019449138251791804,0.0004847429710256775,328.183844556,-0.0205427405196299,-0.020685955167956366,1.0,1.0,-0.02048552401010784,-0.020685522887829256,1.0,1.0,-0.019950721181455123,5.062728945,1550
135,-0.025166669036371853,-0.019449138251791804,0.0004847273896950117,328.183844556,-0.0205427405196299,-0.020685955167956366,1.0,1.0,-0.02050129733955381,-0.020692379833634054,1.0,1.0,-0.019935280110464797,5.267135895,1551
136,-0.025166669036371853,-0.019449138251791804,0.0004843565595334825,328.183844556,-0.0205427405196299,-0.020685955167956366,1.0,1.0,-0.020578031448371323,-0.020692585621860188,1.0,1.0,-0.019894960951660944,5.426595537,1575
137,-0.025166669036371853,-0.019449138251791804,0.00048434123688513304,328.183844556,-0.0205427405196299,-0.020685955167956366,1.0,1.0,-0.02057976546011604,-0.020693534439722584,1.0,1.0,-0.01989825851137833,5.271167505,1576
138,-0.025203529374903687,-0.019381033872413155,0.0004839765152192924,368.619821955,-0.020574719011073037,-0.020666825199218603,1.0,1.0,-0.020576917890731412,-0.0206971910227602,1.0,1.0,-0.019976730765332018,5.992809765,1600
139,-0.02520612261422486,-0.0193843384253369,0.0004839614429989649,380.66230185,-0.020575804373747557,-0.020666913081314943,1.0,1.0,-0.02055755521001853,-0.020689010145564207,1.0,1.0,-0.019979688929945474,5.187659326,1601
140,-0.02520612261422486,-0.0193843384253369,0.0004836026364071009,380.66230185,-0.020575804373747557,-0.020666913081314943,1.0,1.0,-0.02056142615653,-0.02068501900070726,1.0,1.0,-0.019956255138383446,5.559709365,1625
141,-0.02520612261422486,-0.0193843384253369,0.00048358780674636194,380.66230185,-0.020575804373747557,-0.020666913081314943,1.0,1.0,-0.02055677270398747,-0.02068484215489159,1.0,1.0,-0.019959483526022694,5.66062718,1626
142,-0.02520612261422486,-0.0193843384253369,0.00048323473078048466,380.66230185,-0.020575804373747557,-0.020666913081314943,1.0,1.0,-0.020551396915076195,-0.020681151701655506,1.0,1.0,-0.01992730736301578,6.578113471,1650
143,-0.02520612261422486,-0.0193843384253369,0.0004832201361731716,380.66230185,-0.020575804373747557,-0.020666913081314943,1.0,1.0,-0.020544688731994727,-0.020679794139453724,1.0,1.0,-0.019930522445347265,5.580338972,1651
144,-0.02520612261422486,-0.0193843384253369,0.0004828726148144526,380.66230185,-0.020575804373747557,-0.020666913081314943,1.0,1.0,-0.020519880498379592,-0.02064962734788166,1.0,1.0,-0.019898958727906656,5.176207653,1675
145,-0.02520612261422486,-0.0193843384253369,0.0004828582480948553,380.66230185,-0.020575804373747557,-0.020666913081314943,1.0,1.0,-0.020519880459565716,-0.02064962740118637,1.0,1.0,-0.019902121813277034,5.5354606010000005,1676
146,-0.024999506732167952,-0.01928231048658327,0.00048251611324966583,413.260331291,-0.020531456355084087,-0.020596612945639747,1.0,1.0,-0.02054776950876004,-0.020665237826718724,1.0,1.0,-0.019883587837572433,5.541606633,1700
147,-0.025002839172127304,-0.01928536920988221,0.00048250196757232194,418.535958355,-0.020529746693370286,-0.02059614503583869,1.0,1.0,-0.02054746246715628,-0.02066518131445703,1.0,1.0,-0.019886713450184012,5.296631558,1701
148,-0.025002839172127304,-0.01928536920988221,0.00048216505860529515,418.535958355,-0.020529746693370286,-0.02059614503583869,1.0,1.0,-0.02054671348690742,-0.020631931527752796,1.0,1.0,-0.019818971350133132,5.338861285,1725
149,-0.025002839172127304,-0.01928536920988221,0.00048215112742626013,418.535958355,-0.020529746693370286,-0.02059614503583869,1.0,1.0,-0.02054671316107337,-0.020631931127734503,1.0,1.0,-0.0198220933855432,4.655257429,1726
150,-0.025008230189803273,-0.019189583058745987,0.00048183302188046633,413.201401561,-0.020559748043549396,-0.0205826987756483,1.0,1.0,-0.02054928619012568,-0.020623567418100494,1.0,1.0,-0.01979160927534216,5.9731073420000005,1749
151,-0.02500930615538362,-0.019192594868045917,0.0004818192907271659,439.371864603,-0.02055959210644481,-0.02058253529553162,1.0,1.0,-0.020549185532184624,-0.020623408919242192,1.0,1.0,-0.01979469813355196,5.810155105,1750
152,-0.02500930615538362,-0.019192594868045917,0.00048180556778662883,439.371864603,-0.02055959210644481,-0.02058253529553162,1.0,1.0,-0.020549185350091842,-0.020623408609742135,1.0,1.0,-0.019797782659853883,6.226143834,1751
153,-0.02500930615538362,-0.019192594868045917,0.0004814786563681695,439.371864603,-0.02055959210644481,-0.02058253529553162,1.0,1.0,-0.020549520041316768,-0.02061276256614554,1.0,1.0,-0.019822190193175628,4.877844153,1775
154,-0.02500930615538362,-0.019192594868045917,0.0004814651356743014,439.371864603,-0.02055959210644481,-0.02058253529553162,1.0,1.0,-0.020549520419778856,-0.02061276328343041,1.0,1.0,-0.019825192470094923,6.016184218,1776
155,-0.024917803734494124,-0.019117214224716943,0.0004811430087982202,421.915565393,-0.020537194029142496,-0.020573637971173557,1.0,1.0,-0.02051357353127248,-0.020610767791999707,1.0,1.0,-0.019710196033064734,6.233939674,1800
156,-0.02491988468138328,-0.01912014765112953,0.0004811296846121506,433.844702048,-0.020537411431945127,-0.020574242747764947,1.0,1.0,-0.02051357347117649,-0.020610767884491735,1.0,1.0,-0.01971319625036407,6.156377981,1801
157,-0.02491988468138328,-0.01912014765112953,0.00048081220744129857,433.844702048,-0.020537411431945127,-0.020574242747764947,1.0,1.0,-0.020514889638974722,-0.020605040602546386,1.0,1.0,-0.01971340770330959,6.071644091,1825
158,-0.02491988468138328,-0.01912014765112953,0.0004807990742631292,433.844702048,-0.020537411431945127,-0.020574242747764947,1.0,1.0,-0.020514889550161737,-0.02060504050903021,1.0,1.0,-0.019716357269865214,5.12161527,1826
159,-0.02491988468138328,-0.01912014765112953,0.0004804861175373591,433.844702048,-0.020537411431945127,-0.020574242747764947,1.0,1.0,-0.020526882798812887,-0.02060071655965394,1.0,1.0,-0.019714873928014263,6.119200897,1850
160,-0.02491988468138328,-0.01912014765112953,0.000480473170093128,433.844702048,-0.020537411431945127,-0.020574242747764947,1.0,1.0,-0.020498490366741805,-0.02057973511523129,1.0,1.0,-0.019698679399029636,5.467412385,1851
161,-0.02491988468138328,-0.01912014765112953,0.00048016460982708905,433.844702048,-0.020537411431945127,-0.020574242747764947,1.0,1.0,-0.020545292013609086,-0.02060066434915502,1.0,1.0,-0.019623562824090477,5.867841494,1875
162,-0.02491988468138328,-0.01912014765112953,0.0004801518430566097,433.844702048,-0.020537411431945127,-0.020574242747764947,1.0,1.0,-0.02052129913817451,-0.02058896894388015,1.0,1.0,-0.019624355167425552,6.406258604,1876
163,-0.024741669521473515,-0.019026855271452373,0.00047984756025769147,487.269018468,-0.02052807149492308,-0.020572983001111017,1.0,1.0,-0.020504387227048344,-0.020590510834258658,1.0,1.0,-0.019623077147733644,6.094225711,1900
164,-0.02474515877769601,-0.019029577220118832,0.00047983496930319744,498.829915263,-0.020528345887123232,-0.02057359098812545,1.0,1.0,-0.02049858426526916,-0.020589838959039434,1.0,1.0,-0.019625821848966316,6.693401747,1901
165,-0.02474515877769601,-0.019029577220118832,0.00047953484970803505,498.829915263,-0.020528345887123232,-0.02057359098812545,1.0,1.0,-0.02054123195542453,-0.02060463106112652,1.0,1.0,-0.019680659210551572,7.480272441,1925
166,-0.02474515877769601,-0.019029577220118832,0.00047952242990356725,498.829915263,-0.020528345887123232,-0.02057359098812545,1.0,1.0,-0.020537194238212875,-0.020598846906314007,1.0,1.0,-0.019683383975860898,6.877767855,1926
167,-0.02474515877769601,-0.019029577220118832,0.00047922636373166373,498.829915263,-0.020528345887123232,-0.02057359098812545,1.0,1.0,-0.020542503554728392,-0.020592281491013636,1.0,1.0,-0.019703447967607476,6.312985464,1950
168,-0.02474515877769601,-0.019029577220118832,0.00047921411059314217,498.829915263,-0.020528345887123232,-0.02057359098812545,1.0,1.0,-0.020542503392047315,-0.02059228138166788,1.0,1.0,-0.019706143904561307,6.3299682409999996,1951
169,-0.02474515877769601,-0.019029577220118832,0.0004789219923162926,498.829915263,-0.020528345887123232,-0.02057359098812545,1.0,1.0,-0.020547424372556935,-0.020593044398165755,1.0,1.0,-0.019764837748401622,6.540294549,1975
170,-0.02474515877769601,-0.019029577220118832,0.000478909901532221,498.829915263,-0.020528345887123232,-0.02057359098812545,1.0,1.0,-0.02054884150083791,-0.020596035484919187,1.0,1.0,-0.019735962539881954,6.5554590489999995,1976
171,-0.024989857406217703,-0.019152332930406055,0.0004786335684864002,381.322900694,-0.02058556309229055,-0.020556326129415572,1.0,1.0,-0.020562091682378183,-0.020606118992072854,1.0,1.0,-0.019750199349312315,3.575338034,1999
172,-0.02499491608845267,-0.0191549863296083,0.00047862162965853856,252.300169237,-0.020585634459817325,-0.02055568123281715,1.0,1.0,-0.020566875887978866,-0.020613744388944727,1.0,1.0,-0.019752880290870536,3.756543678,2000
173,-0.047186030963331134,-0.04612957829909085,0.00036907233383623537,0.055181673,0.0651552013545354,0.06269184435534614,0.0,0.0,,,0.0,0.0,,,0
174,-0.03794944000701637,-0.03701276097642929,0.0003657231307047312,0.073874895,0.012774145928900414,0.00942311482930866,0.0,0.0,,,0.0,0.0,,,1
175,-0.0348809185639175,-0.03405557357468895,0.00035838338393630494,0.106639517,0.0061010546580311685,-0.0011014008977989177,0.0,0.0,,,0.0,0.0,,,4
176,-0.03488092021301539,-0.03405991204574308,0.00035650037525349824,0.116672627,0.006101060985952449,-0.0011013959330616625,0.0,0.0,,,0.0,0.0,,,5
177,-0.029148867752664998,-0.028454875352592716,0.0003505529204351857,0.199279505,0.0015244256031416601,-0.0006348049582131171,0.0,0.0,,,0.0,0.0,,,9
178,-0.028559285294691133,-0.027993590589196295,0.00034934572120641207,0.266668478,-0.005534050692472367,-0.00963227828277206,0.0,0.0,,,0.0,0.0,,,10
179,-0.026805141470881786,-0.025606388167017848,0.00034524095659169694,0.277056559,-0.007271596718572918,-0.010061950130849989,0.0,0.0,,,0.0,0.0,,,14
180,-0.02726907280750446,-0.02564355326864405,0.0003443566637326939,0.288263495,-0.008086035349630547,-0.011152553804190463,0.0,0.0,,,0.0,0.0,,,15
181,-0.029116076149084225,-0.025859752169403595,0.00034123174671564217,0.408961681,-0.007851401644308628,-0.010809238520810331,0.0,0.0,,,0.0,0.0,,,19
182,-0.02840358822934072,-0.025783376529612295,0.00034053596900831385,0.393678475,-0.007897593770716593,-0.010293203899463137,0.0,0.0,,,0.0,0.0,,,20
183,-0.02840358822934072,-0.025783376529612295,0.00033744572346772417,0.393678475,-0.007897593770716593,-0.010293203899463137,0.0,0.0,,,0.0,0.0,,,25
184,-0.02840358822934072,-0.025783376529612295,0.0003368929374611813,0.393678475,-0.007897593770716593,-0.010293203899463137,0.0,0.0,,,0.0,0.0,,,26
185,-0.02840358822934072,-0.025783376529612295,0.0003273722451570167,0.393678475,-0.007897593770716593,-0.010293203899463137,0.0,0.0,,,0.0,0.0,,,50
186,-0.02840358822934072,-0.025783376529612295,0.00032707744004560575,0.393678475,-0.007897593770716593,-0.010293203899463137,0.0,0.0,,,0.0,0.0,,,51
187,-0.02840358822934072,-0.025783376529612295,0.0003212961281181499,0.393678475,-0.007897593770716593,-0.010293203899463137,0.0,0.0,,,0.0,0.0,,,75
188,-0.02840358822934072,-0.025783376529612295,0.00032109662470409227,0.393678475,-0.007897593770716593,-0.010293203899463137,0.0,0.0,,,0.0,0.0,,,76
189,-0.028284182166182763,-0.022793156574786397,0.0003169571304631307,19.714165071,-0.018008572128423602,-0.017424748784211755,0.0,0.0,,,0.0,0.0,,,100
190,-0.02834386973447691,-0.02284000921324364,0.00031680694828019193,19.295957928,-0.01790207977956774,-0.01736874708922298,0.0,0.0,,,0.0,0.0,,,101
191,-0.02834386973447691,-0.02284000921324364,0.00031359044666928336,19.295957928,-0.01790207977956774,-0.01736874708922298,0.0,0.0,,,0.0,0.0,,,125
192,-0.02834386973447691,-0.02284000921324364,0.0003134703194993806,19.295957928,-0.01790207977956774,-0.01736874708922298,0.0,0.0,,,0.0,0.0,,,126
193,-0.02834386973447691,-0.02284000921324364,0.0003108446567043577,19.295957928,-0.01790207977956774,-0.01736874708922298,0.0,0.0,,,0.0,0.0,,,150
194,-0.02834386973447691,-0.02284000921324364,0.000310744722377035,19.295957928,-0.01790207977956774,-0.01736874708922298,0.0,0.0,,,0.0,0.0,,,151
195,-0.02834386973447691,-0.02284000921324364,0.0003085292660738477,19.295957928,-0.01790207977956774,-0.01736874708922298,0.0,0.0,,,0.0,0.0,,,175
196,-0.02834386973447691,-0.02284000921324364,0.0003084438125208363,19.295957928,-0.01790207977956774,-0.01736874708922298,0.0,0.0,,,0.0,0.0,,,176
197,-0.0243228852883592,-0.020176926954792195,0.0003065295151565002,12.158296364,-0.020362149441381282,-0.019999358442898775,1.0,0.0,,,0.0,0.0,,,200
198,-0.024362867850891142,-0.020195332555205125,0.00030645494269124034,12.790346745,-0.020368574691068612,-0.01999610129917446,1.0,0.0,,,0.0,0.0,,,201
199,-0.024362867850891142,-0.020195332555205125,0.0003047709715748628,12.790346745,-0.020368574691068612,-0.01999610129917446,1.0,0.0,,,0.0,0.0,,,225
200,-0.024362867850891142,-0.020195332555205125,0.00030470486780122567,12.790346745,-0.020368574691068612,-0.01999610129917446,1.0,0.0,,,0.0,0.0,,,226
201,-0.024362867850891142,-0.020195332555205125,0.00030320264272753225,12.790346745,-0.020368574691068612,-0.01999610129917446,1.0,0.0,,,0.0,0.0,,,250
202,-0.024362867850891142,-0.020195332555205125,0.00030314331330207967,12.790346745,-0.020368574691068612,-0.01999610129917446,1.0,0.0,,,0.0,0.0,,,251
203,-0.024362867850891142,-0.020195332555205125,0.0003017880853570326,12.790346745,-0.020368574691068612,-0.01999610129917446,1.0,0.0,,,0.0,0.0,,,275
204,-0.024362867850891142,-0.020195332555205125,0.0003017342954266938,12.790346745,-0.020368574691068612,-0.01999610129917446,1.0,0.0,,,0.0,0.0,,,276
205,-0.023916620224364353,-0.019477372815719908,0.0003005003618930738,18.950384266,-0.02012972611958272,-0.02011053778808577,1.0,1.0,,,0.0,0.0,,,300
206,-0.0239697086622051,-0.019490744368018682,0.00030045118414501496,25.142543078,-0.02010861286958928,-0.020123270131428197,1.0,1.0,,,0.0,0.0,,,301
207,-0.0239697086622051,-0.019490744368018682,0.0002993190060116523,25.142543078,-0.02010861286958928,-0.020123270131428197,1.0,1.0,,,0.0,0.0,,,325
208,-0.0239697086622051,-0.019490744368018682,0.0002992737266479463,25.142543078,-0.02010861286958928,-0.020123270131428197,1.0,1.0,,,0.0,0.0,,,326
209,-0.0239697086622051,-0.019490744368018682,0.0002982281082561808,25.142543078,-0.02010861286958928,-0.020123270131428197,1.0,1.0,,,0.0,0.0,,,350
210,-0.0239697086622051,-0.019490744368018682,0.00029818616629648763,25.142543078,-0.02010861286958928,-0.020123270131428197,1.0,1.0,,,0.0,0.0,,,351
211,-0.0239697086622051,-0.019490744368018682,0.0002972150599895014,25.142543078,-0.02010861286958928,-0.020123270131428197,1.0,1.0,,,0.0,0.0,,,375
212,-0.0239697086622051,-0.019490744368018682,0.0002971760066775477,25.142543078,-0.02010861286958928,-0.020123270131428197,1.0,1.0,,,0.0,0.0,,,376
213,-0.02416052002964844,-0.019328928830367784,0.0002962697016661928,36.307995818,-0.0200960047449835,-0.019953667236508446,1.0,1.0,,,0.0,0.0,,,400
214,-0.024164648239080093,-0.019339990092817633,0.0002962331724939554,41.874281034,-0.020090616566016694,-0.019950199582157265,1.0,1.0,,,0.0,0.0,,,401
215,-0.024164648239080093,-0.019339990092817633,0.00029538372880478624,41.874281034,-0.020090616566016694,-0.019950199582157265,1.0,1.0,,,0.0,0.0,,,425
216,-0.024164648239080093,-0.019339990092817633,0.0002953494237282769,41.874281034,-0.020090616566016694,-0.019950199582157265,1.0,1.0,,,0.0,0.0,,,426
217,-0.024164648239080093,-0.019339990092817633,0.0002945502675082925,41.874281034,-0.020090616566016694,-0.019950199582157265,1.0,1.0,,,0.0,0.0,,,450
218,-0.024164648239080093,-0.019339990092817633,0.0002945179366389099,41.874281034,-0.020090616566016694,-0.019950199582157265,1.0,1.0,,,0.0,0.0,,,451
219,-0.024164648239080093,-0.019339990092817633,0.00029376356464669545,41.874281034,-0.020090616566016694,-0.019950199582157265,1.0,1.0,,,0.0,0.0,,,475
220,-0.024164648239080093,-0.019339990092817633,0.0002937329976969627,41.874281034,-0.020090616566016694,-0.019950199582157265,1.0,1.0,,,0.0,0.0,,,476
221,-0.02397046556199959,-0.018941604063565303,0.0002930187574721426,55.95907766,-0.020269435421614097,-0.020135951731113332,1.0,1.0,,,0.0,0.0,,,500
222,-0.02391882944401089,-0.01890435538056761,0.00029298977583396577,59.36287058,-0.020266577315190482,-0.020150690787580857,1.0,1.0,,,0.0,0.0,,,501
223,-0.02391882944401089,-0.01890435538056761,0.0002923116994432648,59.36287058,-0.020266577315190482,-0.020150690787580857,1.0,1.0,,,0.0,0.0,,,525
224,-0.02391882944401089,-0.01890435538056761,0.000292284150149096,59.36287058,-0.020266577315190482,-0.020150690787580857,1.0,1.0,,,0.0,0.0,,,526
225,-0.02391882944401089,-0.01890435538056761,0.00029163882658369677,59.36287058,-0.020266577315190482,-0.020150690787580857,1.0,1.0,,,0.0,0.0,,,550
226,-0.02391882944401089,-0.01890435538056761,0.000291612577638542,59.36287058,-0.020266577315190482,-0.020150690787580857,1.0,1.0,,,0.0,0.0,,,551
227,-0.02391882944401089,-0.01890435538056761,0.00029099705356992137,59.36287058,-0.020266577315190482,-0.020150690787580857,1.0,1.0,,,0.0,0.0,,,575
228,-0.02391882944401089,-0.01890435538056761,0.0002909719902974224,59.36287058,-0.020266577315190482,-0.020150690787580857,1.0,1.0,,,0.0,0.0,,,576
229,-0.02396679589103743,-0.019111943220273153,0.00029038369195860783,81.856932448,-0.020219895668910783,-0.02020454017993952,1.0,1.0,,,0.0,0.0,,,600
230,-0.024007807334482757,-0.019119450161769896,0.0002903597141081645,81.174954433,-0.020233739394995957,-0.02022227669324788,1.0,1.0,,,0.0,0.0,,,601
231,-0.024007807334482757,-0.019119450161769896,0.00028979638513041024,81.174954433,-0.020233739394995957,-0.02022227669324788,1.0,1.0,,,0.0,0.0,,,625
232,-0.024007807334482757,-0.019119450161769896,0.00028977340456296836,81.174954433,-0.020233739394995957,-0.02022227669324788,1.0,1.0,,,0.0,0.0,,,626
233,-0.024007807334482757,-0.019119450161769896,0.0002892330560150669,81.174954433,-0.020233739394995957,-0.02022227669324788,1.0,1.0,,,0.0,0.0,,,650
234,-0.024007807334482757,-0.019119450161769896,0.0002892109948341838,81.174954433,-0.020233739394995957,-0.02022227669324788,1.0,1.0,,,0.0,0.0,,,651
235,-0.024007807334482757,-0.019119450161769896,0.0002886918647018046,81.174954433,-0.020233739394995957,-0.02022227669324788,1.0,1.0,,,0.0,0.0,,,675
236,-0.024007807334482757,-0.019119450161769896,0.0002886706537311186,81.174954433,-0.020233739394995957,-0.02022227669324788,1.0,1.0,,,0.0,0.0,,,676
237,-0.024328427140901745,-0.019257004144423263,0.0002881711737761597,104.410872125,-0.020152084462432968,-0.02031259950042671,1.0,1.0,,,0.0,0.0,,,700
238,-0.024328481741988674,-0.019263724111355088,0.0002881507513090677,107.298390681,-0.020152112770199217,-0.020312614750100516,1.0,1.0,,,0.0,0.0,,,701
239,-0.024328481741988674,-0.019263724111355088,0.0002876695197546559,107.298390681,-0.020152112770199217,-0.020312614750100516,1.0,1.0,,,0.0,0.0,,,725
240,-0.024328481741988674,-0.019263724111355088,0.00028764983051988893,107.298390681,-0.020152112770199217,-0.020312614750100516,1.0,1.0,,,0.0,0.0,,,726
241,-0.024328481741988674,-0.019263724111355088,0.0002871855893753516,107.298390681,-0.020152112770199217,-0.020312614750100516,1.0,1.0,,,0.0,0.0,,,750
242,-0.024328481741988674,-0.019263724111355088,0.00028716658367526236,107.298390681,-0.020152112770199217,-0.020312614750100516,1.0,1.0,,,0.0,0.0,,,751
243,-0.024328481741988674,-0.019263724111355088,0.0002867181997874633,107.298390681,-0.020152112770199217,-0.020312614750100516,1.0,1.0,,,0.0,0.0,,,775
244,-0.024328481741988674,-0.019263724111355088,0.000286699832775586,107.298390681,-0.020152112770199217,-0.020312614750100516,1.0,1.0,,,0.0,0.0,,,776
245,-0.02406440721850254,-0.01904908398180173,0.0002862662818960525,123.200765502,-0.02033418807961148,-0.020345457286771295,1.0,1.0,,,0.0,0.0,,,800
246,-0.02408903670764161,-0.019054925479038955,0.0002862485129678026,129.615277138,-0.02034265071956314,-0.020352711661801522,1.0,1.0,,,0.0,0.0,,,801
247,-0.02408903670764161,-0.019054925479038955,0.0002858288662781458,129.615277138,-0.02034265071956314,-0.020352711661801522,1.0,1.0,,,0.0,0.0,,,825
248,-0.02408903670764161,-0.019054925479038955,0.00028581165855407224,129.615277138,-0.02034265071956314,-0.020352711661801522,1.0,1.0,,,0.0,0.0,,,826
249,-0.02408903670764161,-0.019054925479038955,0.0002854050712087477,129.615277138,-0.02034265071956314,-0.020352711661801522,1.0,1.0,,,0.0,0.0,,,850
250,-0.02408903670764161,-0.019054925479038955,0.0002853883910939864,129.615277138,-0.02034265071956314,-0.020352711661801522,1.0,1.0,,,0.0,0.0,,,851
251,-0.02408903670764161,-0.019054925479038955,0.0002849940924289578,129.615277138,-0.02034265071956314,-0.020352711661801522,1.0,1.0,,,0.0,0.0,,,875
252,-0.02408903670764161,-0.019054925479038955,0.00028497790923580677,129.615277138,-0.02034265071956314,-0.020352711661801522,1.0,1.0,,,0.0,0.0,,,876
253,-0.024094483289377907,-0.019064027126406403,0.0002845951943610282,147.643878236,-0.020416099938932664,-0.020570182766793232,1.0,1.0,,,0.0,0.0,,,900
254,-0.02415488402709305,-0.019067394858472378,0.00028457947998410804,157.350547614,-0.020333387954511676,-0.020550987848722196,1.0,1.0,,,0.0,0.0,,,901
255,-0.02415488402709305,-0.019067394858472378,0.0002842077025318878,157.350547614,-0.020333387954511676,-0.020550987848722196,1.0,1.0,,,0.0,0.0,,,925
256,-0.02415488402709305,-0.019067394858472378,0.0002841924311673453,157.350547614,-0.020333387954511676,-0.020550987848722196,1.0,1.0,,,0.0,0.0,,,926
257,-0.02415488402709305,-0.019067394858472378,0.0002838309970112453,157.350547614,-0.020333387954511676,-0.020550987848722196,1.0,1.0,,,0.0,0.0,,,950
258,-0.02415488402709305,-0.019067394858472378,0.0002838161449130348,157.350547614,-0.020333387954511676,-0.020550987848722196,1.0,1.0,,,0.0,0.0,,,951
259,-0.02415488402709305,-0.019067394858472378,0.0002834645067057027,157.350547614,-0.020333387954511676,-0.020550987848722196,1.0,1.0,,,0.0,0.0,,,975
260,-0.02415488402709305,-0.019067394858472378,0.000283450051973227,157.350547614,-0.020333387954511676,-0.020550987848722196,1.0,1.0,,,0.0,0.0,,,976
261,-0.024570304808480846,-0.019185357348886146,0.0002831077043784572,172.562788768,-0.02026707713277906,-0.020508962581120525,1.0,1.0,,,0.0,0.0,,,1000
262,-0.024588208830619317,-0.019190405641160053,0.00028309362677085646,180.560742769,-0.020269800361413636,-0.020510352869915854,1.0,1.0,,,0.0,0.0,,,1001
263,-0.024588208830619317,-0.019190405641160053,0.0002827601022867645,180.560742769,-0.020269800361413636,-0.020510352869915854,1.0,1.0,,,0.0,0.0,,,1025
264,-0.024588208830619317,-0.019190405641160053,0.0002827463830599423,180.560742769,-0.020269800361413636,-0.020510352869915854,1.0,1.0,,,0.0,0.0,,,1026
265,-0.024588208830619317,-0.019190405641160053,0.00028242124834755664,180.560742769,-0.020269800361413636,-0.020510352869915854,1.0,1.0,,,0.0,0.0,,,1050
266,-0.024588208830619317,-0.019190405641160053,0.00028240787011068775,180.560742769,-0.020269800361413636,-0.020510352869915854,1.0,1.0,,,0.0,0.0,,,1051
267,-0.024588208830619317,-0.019190405641160053,0.00028209072275640147,180.560742769,-0.020269800361413636,-0.020510352869915854,1.0,1.0,,,0.0,0.0,,,1075
268,-0.024588208830619317,-0.019190405641160053,0.0002820776693451967,180.560742769,-0.020269800361413636,-0.020510352869915854,1.0,1.0,,,0.0,0.0,,,1076
269,-0.024907147967136802,-0.01934895657629718,0.00028176813499705905,219.9166057,-0.02030920222138028,-0.02052058809517339,1.0,1.0,,,0.0,0.0,,,1100
270,-0.024922514233400507,-0.019353713179617003,0.00028175539136149395,215.80820828,-0.020304230567479885,-0.020517626116350312,1.0,1.0,,,0.0,0.0,,,1101
271,-0.024922514233400507,-0.019353713179617003,0.0002814531211887803,215.80820828,-0.020304230567479885,-0.020517626116350312,1.0,1.0,,,0.0,0.0,,,1125
272,-0.024922514233400507,-0.019353713179617003,0.0002814406732933558,215.80820828,-0.020304230567479885,-0.020517626116350312,1.0,1.0,,,0.0,0.0,,,1126
273,-0.024922514233400507,-0.019353713179617003,0.00028114534172664975,215.80820828,-0.020304230567479885,-0.020517626116350312,1.0,1.0,,,0.0,0.0,,,1150
274,-0.024922514233400507,-0.019353713179617003,0.0002811331764615439,215.80820828,-0.020304230567479885,-0.020517626116350312,1.0,1.0,,,0.0,0.0,,,1151
275,-0.024922514233400507,-0.019353713179617003,0.00028084447917701706,215.80820828,-0.020304230567479885,-0.020517626116350312,1.0,1.0,,,0.0,0.0,,,1175
276,-0.024922514233400507,-0.019353713179617003,0.0002808325842787333,215.80820828,-0.020304230567479885,-0.020517626116350312,1.0,1.0,,,0.0,0.0,,,1176
277,-0.024917109559738793,-0.019473832998553223,0.00028055023639567145,246.945414224,-0.020409361934520795,-0.02058212053296928,1.0,1.0,,,0.0,0.0,,,1200
278,-0.024919597091090456,-0.019478086289051892,0.0002805386003759936,250.034319531,-0.020412465353084174,-0.020584209193849286,1.0,1.0,,,0.0,0.0,,,1201
279,-0.024919597091090456,-0.019478086289051892,0.00028026233484109645,250.034319531,-0.020412465353084174,-0.020584209193849286,1.0,1.0,,,0.0,0.0,,,1225
280,-0.024919597091090456,-0.019478086289051892,0.0002802509469233286,250.034319531,-0.020412465353084174,-0.020584209193849286,1.0,1.0,,,0.0,0.0,,,1226
281,-0.02490672231388329,-0.01944747401270341,0.0002799916723299869,270.427201608,-0.020461839660419753,-0.02061630194101478,1.0,1.0,,,0.0,0.0,,,1249
282,-0.024906902566804716,-0.019451575349958155,0.00027998051305906283,257.67567484,-0.02046168127078553,-0.020616240666058157,1.0,1.0,,,0.0,0.0,,,1250
283,-0.024906902566804716,-0.019451575349958155,0.0002799693631206776,257.67567484,-0.02046168127078553,-0.020616240666058157,1.0,1.0,,,0.0,0.0,,,1251
284,-0.024906902566804716,-0.019451575349958155,0.000279704525318119,257.67567484,-0.02046168127078553,-0.020616240666058157,1.0,1.0,,,0.0,0.0,,,1275
285,-0.024906902566804716,-0.019451575349958155,0.0002796936038390578,257.67567484,-0.02046168127078553,-0.020616240666058157,1.0,1.0,,,0.0,0.0,,,1276
286,-0.024989401650650184,-0.019474025995294453,0.00027943414037832686,291.303293247,-0.020492055228980746,-0.020622683800344665,1.0,1.0,,,0.0,0.0,,,1300
287,-0.02501465045286933,-0.01947801744468598,0.0002794234383942972,275.989355579,-0.020491362761013664,-0.02062430145228938,1.0,1.0,,,0.0,0.0,,,1301
288,-0.02501465045286933,-0.01947801744468598,0.00027916914037794886,275.989355579,-0.020491362761013664,-0.02062430145228938,1.0,1.0,,,0.0,0.0,,,1325
289,-0.02501465045286933,-0.01947801744468598,0.00027915864943815115,275.989355579,-0.020491362761013664,-0.02062430145228938,1.0,1.0,,,0.0,0.0,,,1326
290,-0.02501465045286933,-0.01947801744468598,0.00027890931982480177,275.989355579,-0.020491362761013664,-0.02062430145228938,1.0,1.0,,,0.0,0.0,,,1350
291,-0.02501465045286933,-0.01947801744468598,0.0002788990319535916,275.989355579,-0.020491362761013664,-0.02062430145228938,1.0,1.0,,,0.0,0.0,,,1351
292,-0.02501465045286933,-0.01947801744468598,0.0002786544846807037,275.989355579,-0.020491362761013664,-0.02062430145228938,1.0,1.0,,,0.0,0.0,,,1375
293,-0.02501465045286933,-0.01947801744468598,0.0002786443923427586,275.989355579,-0.020491362761013664,-0.02062430145228938,1.0,1.0,,,0.0,0.0,,,1376
294,-0.02516943725468729,-0.019642228701556068,0.000278404451528905,305.078124477,-0.020497474635996226,-0.020653185152521014,1.0,1.0,,,0.0,0.0,,,1400
295,-0.02518820593367548,-0.019645947647506195,0.0002783945475975184,321.457370078,-0.020502196050375156,-0.02065763449520114,1.0,1.0,,,0.0,0.0,,,1401
296,-0.02518820593367548,-0.019645947647506195,0.00027815904681565106,321.457370078,-0.020502196050375156,-0.02065763449520114,1.0,1.0,,,0.0,0.0,,,1425
297,-0.02518820593367548,-0.019645947647506195,0.0002781493245438238,321.457370078,-0.020502196050375156,-0.02065763449520114,1.0,1.0,,,0.0,0.0,,,1426
298,-0.02518820593367548,-0.019645947647506195,0.00027791810615810617,321.457370078,-0.020502196050375156,-0.02065763449520114,1.0,1.0,,,0.0,0.0,,,1450
299,-0.02518820593367548,-0.019645947647506195,0.00027790855915214396,321.457370078,-0.020502196050375156,-0.02065763449520114,1.0,1.0,,,0.0,0.0,,,1451
300,-0.02518820593367548,-0.019645947647506195,0.00027768147371180036,321.457370078,-0.020502196050375156,-0.02065763449520114,1.0,1.0,,,0.0,0.0,,,1475
301,-0.02518820593367548,-0.019645947647506195,0.00027767209590716206,321.457370078,-0.020502196050375156,-0.02065763449520114,1.0,1.0,,,0.0,0.0,,,1476
302,-0.0252166498457967,-0.0196936004531211,0.0002774582223832661,340.023764844,-0.020563910941331153,-0.0207297006994421,1.0,1.0,,,0.0,0.0,,,1499
303,-0.025198993867377405,-0.019685865604639387,0.0002774490015915687,352.408553994,-0.0205717970312191,-0.020706763984577426,1.0,1.0,,,0.0,0.0,,,1500
304,-0.025204361844840508,-0.019689319565495963,0.0002774397872307388,335.613158155,-0.02057132823550434,-0.020706748553366204,1.0,1.0,,,0.0,0.0,,,1501
305,-0.025204361844840508,-0.019689319565495963,0.00027722054934065294,335.613158155,-0.02057132823550434,-0.020706748553366204,1.0,1.0,,,0.0,0.0,,,1525
306,-0.025204361844840508,-0.019689319565495963,0.00027721149295283906,335.613158155,-0.02057132823550434,-0.020706748553366204,1.0,1.0,,,0.0,0.0,,,1526
307,-0.025204361844840508,-0.019689319565495963,0.0002769959834432443,335.613158155,-0.02057132823550434,-0.020706748553366204,1.0,1.0,,,0.0,0.0,,,1550
308,-0.025204361844840508,-0.019689319565495963,0.000276987079825721,335.613158155,-0.02057132823550434,-0.020706748553366204,1.0,1.0,,,0.0,0.0,,,1551
309,-0.025204361844840508,-0.019689319565495963,0.0002767751768762757,335.613158155,-0.02057132823550434,-0.020706748553366204,1.0,1.0,,,0.0,0.0,,,1575
310,-0.025204361844840508,-0.019689319565495963,0.0002767664210772189,335.613158155,-0.02057132823550434,-0.020706748553366204,1.0,1.0,,,0.0,0.0,,,1576
311,-0.025190456461313068,-0.019621020605465497,0.0002765580086967385,374.046350381,-0.020558936090922204,-0.02069272822411066,1.0,1.0,,,0.0,0.0,,,1600
312,-0.025190474373913266,-0.019624292667331747,0.00027654939599940857,379.571591635,-0.020558939835438387,-0.020692736578926764,1.0,1.0,,,0.0,0.0,,,1601
313,-0.025190474373913266,-0.019624292667331747,0.0002763443636612006,379.571591635,-0.020558939835438387,-0.020692736578926764,1.0,1.0,,,0.0,0.0,,,1625
314,-0.025190474373913266,-0.019624292667331747,0.0002763358895693497,379.571591635,-0.020558939835438387,-0.020692736578926764,1.0,1.0,,,0.0,0.0,,,1626
315,-0.025190474373913266,-0.019624292667331747,0.0002761341318745627,379.571591635,-0.020558939835438387,-0.020692736578926764,1.0,1.0,,,0.0,0.0,,,1650
316,-0.025190474373913266,-0.019624292667331747,0.0002761257920989552,379.571591635,-0.020558939835438387,-0.020692736578926764,1.0,1.0,,,0.0,0.0,,,1651
317,-0.025190474373913266,-0.019624292667331747,0.00027592720846540155,379.571591635,-0.020558939835438387,-0.020692736578926764,1.0,1.0,,,0.0,0.0,,,1675
318,-0.025190474373913266,-0.019624292667331747,0.0002759189989113459,379.571591635,-0.020558939835438387,-0.020692736578926764,1.0,1.0,,,0.0,0.0,,,1676
319,-0.025086023726385156,-0.01952213013033402,0.00027572349328552334,404.337040885,-0.020524673420276387,-0.020629399165777683,1.0,1.0,,,0.0,0.0,,,1700
320,-0.025086039414082315,-0.01952521198760305,0.00027571541004132685,409.705715666,-0.020524689365568186,-0.020629402167840805,1.0,1.0,,,0.0,0.0,,,1701
321,-0.025086039414082315,-0.01952521198760305,0.0002755228906315972,409.705715666,-0.020524689365568186,-0.020629402167840805,1.0,1.0,,,0.0,0.0,,,1725
322,-0.025086039414082315,-0.01952521198760305,0.0002755149299578629,409.705715666,-0.020524689365568186,-0.020629402167840805,1.0,1.0,,,0.0,0.0,,,1726
323,-0.02512191855958561,-0.019429613225052333,0.0002753331553602665,405.406296458,-0.020502349469756705,-0.020603124599162692,1.0,1.0,,,0.0,0.0,,,1749
324,-0.025139571428810948,-0.019432681018020672,0.00027532530898695195,394.144367487,-0.02049924704639305,-0.020599425901108404,1.0,1.0,,,0.0,0.0,,,1750
325,-0.025139571428810948,-0.019432681018020672,0.00027531746730664506,394.144367487,-0.02049924704639305,-0.020599425901108404,1.0,1.0,,,0.0,0.0,,,1751
326,-0.025139571428810948,-0.019432681018020672,0.00027513066078181116,394.144367487,-0.02049924704639305,-0.020599425901108404,1.0,1.0,,,0.0,0.0,,,1775
327,-0.025139571428810948,-0.019432681018020672,0.00027512293467102936,394.144367487,-0.02049924704639305,-0.020599425901108404,1.0,1.0,,,0.0,0.0,,,1776
328,-0.02494014549205936,-0.019354599828070435,0.0002749388621704116,422.174168357,-0.02050495292984084,-0.02059174172138019,1.0,1.0,,,0.0,0.0,,,1800
329,-0.02494172073993639,-0.019357518180928023,0.0002749312483498004,417.176751405,-0.020505133140771098,-0.020591585283759137,1.0,1.0,,,0.0,0.0,,,1801
330,-0.02494172073993639,-0.019357518180928023,0.0002747498328235992,417.176751405,-0.020505133140771098,-0.020591585283759137,1.0,1.0,,,0.0,0.0,,,1825
331,-0.02494172073993639,-0.019357518180928023,0.00027474232815035955,417.176751405,-0.020505133140771098,-0.020591585283759137,1.0,1.0,,,0.0,0.0,,,1826
332,-0.02494172073993639,-0.019357518180928023,0.00027456349573563377,417.176751405,-0.020505133140771098,-0.020591585283759137,1.0,1.0,,,0.0,0.0,,,1850
333,-0.02494172073993639,-0.019357518180928023,0.00027455609719607315,417.176751405,-0.020505133140771098,-0.020591585283759137,1.0,1.0,,,0.0,0.0,,,1851
334,-0.02494172073993639,-0.019357518180928023,0.0002743797770440509,417.176751405,-0.020505133140771098,-0.020591585283759137,1.0,1.0,,,0.0,0.0,,,1875
335,-0.02494172073993639,-0.019357518180928023,0.0002743724817466341,417.176751405,-0.020505133140771098,-0.020591585283759137,1.0,1.0,,,0.0,0.0,,,1876
336,-0.02472825350221269,-0.01926641209578969,0.000274198605861538,459.991393858,-0.020502345048531247,-0.020566104728214706,1.0,1.0,,,0.0,0.0,,,1900
337,-0.02472883134747585,-0.019269111084264053,0.00027419141103039854,476.920927047,-0.020501928601352207,-0.02056635967801035,1.0,1.0,,,0.0,0.0,,,1901
338,-0.02472883134747585,-0.019269111084264053,0.0002740199141188772,476.920927047,-0.020501928601352207,-0.02056635967801035,1.0,1.0,,,0.0,0.0,,,1925
339,-0.02472883134747585,-0.019269111084264053,0.00027401281708775273,476.920927047,-0.020501928601352207,-0.02056635967801035,1.0,1.0,,,0.0,0.0,,,1926
340,-0.02472883134747585,-0.019269111084264053,0.0002738436364180936,476.920927047,-0.020501928601352207,-0.02056635967801035,1.0,1.0,,,0.0,0.0,,,1950
341,-0.02472883134747585,-0.019269111084264053,0.0002738366346246527,476.920927047,-0.020501928601352207,-0.02056635967801035,1.0,1.0,,,0.0,0.0,,,1951
342,-0.02472883134747585,-0.019269111084264053,0.00027366970989502437,476.920927047,-0.020501928601352207,-0.02056635967801035,1.0,1.0,,,0.0,0.0,,,1975
343,-0.02472883134747585,-0.019269111084264053,0.0002736628008755549,476.920927047,-0.020501928601352207,-0.02056635967801035,1.0,1.0,,,0.0,0.0,,,1976
344,-0.025003488454674348,-0.019392271391235987,0.000273504896277943,526.376313497,-0.020572596912276246,-0.0205691380763293,1.0,1.0,,,0.0,0.0,,,1999
345,-0.025007973274675546,-0.019394909420012516,0.00027349807409059347,442.314203302,-0.020571144852859533,-0.020567665409088207,1.0,1.0,,,0.0,0.0,,,2000
346,-0.047186028526886005,-0.0466578017021696,0.00018453616691811768,0.056224098,0.06515520766987079,0.06269186057276953,0.0,0.0,,,0.0,0.0,,,0
347,-0.037949812612237746,-0.03748128310168137,0.0001828615653523656,0.070320887,0.012736184966484125,0.009398381392010654,0.0,0.0,,,0.0,0.0,,,1
348,-0.034898054984638965,-0.03447492897385634,0.00017919169196815247,0.103834283,0.006538219447905653,-0.0007839768026563315,0.0,0.0,,,0.0,0.0,,,4
349,-0.03489805625628288,-0.034477153412934704,0.00017825018762674912,0.11520956,0.006538228078937777,-0.0007839702625223302,0.0,0.0,,,0.0,0.0,,,5
350,-0.02915837539718977,-0.028804224387442734,0.00017527646021759286,0.190845673,0.0016703637946350047,-0.0002745508536126519,0.0,0.0,,,0.0,0.0,,,9
351,-0.028596614502786825,-0.028288021658907748,0.00017467286060320603,0.208794982,-0.006708840520253579,-0.011037467642188522,0.0,0.0,,,0.0,0.0,,,10
352,-0.027418780372260147,-0.025986518596938703,0.00017262047829584847,0.260732968,-0.008427734277089545,-0.011545157792126943,0.0,0.0,,,0.0,0.0,,,14
353,-0.027609980723384917,-0.026044914665785228,0.00017217833186634695,0.326175942,-0.008779749394731617,-0.011837105222699842,0.0,0.0,,,0.0,0.0,,,15
354,-0.029109977256625588,-0.026258161746982825,0.00017061587335782109,0.383432015,-0.008476095351499437,-0.01144596488422724,0.0,0.0,,,0.0,0.0,,,19
355,-0.028323811746922386,-0.026124832963895228,0.00017026798450415692,0.394640461,-0.007487768689949863,-0.009641001135571392,0.0,0.0,,,0.0,0.0,,,20
356,-0.028323811746922386,-0.026124832963895228,0.00016872286173386209,0.394640461,-0.007487768689949863,-0.009641001135571392,0.0,0.0,,,0.0,0.0,,,25
357,-0.028323811746922386,-0.026124832963895228,0.00016844646873059066,0.394640461,-0.007487768689949863,-0.009641001135571392,0.0,0.0,,,0.0,0.0,,,26
358,-0.028323811746922386,-0.026124832963895228,0.00016368612257850834,0.394640461,-0.007487768689949863,-0.009641001135571392,0.0,0.0,,,0.0,0.0,,,50
359,-0.028323811746922386,-0.026124832963895228,0.00016353872002280287,0.394640461,-0.007487768689949863,-0.009641001135571392,0.0,0.0,,,0.0,0.0,,,51
360,-0.028323811746922386,-0.026124832963895228,0.00016064806405907494,0.394640461,-0.007487768689949863,-0.009641001135571392,0.0,0.0,,,0.0,0.0,,,75
361,-0.028323811746922386,-0.026124832963895228,0.00016054831235204613,0.394640461,-0.007487768689949863,-0.009641001135571392,0.0,0.0,,,0.0,0.0,,,76
362,-0.028231220290578847,-0.023091031939895618,0.00015847856523156534,19.205172974,-0.017570629584944732,-0.01728702836826495,0.0,0.0,,,0.0,0.0,,,100
363,-0.0282403247134315,-0.02313678820957639,0.00015840347414009597,17.349089085,-0.017542484854939634,-0.01728745689535669,0.0,0.0,,,0.0,0.0,,,101
364,-0.0282403247134315,-0.02313678820957639,0.00015679522333464168,17.349089085,-0.017542484854939634,-0.01728745689535669,0.0,0.0,,,0.0,0.0,,,125
365,-0.0282403247134315,-0.02313678820957639,0.0001567351597496903,17.349089085,-0.017542484854939634,-0.01728745689535669,0.0,0.0,,,0.0,0.0,,,126
366,-0.0282403247134315,-0.02313678820957639,0.00015542232835217884,17.349089085,-0.017542484854939634,-0.01728745689535669,0.0,0.0,,,0.0,0.0,,,150
367,-0.0282403247134315,-0.02313678820957639,0.0001553723611885175,17.349089085,-0.017542484854939634,-0.01728745689535669,0.0,0.0,,,0.0,0.0,,,151
368,-0.0282403247134315,-0.02313678820957639,0.00015426463303692384,17.349089085,-0.017542484854939634,-0.01728745689535669,0.0,0.0,,,0.0,0.0,,,175
369,-0.0282403247134315,-0.02313678820957639,0.00015422190626041815,17.349089085,-0.017542484854939634,-0.01728745689535669,0.0,0.0,,,0.0,0.0,,,176
370,-0.024088236097414267,-0.020377987100047436,0.0001532647575782501,10.22507574,-0.020363656735830092,-0.020047825198070433,0.0,0.0,,,0.0,0.0,,,200
371,-0.024090443553212004,-0.020395036803778868,0.00015322747134562017,13.644379154,-0.020363913436574652,-0.020047170185164446,0.0,0.0,,,0.0,0.0,,,201
372,-0.024090443553212004,-0.020395036803778868,0.0001523854857874314,13.644379154,-0.020363913436574652,-0.020047170185164446,0.0,0.0,,,0.0,0.0,,,225
373,-0.024090443553212004,-0.020395036803778868,0.00015235243390061283,13.644379154,-0.020363913436574652,-0.020047170185164446,0.0,0.0,,,0.0,0.0,,,226
374,-0.024090443553212004,-0.020395036803778868,0.00015160132136376612,13.644379154,-0.020363913436574652,-0.020047170185164446,0.0,0.0,,,0.0,0.0,,,250
375,-0.024090443553212004,-0.020395036803778868,0.00015157165665103983,13.644379154,-0.020363913436574652,-0.020047170185164446,0.0,0.0,,,0.0,0.0,,,251
376,-0.024090443553212004,-0.020395036803778868,0.0001508940426785163,13.644379154,-0.020363913436574652,-0.020047170185164446,0.0,0.0,,,0.0,0.0,,,275
377,-0.024090443553212004,-0.020395036803778868,0.0001508671477133469,13.644379154,-0.020363913436574652,-0.020047170185164446,0.0,0.0,,,0.0,0.0,,,276
378,-0.024039348142471138,-0.019670948638471634,0.0001502501809465369,20.408984814,-0.02011635644992105,-0.020146310023212,1.0,1.0,,,0.0,0.0,,,300
379,-0.024137201804646322,-0.0196847836286753,0.00015022559207250748,22.721162989,-0.020102965745333788,-0.020157510959867495,1.0,1.0,,,0.0,0.0,,,301
380,-0.024137201804646322,-0.0196847836286753,0.00014965950300582616,22.721162989,-0.020102965745333788,-0.020157510959867495,1.0,1.0,,,0.0,0.0,,,325
381,-0.024137201804646322,-0.0196847836286753,0.00014963686332397316,22.721162989,-0.020102965745333788,-0.020157510959867495,1.0,1.0,,,0.0,0.0,,,326
382,-0.024137201804646322,-0.0196847836286753,0.0001491140541280904,22.721162989,-0.020102965745333788,-0.020157510959867495,1.0,1.0,,,0.0,0.0,,,350
383,-0.024137201804646322,-0.0196847836286753,0.00014909308314824381,22.721162989,-0.020102965745333788,-0.020157510959867495,1.0,1.0,,,0.0,0.0,,,351
384,-0.024137201804646322,-0.0196847836286753,0.0001486075299947507,22.721162989,-0.020102965745333788,-0.020157510959867495,1.0,1.0,,,0.0,0.0,,,375
385,-0.024137201804646322,-0.0196847836286753,0.00014858800333877385,22.721162989,-0.020102965745333788,-0.020157510959867495,1.0,1.0,,,0.0,0.0,,,376
386,-0.024215038234874878,-0.01951346247294429,0.0001481348508330964,38.54456835,-0.020103875749221928,-0.019979039214797597,1.0,1.0,,,0.0,0.0,,,400
387,-0.024215412392951764,-0.01952460233371401,0.0001481165862469777,39.010254023,-0.020103976981563333,-0.019979041631483178,1.0,1.0,,,0.0,0.0,,,401
388,-0.024215412392951764,-0.01952460233371401,0.00014769186440239312,39.010254023,-0.020103976981563333,-0.019979041631483178,1.0,1.0,,,0.0,0.0,,,425
389,-0.024215412392951764,-0.01952460233371401,0.00014767471186413845,39.010254023,-0.020103976981563333,-0.019979041631483178,1.0,1.0,,,0.0,0.0,,,426
390,-0.024215412392951764,-0.01952460233371401,0.00014727513375414626,39.010254023,-0.020103976981563333,-0.019979041631483178,1.0,1.0,,,0.0,0.0,,,450
391,-0.024215412392951764,-0.01952460233371401,0.00014725896831945494,39.010254023,-0.020103976981563333,-0.019979041631483178,1.0,1.0,,,0.0,0.0,,,451
392,-0.024215412392951764,-0.01952460233371401,0.00014688178232334772,39.010254023,-0.020103976981563333,-0.019979041631483178,1.0,1.0,,,0.0,0.0,,,475
393,-0.024215412392951764,-0.01952460233371401,0.00014686649884848135,39.010254023,-0.020103976981563333,-0.019979041631483178,1.0,1.0,,,0.0,0.0,,,476
394,-0.023905000354247703,-0.01911900418937345,0.0001465093787360713,54.293080596,-0.020270729964282967,-0.020190678074239358,1.0,1.0,,,0.0,0.0,,,500
395,-0.023921303785985882,-0.019079963728748144,0.00014649488791698288,58.892813854,-0.02026184518955181,-0.020187599465630566,1.0,1.0,,,0.0,0.0,,,501
396,-0.023921303785985882,-0.019079963728748144,0.0001461558497216324,58.892813854,-0.02026184518955181,-0.020187599465630566,1.0,1.0,,,0.0,0.0,,,525
397,-0.023921303785985882,-0.019079963728748144,0.000146142075074548,58.892813854,-0.02026184518955181,-0.020187599465630566,1.0,1.0,,,0.0,0.0,,,526
398,-0.023921303785985882,-0.019079963728748144,0.00014581941329184838,58.892813854,-0.02026184518955181,-0.020187599465630566,1.0,1.0,,,0.0,0.0,,,550
399,-0.023921303785985882,-0.019079963728748144,0.000145806288819271,58.892813854,-0.02026184518955181,-0.020187599465630566,1.0,1.0,,,0.0,0.0,,,551
400,-0.023921303785985882,-0.019079963728748144,0.00014549852678496069,58.892813854,-0.02026184518955181,-0.020187599465630566,1.0,1.0,,,0.0,0.0,,,575
401,-0.023921303785985882,-0.019079963728748144,0.0001454859951487112,58.892813854,-0.02026184518955181,-0.020187599465630566,1.0,1.0,,,0.0,0.0,,,576
402,-0.024123132687915577,-0.019286761228863893,0.00014519184597930392,70.206460887,-0.020193295949227093,-0.020252817997183464,1.0,1.0,,,0.0,0.0,,,600
403,-0.024162002829374474,-0.019294485663086988,0.00014517985705408225,65.472455511,-0.020203549980471608,-0.020263589565036183,1.0,1.0,,,0.0,0.0,,,601
404,-0.024162002829374474,-0.019294485663086988,0.00014489819256520512,65.472455511,-0.020203549980471608,-0.020263589565036183,1.0,1.0,,,0.0,0.0,,,625
405,-0.024162002829374474,-0.019294485663086988,0.00014488670228148418,65.472455511,-0.020203549980471608,-0.020263589565036183,1.0,1.0,,,0.0,0.0,,,626
406,-0.024162002829374474,-0.019294485663086988,0.00014461652800753345,65.472455511,-0.020203549980471608,-0.020263589565036183,1.0,1.0,,,0.0,0.0,,,650
407,-0.024162002829374474,-0.019294485663086988,0.0001446054974170919,65.472455511,-0.020203549980471608,-0.020263589565036183,1.0,1.0,,,0.0,0.0,,,651
408,-0.024162002829374474,-0.019294485663086988,0.0001443459323509023,65.472455511,-0.020203549980471608,-0.020263589565036183,1.0,1.0,,,0.0,0.0,,,675
409,-0.024162002829374474,-0.019294485663086988,0.0001443353268655593,65.472455511,-0.020203549980471608,-0.020263589565036183,1.0,1.0,,,0.0,0.0,,,676
410,-0.024315689540486855,-0.01943515516420407,0.00014408558688807984,96.351509185,-0.020190888625428966,-0.02032322093927313,1.0,1.0,,,0.0,0.0,,,700
411,-0.02431568897919616,-0.01944181520971816,0.00014407537565453384,98.264331443,-0.02019089339095133,-0.02032322565185469,1.0,1.0,,,0.0,0.0,,,701
412,-0.02431568897919616,-0.01944181520971816,0.00014383475987732796,98.264331443,-0.02019089339095133,-0.02032322565185469,1.0,1.0,,,0.0,0.0,,,725
413,-0.02431568897919616,-0.01944181520971816,0.00014382491525994446,98.264331443,-0.02019089339095133,-0.02032322565185469,1.0,1.0,,,0.0,0.0,,,726
414,-0.02431568897919616,-0.01944181520971816,0.0001435927946876758,98.264331443,-0.02019089339095133,-0.02032322565185469,1.0,1.0,,,0.0,0.0,,,750
415,-0.02431568897919616,-0.01944181520971816,0.00014358329183763118,98.264331443,-0.02019089339095133,-0.02032322565185469,1.0,1.0,,,0.0,0.0,,,751
416,-0.02431568897919616,-0.01944181520971816,0.00014335909989373165,98.264331443,-0.02019089339095133,-0.02032322565185469,1.0,1.0,,,0.0,0.0,,,775
417,-0.02431568897919616,-0.01944181520971816,0.000143349916387793,98.264331443,-0.02019089339095133,-0.02032322565185469,1.0,1.0,,,0.0,0.0,,,776
418,-0.02423381778019237,-0.019224717703294956,0.00014313314094802624,120.822401207,-0.020358450402274828,-0.02043605246768889,1.0,1.0,,,0.0,0.0,,,800
419,-0.024241767724423303,-0.019230721895899767,0.0001431242564839013,119.363512863,-0.020366936065640086,-0.020445761228518985,1.0,1.0,,,0.0,0.0,,,801
420,-0.024241767724423303,-0.019230721895899767,0.0001429144331390729,119.363512863,-0.020366936065640086,-0.020445761228518985,1.0,1.0,,,0.0,0.0,,,825
421,-0.024241767724423303,-0.019230721895899767,0.00014290582927703612,119.363512863,-0.020366936065640086,-0.020445761228518985,1.0,1.0,,,0.0,0.0,,,826
422,-0.024241767724423303,-0.019230721895899767,0.00014270253560437384,119.363512863,-0.020366936065640086,-0.020445761228518985,1.0,1.0,,,0.0,0.0,,,850
423,-0.024241767724423303,-0.019230721895899767,0.0001426941955469932,119.363512863,-0.020366936065640086,-0.020445761228518985,1.0,1.0,,,0.0,0.0,,,851
424,-0.024241767724423303,-0.019230721895899767,0.0001424970462144789,119.363512863,-0.020366936065640086,-0.020445761228518985,1.0,1.0,,,0.0,0.0,,,875
425,-0.024241767724423303,-0.019230721895899767,0.00014248895461790338,119.363512863,-0.020366936065640086,-0.020445761228518985,1.0,1.0,,,0.0,0.0,,,876
426,-0.024276471049536903,-0.01924162349628721,0.0001422975971805141,139.675009002,-0.020408175164801475,-0.02058580518828815,1.0,1.0,,,0.0,0.0,,,900
427,-0.02433116849540108,-0.019245092072546564,0.00014228973999205402,151.373741645,-0.020370483410444104,-0.020598151839202952,1.0,1.0,,,0.0,0.0,,,901
428,-0.02433116849540108,-0.019245092072546564,0.0001421038512659439,151.373741645,-0.020370483410444104,-0.020598151839202952,1.0,1.0,,,0.0,0.0,,,925
429,-0.02433116849540108,-0.019245092072546564,0.00014209621558367266,151.373741645,-0.020370483410444104,-0.020598151839202952,1.0,1.0,,,0.0,0.0,,,926
430,-0.02433116849540108,-0.019245092072546564,0.00014191549850562266,151.373741645,-0.020370483410444104,-0.020598151839202952,1.0,1.0,,,0.0,0.0,,,950
431,-0.02433116849540108,-0.019245092072546564,0.0001419080724565174,151.373741645,-0.020370483410444104,-0.020598151839202952,1.0,1.0,,,0.0,0.0,,,951
432,-0.02433116849540108,-0.019245092072546564,0.00014173225335285136,151.373741645,-0.020370483410444104,-0.020598151839202952,1.0,1.0,,,0.0,0.0,,,975
433,-0.02433116849540108,-0.019245092072546564,0.0001417250259866135,151.373741645,-0.020370483410444104,-0.020598151839202952,1.0,1.0,,,0.0,0.0,,,976
434,-0.0246570464892316,-0.019357591605867332,0.0001415538521892286,181.084852948,-0.02029027445823794,-0.020518687307456703,1.0,1.0,,,0.0,0.0,,,1000
435,-0.024667914329469506,-0.01936269717569529,0.00014154681338542823,174.925109485,-0.02029413850773707,-0.02052109943351079,1.0,1.0,,,0.0,0.0,,,1001
436,-0.024667914329469506,-0.01936269717569529,0.00014138005114338226,174.925109485,-0.02029413850773707,-0.02052109943351079,1.0,1.0,,,0.0,0.0,,,1025
437,-0.024667914329469506,-0.01936269717569529,0.00014137319152997114,174.925109485,-0.02029413850773707,-0.02052109943351079,1.0,1.0,,,0.0,0.0,,,1026
438,-0.024667914329469506,-0.01936269717569529,0.00014121062417377832,174.925109485,-0.02029413850773707,-0.02052109943351079,1.0,1.0,,,0.0,0.0,,,1050
439,-0.024667914329469506,-0.01936269717569529,0.00014120393505534387,174.925109485,-0.02029413850773707,-0.02052109943351079,1.0,1.0,,,0.0,0.0,,,1051
440,-0.024667914329469506,-0.01936269717569529,0.00014104536137820074,174.925109485,-0.02029413850773707,-0.02052109943351079,1.0,1.0,,,0.0,0.0,,,1075
441,-0.024667914329469506,-0.01936269717569529,0.00014103883467259836,174.925109485,-0.02029413850773707,-0.02052109943351079,1.0,1.0,,,0.0,0.0,,,1076
442,-0.02486931792731341,-0.01951922614589434,0.00014088406749852953,217.870283372,-0.020291264248491595,-0.02053928436465118,1.0,1.0,,,0.0,0.0,,,1100
443,-0.024873192094037395,-0.019523912178143307,0.00014087769568074698,201.300549702,-0.02028916906643311,-0.020537456255901764,1.0,1.0,,,0.0,0.0,,,1101
444,-0.024873192094037395,-0.019523912178143307,0.00014072656059439014,201.300549702,-0.02028916906643311,-0.020537456255901764,1.0,1.0,,,0.0,0.0,,,1125
445,-0.024873192094037395,-0.019523912178143307,0.0001407203366466779,201.300549702,-0.02028916906643311,-0.020537456255901764,1.0,1.0,,,0.0,0.0,,,1126
446,-0.024873192094037395,-0.019523912178143307,0.00014057267086332488,201.300549702,-0.02028916906643311,-0.020537456255901764,1.0,1.0,,,0.0,0.0,,,1150
447,-0.024873192094037395,-0.019523912178143307,0.00014056658823077196,201.300549702,-0.02028916906643311,-0.020537456255901764,1.0,1.0,,,0.0,0.0,,,1151
448,-0.024873192094037395,-0.019523912178143307,0.00014042223958850853,201.300549702,-0.02028916906643311,-0.020537456255901764,1.0,1.0,,,0.0,0.0,,,1175
449,-0.024873192094037395,-0.019523912178143307,0.00014041629213936666,201.300549702,-0.02028916906643311,-0.020537456255901764,1.0,1.0,,,0.0,0.0,,,1176
450,-0.024923804201016895,-0.019644760086731838,0.00014027511819783572,221.859685442,-0.020392503592651608,-0.020588918175901822,1.0,1.0,,,0.0,0.0,,,1200
451,-0.024929722802861546,-0.01964900766971415,0.0001402693001879968,217.10319601,-0.02039933471949153,-0.02059223158529435,1.0,1.0,,,0.0,0.0,,,1201
452,-0.024929722802861546,-0.01964900766971415,0.00014013116742054823,217.10319601,-0.02039933471949153,-0.02059223158529435,1.0,1.0,,,0.0,0.0,,,1225
453,-0.024929722802861546,-0.01964900766971415,0.0001401254734616643,217.10319601,-0.02039933471949153,-0.02059223158529435,1.0,1.0,,,0.0,0.0,,,1226
454,-0.02480774342247234,-0.019617899263872803,0.00013999583616499344,253.26449151,-0.020505015062825194,-0.020635356003449356,1.0,1.0,,,0.0,0.0,,,1249
455,-0.02481398204365326,-0.019621908138653037,0.00013999025652953142,240.974842549,-0.020503847837531702,-0.020635842125748805,1.0,1.0,,,0.0,0.0,,,1250
456,-0.02481398204365326,-0.019621908138653037,0.0001399846815603388,240.974842549,-0.020503847837531702,-0.020635842125748805,1.0,1.0,,,0.0,0.0,,,1251
457,-0.02481398204365326,-0.019621908138653037,0.0001398522626590595,240.974842549,-0.020503847837531702,-0.020635842125748805,1.0,1.0,,,0.0,0.0,,,1275
458,-0.02481398204365326,-0.019621908138653037,0.0001398468019195289,240.974842549,-0.020503847837531702,-0.020635842125748805,1.0,1.0,,,0.0,0.0,,,1276
459,-0.024898781743181775,-0.019645030550652733,0.00013971707018916343,270.172200812,-0.020496483425408246,-0.020619490453635644,1.0,1.0,,,0.0,0.0,,,1300
460,-0.024916501964991615,-0.019648936668524172,0.0001397117191971486,259.617773073,-0.020498289415659482,-0.020620798785969292,1.0,1.0,,,0.0,0.0,,,1301
461,-0.024916501964991615,-0.019648936668524172,0.00013958457018897443,259.617773073,-0.020498289415659482,-0.020620798785969292,1.0,1.0,,,0.0,0.0,,,1325
462,-0.024916501964991615,-0.019648936668524172,0.00013957932471907558,259.617773073,-0.020498289415659482,-0.020620798785969292,1.0,1.0,,,0.0,0.0,,,1326
463,-0.024916501964991615,-0.019648936668524172,0.00013945465991240088,259.617773073,-0.020498289415659482,-0.020620798785969292,1.0,1.0,,,0.0,0.0,,,1350
464,-0.024916501964991615,-0.019648936668524172,0.0001394495159767958,259.617773073,-0.020498289415659482,-0.020620798785969292,1.0,1.0,,,0.0,0.0,,,1351
465,-0.024916501964991615,-0.019648936668524172,0.00013932724234035185,259.617773073,-0.020498289415659482,-0.020620798785969292,1.0,1.0,,,0.0,0.0,,,1375
466,-0.024916501964991615,-0.019648936668524172,0.0001393221961713793,259.617773073,-0.020498289415659482,-0.020620798785969292,1.0,1.0,,,0.0,0.0,,,1376
467,-0.025193332575706193,-0.01981382179579917,0.0001392022257644525,284.820987389,-0.020472188966755143,-0.02063442647540921,1.0,1.0,,,0.0,0.0,,,1400
468,-0.025224386780755254,-0.019817543420433893,0.0001391972737987592,284.240860141,-0.020475718833014488,-0.0206390538910391,1.0,1.0,,,0.0,0.0,,,1401
469,-0.025224386780755254,-0.019817543420433893,0.00013907952340782553,284.240860141,-0.020475718833014488,-0.0206390538910391,1.0,1.0,,,0.0,0.0,,,1425
470,-0.025224386780755254,-0.019817543420433893,0.0001390746622719119,284.240860141,-0.020475718833014488,-0.0206390538910391,1.0,1.0,,,0.0,0.0,,,1426
471,-0.025224386780755254,-0.019817543420433893,0.00013895905307905308,284.240860141,-0.020475718833014488,-0.0206390538910391,1.0,1.0,,,0.0,0.0,,,1450
472,-0.025224386780755254,-0.019817543420433893,0.00013895427957607198,284.240860141,-0.020475718833014488,-0.0206390538910391,1.0,1.0,,,0.0,0.0,,,1451
473,-0.025224386780755254,-0.019817543420433893,0.00013884073685590018,284.240860141,-0.020475718833014488,-0.0206390538910391,1.0,1.0,,,0.0,0.0,,,1475
474,-0.025224386780755254,-0.019817543420433893,0.00013883604795358103,284.240860141,-0.020475718833014488,-0.0206390538910391,1.0,1.0,,,0.0,0.0,,,1476
475,-0.02535609153149513,-0.019863636159530112,0.00013872911119163306,322.596908745,-0.020578437139304958,-0.02076695689052717,1.0,1.0,,,0.0,0.0,,,1499
476,-0.02534365638053036,-0.019854645065728604,0.00013872450079578435,327.620326767,-0.020565849066682785,-0.020751556523369876,1.0,1.0,,,0.0,0.0,,,1500
477,-0.0253512382102753,-0.019858180337662693,0.0001387198936153694,333.746734337,-0.020565423213135783,-0.020750956450619848,1.0,1.0,,,0.0,0.0,,,1501
478,-0.0253512382102753,-0.019858180337662693,0.00013861027467032647,333.746734337,-0.020565423213135783,-0.020750956450619848,1.0,1.0,,,0.0,0.0,,,1525
479,-0.0253512382102753,-0.019858180337662693,0.00013860574647641953,333.746734337,-0.020565423213135783,-0.020750956450619848,1.0,1.0,,,0.0,0.0,,,1526
480,-0.0253512382102753,-0.019858180337662693,0.00013849799172162215,333.746734337,-0.020565423213135783,-0.020750956450619848,1.0,1.0,,,0.0,0.0,,,1550
481,-0.0253512382102753,-0.019858180337662693,0.0001384935399128605,333.746734337,-0.020565423213135783,-0.020750956450619848,1.0,1.0,,,0.0,0.0,,,1551
482,-0.0253512382102753,-0.019858180337662693,0.00013838758843813786,333.746734337,-0.020565423213135783,-0.020750956450619848,1.0,1.0,,,0.0,0.0,,,1575
483,-0.0253512382102753,-0.019858180337662693,0.00013838321053860945,333.746734337,-0.020565423213135783,-0.020750956450619848,1.0,1.0,,,0.0,0.0,,,1576
484,-0.025173950309970144,-0.019789613257194447,0.00013827900434836926,389.121814992,-0.020525774126814538,-0.020686635031864426,1.0,1.0,,,0.0,0.0,,,1600
485,-0.025176547577432356,-0.019792865185058066,0.00013827469799970428,380.938018778,-0.020525882561001248,-0.02068586781031816,1.0,1.0,,,0.0,0.0,,,1601
486,-0.025176547577432356,-0.019792865185058066,0.0001381721818306003,380.938018778,-0.020525882561001248,-0.02068586781031816,1.0,1.0,,,0.0,0.0,,,1625
487,-0.025176547577432356,-0.019792865185058066,0.00013816794478467486,380.938018778,-0.020525882561001248,-0.02068586781031816,1.0,1.0,,,0.0,0.0,,,1626
488,-0.025176547577432356,-0.019792865185058066,0.00013806706593728134,380.938018778,-0.020525882561001248,-0.02068586781031816,1.0,1.0,,,0.0,0.0,,,1650
489,-0.025176547577432356,-0.019792865185058066,0.0001380628960494776,380.938018778,-0.020525882561001248,-0.02068586781031816,1.0,1.0,,,0.0,0.0,,,1651
490,-0.025176547577432356,-0.019792865185058066,0.00013796360423270077,380.938018778,-0.020525882561001248,-0.02068586781031816,1.0,1.0,,,0.0,0.0,,,1675
491,-0.025176547577432356,-0.019792865185058066,0.00013795949945567294,380.938018778,-0.020525882561001248,-0.02068586781031816,1.0,1.0,,,0.0,0.0,,,1676
492,-0.025157478653915617,-0.019694569514757197,0.00013786174664276167,392.175248657,-0.02055397220369216,-0.0206386833587739,1.0,1.0,,,0.0,0.0,,,1700
493,-0.02515751346904126,-0.019697677508122683,0.00013785770502066342,389.502599486,-0.020553968417365523,-0.020638681930418876,1.0,1.0,,,0.0,0.0,,,1701
494,-0.02515751346904126,-0.019697677508122683,0.0001377614453157986,389.502599486,-0.020553968417365523,-0.020638681930418876,1.0,1.0,,,0.0,0.0,,,1725
495,-0.02515751346904126,-0.019697677508122683,0.00013775746497893146,389.502599486,-0.020553968417365523,-0.020638681930418876,1.0,1.0,,,0.0,0.0,,,1726
496,-0.025139731881065507,-0.019603805869850936,0.00013766657768013324,443.413656597,-0.020537221748070128,-0.020621772333017842,1.0,1.0,,,0.0,0.0,,,1749
497,-0.02514030016367834,-0.019606862551729644,0.00013766265449347597,419.891762326,-0.020537196607679848,-0.02062156631796598,1.0,1.0,,,0.0,0.0,,,1750
498,-0.02514030016367834,-0.019606862551729644,0.00013765873365332253,419.891762326,-0.020537196607679848,-0.02062156631796598,1.0,1.0,,,0.0,0.0,,,1751
499,-0.02514030016367834,-0.019606862551729644,0.00013756533039090558,419.891762326,-0.020537196607679848,-0.02062156631796598,1.0,1.0,,,0.0,0.0,,,1775
500,-0.02514030016367834,-0.019606862551729644,0.00013756146733551468,419.891762326,-0.020537196607679848,-0.02062156631796598,1.0,1.0,,,0.0,0.0,,,1776
501,-0.02503627192367498,-0.019526071869080154,0.0001374694310852058,422.514456931,-0.020499875013450363,-0.02059102703340559,1.0,1.0,,,0.0,0.0,,,1800
502,-0.02504612389269187,-0.01952904110291729,0.0001374656241749002,419.570263268,-0.020502624513270878,-0.020592898293582716,1.0,1.0,,,0.0,0.0,,,1801
503,-0.02504612389269187,-0.01952904110291729,0.0001373749164117996,419.570263268,-0.020502624513270878,-0.020592898293582716,1.0,1.0,,,0.0,0.0,,,1825
504,-0.02504612389269187,-0.01952904110291729,0.00013737116407517978,419.570263268,-0.020502624513270878,-0.020592898293582716,1.0,1.0,,,0.0,0.0,,,1826
505,-0.02504612389269187,-0.01952904110291729,0.00013728174786781689,419.570263268,-0.020502624513270878,-0.020592898293582716,1.0,1.0,,,0.0,0.0,,,1850
506,-0.02504612389269187,-0.01952904110291729,0.00013727804859803657,419.570263268,-0.020502624513270878,-0.020592898293582716,1.0,1.0,,,0.0,0.0,,,1851
507,-0.02504612389269187,-0.01952904110291729,0.00013718988852202545,419.570263268,-0.020502624513270878,-0.020592898293582716,1.0,1.0,,,0.0,0.0,,,1875
508,-0.02504612389269187,-0.01952904110291729,0.00013718624087331706,419.570263268,-0.020502624513270878,-0.020592898293582716,1.0,1.0,,,0.0,0.0,,,1876
509,-0.024831892208782947,-0.019439062153530973,0.000137099302930769,453.938237186,-0.020471466067248638,-0.020579918905243962,1.0,1.0,,,0.0,0.0,,,1900
510,-0.024841014142147247,-0.019441809760268228,0.00013709570551519927,431.671225363,-0.020473012710927274,-0.02058354348117656,1.0,1.0,,,0.0,0.0,,,1901
511,-0.024841014142147247,-0.019441809760268228,0.0001370099570594386,431.671225363,-0.020473012710927274,-0.02058354348117656,1.0,1.0,,,0.0,0.0,,,1925
512,-0.024841014142147247,-0.019441809760268228,0.00013700640854387636,431.671225363,-0.020473012710927274,-0.02058354348117656,1.0,1.0,,,0.0,0.0,,,1926
513,-0.024841014142147247,-0.019441809760268228,0.0001369218182090468,431.671225363,-0.020473012710927274,-0.02058354348117656,1.0,1.0,,,0.0,0.0,,,1950
514,-0.024841014142147247,-0.019441809760268228,0.00013691831731232635,431.671225363,-0.020473012710927274,-0.02058354348117656,1.0,1.0,,,0.0,0.0,,,1951
515,-0.024841014142147247,-0.019441809760268228,0.00013683485494751218,431.671225363,-0.020473012710927274,-0.02058354348117656,1.0,1.0,,,0.0,0.0,,,1975
516,-0.024841014142147247,-0.019441809760268228,0.00013683140043777744,431.671225363,-0.020473012710927274,-0.02058354348117656,1.0,1.0,,,0.0,0.0,,,1976
517,-0.025066358345320724,-0.01956518106606702,0.0001367524481389715,500.489177428,-0.020552256260778067,-0.02058438053849719,1.0,1.0,,,0.0,0.0,,,1999
518,-0.02507239382933522,-0.019567840507959566,0.00013674903704529674,535.854885074,-0.0205519186881795,-0.020584369954547262,1.0,1.0,,,0.0,0.0,,,2000
