,DRO_tau,DRO_obj_values,epsilon,DRO_time,DRO_eval1,DRO_eval2,DRO_eval3,DRO_eval4,DRO_satisfy1,DRO_satisfy2,DRO_satisfy3,DRO_satisfy4,SA_eval1,SA_eval2,SA_eval3,SA_eval4,SA_satisfy1,SA_satisfy2,SA_satisfy3,SA_satisfy4,SA_obj_values,SA_time,SA_tau,t
0,0.003088661649704976,0.012346939585439358,0.002810639128208335,1.2938438080018386,0.018329263287887386,0.019850324051358243,0.019332447494639044,0.019404729058484903,0.0,0.0,0.0,0.0,0.018492603612183234,0.019918464971975042,0.01950594388646193,0.019451969860811262,0.0,0.0,0.0,0.0,0.005565394043763075,0.16228517203126103,0.002821762752757695,0
1,0.0030858244715642534,0.012291867076331384,0.00280971164728608,1.2416997390100732,0.018327004887096703,0.019847035361874155,0.01932840765358923,0.019400230159501774,0.0,0.0,0.0,0.0,0.018626268801337994,0.020086644516684102,0.01968949952614086,0.0196421662560935,0.0,0.0,0.0,0.0,0.005511062061074643,0.13514533499255776,0.0026845245176326453,1
2,0.0030858244715642534,0.012291867076331384,0.0027596440400995755,1.2416997390100732,0.018327004887096703,0.019847035361874155,0.01932840765358923,0.019400230159501774,0.0,0.0,0.0,0.0,0.01770144245743254,0.018932741407440046,0.018494678221503223,0.018745713062202726,0.0,0.0,0.0,0.0,0.011336778789950056,0.7709568609716371,0.0056572534894863405,100
3,0.0030858244715642534,0.012291867076331384,0.0027593384474757015,1.2416997390100732,0.018327004887096703,0.019847035361874155,0.01932840765358923,0.019400230159501774,0.0,0.0,0.0,0.0,0.01770144245743254,0.018932741407440046,0.018494678221503226,0.01874571306220273,0.0,0.0,0.0,0.0,0.011299166039615859,0.40367938100825995,0.0056572534894863405,101
4,0.0030858244715642534,0.012291867076331384,0.0027362488239111244,1.2416997390100732,0.018327004887096703,0.019847035361874155,0.01932840765358923,0.019400230159501774,0.0,0.0,0.0,0.0,0.01627538591095863,0.016687244900757386,0.01679398780972237,0.01637668029176272,0.0,0.0,0.0,0.0,0.013556990064077972,0.4007441740250215,0.007072389915012906,200
5,0.0030858244715642534,0.012291867076331384,0.002736066777242246,1.2416997390100732,0.018327004887096703,0.019847035361874155,0.01932840765358923,0.019400230159501774,0.0,0.0,0.0,0.0,0.016275385910958628,0.016687244900757386,0.01679398780972237,0.016376680291762716,0.0,0.0,0.0,0.0,0.013531155003723132,0.38750144094228745,0.007072389915012906,201
6,0.0030858244715642534,0.012291867076331384,0.00272094723930281,1.2416997390100732,0.018327004887096703,0.019847035361874155,0.01932840765358923,0.019400230159501774,0.0,0.0,0.0,0.0,0.01478074112622986,0.015740456606632192,0.014986373625085363,0.015366027087551524,0.0,0.0,0.0,0.0,0.013454584135801488,0.42512883397284895,0.006928512108628731,300
7,0.0030858244715642534,0.012291867076331384,0.0027208178582094236,1.2416997390100732,0.018327004887096703,0.019847035361874155,0.01932840765358923,0.019400230159501774,0.0,0.0,0.0,0.0,0.014780741126229863,0.015740456606632192,0.014986373625085368,0.01536602708755153,0.0,0.0,0.0,0.0,0.013435991338003281,0.3884486430324614,0.006928512108628732,301
8,0.0030858244715642534,0.012291867076331384,0.0027095741860363822,1.2416997390100732,0.018327004887096703,0.019847035361874155,0.01932840765358923,0.019400230159501774,0.0,0.0,0.0,0.0,0.014809698771783215,0.01571831210060009,0.014976747800027753,0.015356291200617397,0.0,0.0,0.0,0.0,0.013916125537739646,0.5111012380803004,0.007156392106421388,400
9,0.0030858244715642534,0.012291867076331384,0.002709473944631366,1.2416997390100732,0.018327004887096703,0.019847035361874155,0.01932840765358923,0.019400230159501774,0.0,0.0,0.0,0.0,0.014778466762497548,0.015698806056014158,0.014935129779380598,0.015320732706627744,0.0,0.0,0.0,0.0,0.013901131240011093,0.4891198929399252,0.007108570513331032,401
10,0.0030858244715642534,0.012291867076331384,0.002700527121204198,1.2416997390100732,0.018327004887096703,0.019847035361874155,0.01932840765358923,0.019400230159501774,0.0,0.0,0.0,0.0,0.014927879872979803,0.015778878981663004,0.015253859857481946,0.015303880318587393,0.0,0.0,0.0,0.0,0.01443195719903177,0.7178483000025153,0.0076370136174077966,500
11,0.0030858244715642534,0.012291867076331384,0.002700445362591292,1.2416997390100732,0.018327004887096703,0.019847035361874155,0.01932840765358923,0.019400230159501774,0.0,0.0,0.0,0.0,0.014927879872979806,0.01577887898166301,0.015253859857481952,0.015303880318587397,0.0,0.0,0.0,0.0,0.01441962517801249,0.7289739369880408,0.007637013617407798,501
12,0.0030858244715642534,0.012291867076331384,0.002693018677250881,1.2416997390100732,0.018327004887096703,0.019847035361874155,0.01932840765358923,0.019400230159501774,0.0,0.0,0.0,0.0,0.014518746975864895,0.015505031366307941,0.014497655767692071,0.014645379312401393,0.0,0.0,0.0,0.0,0.014136937698064156,0.7307380419224501,0.007015114018859294,600
13,0.0030858244715642534,0.012291867076331384,0.0026929496794361606,1.2416997390100732,0.018327004887096703,0.019847035361874155,0.01932840765358923,0.019400230159501774,0.0,0.0,0.0,0.0,0.0145187469758649,0.015505031366307945,0.014497655767692071,0.014645379312401395,0.0,0.0,0.0,0.0,0.014125997876744333,0.8162497439188883,0.007015114018859294,601
14,0.0030858244715642534,0.012291867076331384,0.002686603443092781,1.2416997390100732,0.018327004887096703,0.019847035361874155,0.01932840765358923,0.019400230159501774,0.0,0.0,0.0,0.0,0.01456572248925986,0.015476245387016377,0.014588979046502425,0.014698140447544897,0.0,0.0,0.0,0.0,0.014417408648800048,0.9174327849177644,0.007146559676019961,700
15,0.0030858244715642534,0.012291867076331384,0.002686543781222705,1.2416997390100732,0.018327004887096703,0.019847035361874155,0.01932840765358923,0.019400230159501774,0.0,0.0,0.0,0.0,0.014565722489259858,0.015476245387016377,0.014588979046502425,0.014698140447544897,0.0,0.0,0.0,0.0,0.014407727092245083,1.0283051789738238,0.00714655967601996,701
16,0.0030858244715642534,0.012291867076331384,0.0026810048890480364,1.2416997390100732,0.018327004887096703,0.019847035361874155,0.01932840765358923,0.019400230159501774,0.0,0.0,0.0,0.0,0.014767996554733955,0.015693794718467057,0.01471634179080926,0.015028260753471459,0.0,0.0,0.0,0.0,0.014130838459942544,1.4576983439037576,0.007044428052486621,800
17,0.0030858244715642534,0.012291867076331384,0.0026809523517380388,1.2416997390100732,0.018327004887096703,0.019847035361874155,0.01932840765358923,0.019400230159501774,0.0,0.0,0.0,0.0,0.014760987694130265,0.015702472505538415,0.014715018535642457,0.015028449473427402,0.0,0.0,0.0,0.0,0.014122501228494025,1.1580007419688627,0.006988158579888578,801
18,0.0030858244715642534,0.012291867076331384,0.00267603955155146,1.2416997390100732,0.018327004887096703,0.019847035361874155,0.01932840765358923,0.019400230159501774,0.0,0.0,0.0,0.0,0.01454742199450205,0.015533176514142096,0.014561446419723355,0.014698849278350926,0.0,0.0,0.0,0.0,0.013783016714739822,1.1494387299753726,0.0069182417121252575,900
19,0.0030858244715642534,0.012291867076331384,0.002675992628592722,1.2416997390100732,0.018327004887096703,0.019847035361874155,0.01932840765358923,0.019400230159501774,0.0,0.0,0.0,0.0,0.014547421994502052,0.015533176514142098,0.014561446419723354,0.014698849278350926,0.0,0.0,0.0,0.0,0.013775798234190279,1.2354758830042556,0.006918241712125257,901
20,0.0030858244715642534,0.012291867076331384,0.002671579484184427,1.2416997390100732,0.018327004887096703,0.019847035361874155,0.01932840765358923,0.019400230159501774,0.0,0.0,0.0,0.0,0.014490044829132277,0.015686377064430747,0.014678319711210896,0.015005333572421653,0.0,0.0,0.0,0.0,0.01357553077136838,1.5707985049812123,0.006614103404677994,1000
21,0.0030858244715642534,0.012291867076331384,0.0026715370986776354,1.2416997390100732,0.018327004887096703,0.019847035361874155,0.01932840765358923,0.019400230159501774,0.0,0.0,0.0,0.0,0.014490044829132276,0.015686377064430743,0.014678319711210894,0.015005333572421653,0.0,0.0,0.0,0.0,0.013568907148754973,1.2148105920059606,0.006614103404677996,1001
22,0.0030858244715642534,0.012291867076331384,0.0026675319144767017,1.2416997390100732,0.018327004887096703,0.019847035361874155,0.01932840765358923,0.019400230159501774,0.0,0.0,0.0,0.0,0.014690828109398299,0.015789034430857947,0.01461949503053314,0.014965540437260207,0.0,0.0,0.0,0.0,0.013382695789123782,1.223381632938981,0.006363385806558415,1100
23,0.0030858244715642534,0.012291867076331384,0.002667493271672689,1.2416997390100732,0.018327004887096703,0.019847035361874155,0.01932840765358923,0.019400230159501774,0.0,0.0,0.0,0.0,0.014689612671511523,0.01579403470417858,0.014616989809619271,0.01496539749240856,0.0,0.0,0.0,0.0,0.013376595692388448,1.0979480920359492,0.006353372123454362,1101
24,0.0030858244715642534,0.012291867076331384,0.002663827437401292,1.2416997390100732,0.018327004887096703,0.019847035361874155,0.01932840765358923,0.019400230159501774,0.0,0.0,0.0,0.0,0.014487674836822485,0.015620847397460941,0.014694723117297253,0.014806959356557165,0.0,0.0,0.0,0.0,0.013434052114926659,1.3524237329838797,0.006573708458825236,1200
25,0.0030858244715642534,0.012291867076331384,0.0026637919341382277,1.2416997390100732,0.018327004887096703,0.019847035361874155,0.01932840765358923,0.019400230159501774,0.0,0.0,0.0,0.0,0.014487674836822484,0.01562084739746094,0.014694723117297253,0.014806959356557162,0.0,0.0,0.0,0.0,0.01342856822711203,1.281514357891865,0.006573708458825236,1201
26,0.0030858244715642534,0.012291867076331384,0.00266041277895022,1.2416997390100732,0.018327004887096703,0.019847035361874155,0.01932840765358923,0.019400230159501774,0.0,0.0,0.0,0.0,0.014678964498910199,0.015764285599841873,0.014581423559524126,0.014922127633660104,0.0,0.0,0.0,0.0,0.01357972260774789,2.0025374749675393,0.0066376958326976815,1300
27,0.0030858244715642534,0.012291867076331384,0.0026603799467092674,1.2416997390100732,0.018327004887096703,0.019847035361874155,0.01932840765358923,0.019400230159501774,0.0,0.0,0.0,0.0,0.01467849198945738,0.01576477383765238,0.01458110415765501,0.014922229177602905,0.0,0.0,0.0,0.0,0.013596015266215185,1.6531932390062138,0.0066335261654132316,1301
28,0.0030858244715642534,0.012291867076331384,0.002657246159336688,1.2416997390100732,0.018327004887096703,0.019847035361874155,0.01932840765358923,0.019400230159501774,0.0,0.0,0.0,0.0,0.014686233143582474,0.015759545751535677,0.014538555640519014,0.014899122590049274,0.0,0.0,0.0,0.0,0.013567472973543361,1.8758958609541878,0.00661388799204547,1400
29,0.0030858244715642534,0.012291867076331384,0.0026572156269800483,1.2416997390100732,0.018327004887096703,0.019847035361874155,0.01932840765358923,0.019400230159501774,0.0,0.0,0.0,0.0,0.014685491711361316,0.015760088598235522,0.014538867584510338,0.014898996052591599,0.0,0.0,0.0,0.0,0.013562680646916504,2.0878568059997633,0.00661172954609449,1401
30,0.0030858244715642534,0.012291867076331384,0.002654294210241009,1.2416997390100732,0.018327004887096703,0.019847035361874155,0.01932840765358923,0.019400230159501774,0.0,0.0,0.0,0.0,0.01450390994363027,0.015598553893534628,0.014658924707311812,0.014784719565797152,0.0,0.0,0.0,0.0,0.013686310171275562,2.3738689260790125,0.0066530553506182625,1500
31,0.0030858244715642534,0.012291867076331384,0.002654265678799146,1.2416997390100732,0.018327004887096703,0.019847035361874155,0.01932840765358923,0.019400230159501774,0.0,0.0,0.0,0.0,0.014682682774306755,0.015794522157903723,0.014590841841311677,0.01494421289685242,0.0,0.0,0.0,0.0,0.013698821212496614,2.452129689976573,0.006555903657824856,1501
32,0.0030858244715642534,0.012291867076331384,0.0026515298603663434,1.2416997390100732,0.018327004887096703,0.019847035361874155,0.01932840765358923,0.019400230159501774,0.0,0.0,0.0,0.0,0.01450544919873836,0.015572848498481744,0.014615747119609415,0.014739313990251024,0.0,0.0,0.0,0.0,0.013699865794919544,1.7878785229986534,0.006756603390256299,1600
33,0.0030858244715642534,0.012291867076331384,0.002651503085484449,1.2416997390100732,0.018327004887096703,0.019847035361874155,0.01932840765358923,0.019400230159501774,0.0,0.0,0.0,0.0,0.01450544919873836,0.015572848498481744,0.014615747119609415,0.014739313990251024,0.0,0.0,0.0,0.0,0.013695660305879771,2.089862171909772,0.006756603390256299,1601
34,0.0030858244715642534,0.012291867076331384,0.002648930845922055,1.2416997390100732,0.018327004887096703,0.019847035361874155,0.01932840765358923,0.019400230159501774,0.0,0.0,0.0,0.0,0.014506164986900378,0.015551971016429647,0.01461890844078889,0.014745978975825873,0.0,0.0,0.0,0.0,0.013980744092794123,2.5873942050384358,0.006785655847101722,1700
35,0.0030858244715642534,0.012291867076331384,0.002648905625334531,1.2416997390100732,0.018327004887096703,0.019847035361874155,0.01932840765358923,0.019400230159501774,0.0,0.0,0.0,0.0,0.014506164986900383,0.015551971016429652,0.014618908440788895,0.014745978975825875,0.0,0.0,0.0,0.0,0.013976634961871398,2.1171269689220935,0.006785655847101722,1701
36,0.0030858244715642534,0.012291867076331384,0.002646478636791026,1.2416997390100732,0.018327004887096703,0.019847035361874155,0.01932840765358923,0.019400230159501774,0.0,0.0,0.0,0.0,0.01452402602212122,0.015571138196231977,0.014600586785829274,0.014723887171043407,0.0,0.0,0.0,0.0,0.013972198197695351,3.211771443951875,0.006816050797873022,1800
37,0.0030858244715642534,0.012291867076331384,0.0026464548011899867,1.2416997390100732,0.018327004887096703,0.019847035361874155,0.01932840765358923,0.019400230159501774,0.0,0.0,0.0,0.0,0.014523682492827771,0.0155719312016193,0.014600972588748443,0.014724230403640938,0.0,0.0,0.0,0.0,0.013968330504127954,2.20087677706033,0.006811646107669335,1801
38,0.0030858244715642534,0.012291867076331384,0.0026441576465526828,1.2416997390100732,0.018327004887096703,0.019847035361874155,0.01932840765358923,0.019400230159501774,0.0,0.0,0.0,0.0,0.014518284585048571,0.015569024079227688,0.014604552084649801,0.014724887019486531,0.0,0.0,0.0,0.0,0.014015614983893603,2.974876276915893,0.0068132796678891825,1900
39,0.0030858244715642534,0.012291867076331384,0.0026441350528040065,1.2416997390100732,0.018327004887096703,0.019847035361874155,0.01932840765358923,0.019400230159501774,0.0,0.0,0.0,0.0,0.014518284585048571,0.015569024079227688,0.014604552084649801,0.014724887019486531,0.0,0.0,0.0,0.0,0.014011923371737784,3.521403471007943,0.006813279667889183,1901
40,0.0030858244715642534,0.012291867076331384,0.002641954640857739,1.2416997390100732,0.018327004887096703,0.019847035361874155,0.01932840765358923,0.019400230159501774,0.0,0.0,0.0,0.0,0.014517279747905378,0.01556739614092893,0.01460401209160683,0.01472452204743503,0.0,0.0,0.0,0.0,0.014077868968787016,3.2324843860697,0.006819951701270637,2000
41,0.0030858244715642534,0.012291867076331384,0.002641933166876139,1.2416997390100732,0.018327004887096703,0.019847035361874155,0.01932840765358923,0.019400230159501774,0.0,0.0,0.0,0.0,0.014510135899711722,0.015554007592404545,0.014601834811183177,0.014723441219886719,0.0,0.0,0.0,0.0,0.014088214193257606,3.310298307915218,0.0068374615148982226,2001
42,0.0030858244715642534,0.012291867076331384,0.002639858287260381,1.2416997390100732,0.018327004887096703,0.019847035361874155,0.01932840765358923,0.019400230159501774,0.0,0.0,0.0,0.0,0.014501122330397076,0.015576891468159394,0.014645106738719932,0.014750518671433592,0.0,0.0,0.0,0.0,0.014202038294156472,2.8003553439630195,0.006860461119575516,2100
43,0.0030858244715642534,0.012291867076331384,0.0026398378280795298,1.2416997390100732,0.018327004887096703,0.019847035361874155,0.01932840765358923,0.019400230159501774,0.0,0.0,0.0,0.0,0.014507976498478726,0.015586164206986176,0.014636350359784866,0.014742960770262095,0.0,0.0,0.0,0.0,0.0142459178239209,3.315864381962456,0.006911611525949766,2101
44,0.0030858244715642534,0.012291867076331384,0.002637858807782325,1.2416997390100732,0.018327004887096703,0.019847035361874155,0.01932840765358923,0.019400230159501774,0.0,0.0,0.0,0.0,0.014504318067154522,0.015556469259862543,0.014643902651980215,0.014755293786389002,0.0,0.0,0.0,0.0,0.014353127769362425,3.463159676990472,0.0069064694882589464,2200
45,0.0030858244715642534,0.012291867076331384,0.0026378392725006574,1.2416997390100732,0.018327004887096703,0.019847035361874155,0.01932840765358923,0.019400230159501774,0.0,0.0,0.0,0.0,0.014504165216189658,0.015557353365993322,0.014644843673237425,0.014756566643996154,0.0,0.0,0.0,0.0,0.014357221436840473,3.174352130969055,0.006941001491692987,2201
46,0.0030858244715642534,0.012291867076331384,0.0026359477073105,1.2416997390100732,0.018327004887096703,0.019847035361874155,0.01932840765358923,0.019400230159501774,0.0,0.0,0.0,0.0,0.01450646250346198,0.0156016431735241,0.014704611662280896,0.014825612424244773,0.0,0.0,0.0,0.0,0.014360220422203812,3.499174945987761,0.006980467797710998,2300
47,0.0030858244715642534,0.012291867076331384,0.0026359290166886344,1.2416997390100732,0.018327004887096703,0.019847035361874155,0.01932840765358923,0.019400230159501774,0.0,0.0,0.0,0.0,0.014506462503461985,0.015601643173524105,0.014704611662280901,0.014825612424244778,0.0,0.0,0.0,0.0,0.014357081437676174,5.457727123051882,0.006980467797710995,2301
48,0.0030858244715642534,0.012291867076331384,0.0026341175588020216,1.2416997390100732,0.018327004887096703,0.019847035361874155,0.01932840765358923,0.019400230159501774,0.0,0.0,0.0,0.0,0.014506427876570924,0.015589319683566345,0.01467747264765812,0.014807401912568238,0.0,0.0,0.0,0.0,0.01435973567594157,4.290865698945709,0.006852140124804514,2400
49,0.0030858244715642534,0.012291867076331384,0.0026340996433518575,1.2416997390100732,0.018327004887096703,0.019847035361874155,0.01932840765358923,0.019400230159501774,0.0,0.0,0.0,0.0,0.014506427876570924,0.015589319683566345,0.01467747264765812,0.014807401912568238,0.0,0.0,0.0,0.0,0.014356672601461302,4.587410195032135,0.006852140124804516,2401
50,0.0030858244715642534,0.012291867076331384,0.0026323618316149845,1.2416997390100732,0.018327004887096703,0.019847035361874155,0.01932840765358923,0.019400230159501774,0.0,0.0,0.0,0.0,0.014490666143365758,0.015585168971738336,0.014659315023732281,0.014785739357049627,0.0,0.0,0.0,0.0,0.014229864287183891,4.090747972950339,0.006829958666623538,2500
51,0.0030858244715642534,0.012291867076331384,0.00263234463006454,1.2416997390100732,0.018327004887096703,0.019847035361874155,0.01932840765358923,0.019400230159501774,0.0,0.0,0.0,0.0,0.014490994521540143,0.01557554584082617,0.014660320894809153,0.014787675841243051,0.0,0.0,0.0,0.0,0.014278752735478345,4.022050533094443,0.006886809055094652,2501
52,0.0030858244715642534,0.012291867076331384,0.002630674752978853,1.2416997390100732,0.018327004887096703,0.019847035361874155,0.01932840765358923,0.019400230159501774,0.0,0.0,0.0,0.0,0.014365752452771816,0.015428835803131643,0.014667821550198539,0.014569392296827056,0.0,0.0,0.0,0.0,0.014179440559527197,3.2797608620021492,0.006664479365880157,2600
53,0.0030858244715642534,0.012291867076331384,0.0026306582110275658,1.2416997390100732,0.018327004887096703,0.019847035361874155,0.01932840765358923,0.019400230159501774,0.0,0.0,0.0,0.0,0.014364926945839062,0.015429758623092827,0.014666958527310205,0.014568525264240502,0.0,0.0,0.0,0.0,0.014176601826509677,4.888161060982384,0.006642966300187676,2601
54,0.0030858244715642534,0.012291867076331384,0.0026290511952153242,1.2416997390100732,0.018327004887096703,0.019847035361874155,0.01932840765358923,0.019400230159501774,0.0,0.0,0.0,0.0,0.014379924224055424,0.015391393522195197,0.014657892934855884,0.01455248137148213,0.0,0.0,0.0,0.0,0.014279674529076771,4.290364047978073,0.006800636837852716,2700
55,0.0030858244715642534,0.012291867076331384,0.002629035264516307,1.2416997390100732,0.018327004887096703,0.019847035361874155,0.01932840765358923,0.019400230159501774,0.0,0.0,0.0,0.0,0.014379924224055424,0.015391393522195197,0.014657892934855884,0.01455248137148213,0.0,0.0,0.0,0.0,0.014276955867611404,4.2140078890370205,0.006800636837852716,2701
56,0.0030858244715642534,0.012291867076331384,0.002627486583173452,1.2416997390100732,0.018327004887096703,0.019847035361874155,0.01932840765358923,0.019400230159501774,0.0,0.0,0.0,0.0,0.014397522157700389,0.01537556104454795,0.014685843345264418,0.014575689966470158,0.0,0.0,0.0,0.0,0.014289385427041817,5.231327631045133,0.006829723786124609,2800
57,0.0030858244715642534,0.012291867076331384,0.002627471220494806,1.2416997390100732,0.018327004887096703,0.019847035361874155,0.01932840765358923,0.019400230159501774,0.0,0.0,0.0,0.0,0.014397522157700389,0.01537556104454795,0.014685843345264417,0.014575689966470155,0.0,0.0,0.0,0.0,0.014286768919977306,4.794099797029048,0.006829723786124608,2801
58,0.0030858244715642534,0.012291867076331384,0.0026259768176831373,1.2416997390100732,0.018327004887096703,0.019847035361874155,0.01932840765358923,0.019400230159501774,0.0,0.0,0.0,0.0,0.014415097718432093,0.015377154767040655,0.014718793280724313,0.014598993323545088,0.0,0.0,0.0,0.0,0.014383560615209444,5.140126465004869,0.00690497151711626,2900
59,0.0030858244715642534,0.012291867076331384,0.002625961984211827,1.2416997390100732,0.018327004887096703,0.019847035361874155,0.01932840765358923,0.019400230159501774,0.0,0.0,0.0,0.0,0.01441549200574188,0.01537607630301643,0.014718562063482958,0.01459818558419479,0.0,0.0,0.0,0.0,0.014381894001443657,5.241538307047449,0.006924613366549426,2901
60,0.0030858244715642534,0.012291867076331384,0.002624518211813025,1.2416997390100732,0.018327004887096703,0.019847035361874155,0.01932840765358923,0.019400230159501774,0.0,0.0,0.0,0.0,0.014414723032822447,0.01536239690737373,0.014691899154364144,0.014582024611110802,0.0,0.0,0.0,0.0,0.014351739598364348,7.654921840992756,0.0068431185695388315,3000
61,0.0030858244715642534,0.012291867076331384,0.002624503872573197,1.2416997390100732,0.018327004887096703,0.019847035361874155,0.01932840765358923,0.019400230159501774,0.0,0.0,0.0,0.0,0.014414723032822447,0.01536239690737373,0.014691899154364146,0.014582024611110802,0.0,0.0,0.0,0.0,0.014349278562301148,4.760607833974063,0.00684311856953883,3001
62,0.0030858244715642534,0.012291867076331384,0.0026231074374466496,1.2416997390100732,0.018327004887096703,0.019847035361874155,0.01932840765358923,0.019400230159501774,0.0,0.0,0.0,0.0,0.014401852655807562,0.015351105910604377,0.0146664746024661,0.014559734886779798,1.0,0.0,0.0,0.0,0.014419871740702058,5.0689137479057536,0.006817873752257212,3100
63,0.0030858244715642534,0.012291867076331384,0.002623093560810554,1.2416997390100732,0.018327004887096703,0.019847035361874155,0.01932840765358923,0.019400230159501774,0.0,0.0,0.0,0.0,0.01440158405920412,0.01534859128625525,0.014665067275844776,0.014557168273052786,1.0,0.0,0.0,0.0,0.014461146579181712,3.995279016904533,0.006843532746396519,3101
64,0.0030858244715642534,0.012291867076331384,0.002621741480236097,1.2416997390100732,0.018327004887096703,0.019847035361874155,0.01932840765358923,0.019400230159501774,0.0,0.0,0.0,0.0,0.014395580351761654,0.015340673507876929,0.014648248511974325,0.014542881935455583,1.0,0.0,0.0,0.0,0.014520109874158563,6.660258125048131,0.006826448515455765,3200
65,0.0030858244715642534,0.012291867076331384,0.002621728037510467,1.2416997390100732,0.018327004887096703,0.019847035361874155,0.01932840765358923,0.019400230159501774,0.0,0.0,0.0,0.0,0.014395580351761654,0.015340673507876929,0.014648248511974325,0.014542881935455583,1.0,0.0,0.0,0.0,0.014517743321910423,8.882017873926088,0.006826448515455761,3201
66,0.0030858244715642534,0.012291867076331384,0.0026204176014052484,1.2416997390100732,0.018327004887096703,0.019847035361874155,0.01932840765358923,0.019400230159501774,0.0,0.0,0.0,0.0,0.014398888799717402,0.015334866942826566,0.014648509761634879,0.014539573123190128,1.0,0.0,0.0,1.0,0.014625116302803904,5.668613595073111,0.006831840952361031,3300
67,0.0030858244715642534,0.012291867076331384,0.0026204045664795987,1.2416997390100732,0.018327004887096703,0.019847035361874155,0.01932840765358923,0.019400230159501774,0.0,0.0,0.0,0.0,0.014398570556789286,0.015335440687920861,0.014647855335902188,0.014539371620621102,1.0,0.0,0.0,1.0,0.014622790501566044,7.195431001950055,0.006827663356365411,3301
68,0.0030858244715642534,0.012291867076331384,0.002619133305190143,1.2416997390100732,0.018327004887096703,0.019847035361874155,0.01932840765358923,0.019400230159501774,0.0,0.0,0.0,0.0,0.014407561484299945,0.015331064731378463,0.01464931329404487,0.01453774301891821,1.0,0.0,1.0,1.0,0.014732087868739115,5.850257126032375,0.006882197575539876,3400
69,0.0030858244715642534,0.012291867076331384,0.0026191206542361847,1.2416997390100732,0.018327004887096703,0.019847035361874155,0.01932840765358923,0.019400230159501774,0.0,0.0,0.0,0.0,0.014407541597742615,0.01533107502276983,0.014649307119776684,0.014537743271833558,1.0,0.0,1.0,1.0,0.014729813179321595,5.915214356966317,0.006882114635227855,3401
70,0.0030858244715642534,0.012291867076331384,0.0026178863109471377,1.2416997390100732,0.018327004887096703,0.019847035361874155,0.01932840765358923,0.019400230159501774,0.0,0.0,0.0,0.0,0.014397527301967757,0.015333144479986762,0.014633488483215785,0.0145265715030586,1.0,0.0,1.0,1.0,0.014723557318474976,7.299359990051016,0.00681202602560851,3500
71,0.0030858244715642534,0.012291867076331384,0.0026178740221606575,1.2416997390100732,0.018327004887096703,0.019847035361874155,0.01932840765358923,0.019400230159501774,0.0,0.0,0.0,0.0,0.014399429058926331,0.015331879185756013,0.014636179729562982,0.014528659940974381,1.0,0.0,1.0,1.0,0.014734599957173456,7.084508516010828,0.0068209241559695506,3501
72,0.0030858244715642534,0.012291867076331384,0.0026166745291485356,1.2416997390100732,0.018327004887096703,0.019847035361874155,0.01932840765358923,0.019400230159501774,0.0,0.0,0.0,0.0,0.014397795206204813,0.015328979918833679,0.01463367776339222,0.01452676448081973,1.0,0.0,1.0,1.0,0.014753086903966994,7.005439790082164,0.006833455841944059,3600
73,0.0030858244715642534,0.012291867076331384,0.0026166625825267387,1.2416997390100732,0.018327004887096703,0.019847035361874155,0.01932840765358923,0.019400230159501774,0.0,0.0,0.0,0.0,0.014397795206204813,0.015328979918833682,0.014633677763392224,0.01452676448081973,1.0,0.0,1.0,1.0,0.014750917736324696,6.576045305933803,0.00683345584194406,3601
74,0.0030858244715642534,0.012291867076331384,0.0026154960406333952,1.2416997390100732,0.018327004887096703,0.019847035361874155,0.01932840765358923,0.019400230159501774,0.0,0.0,0.0,0.0,0.01440049451505395,0.015323806264873292,0.01463724114318561,0.014528134732700891,1.0,0.0,1.0,1.0,0.0146941852698434,7.502039051963948,0.006841656303953082,3700
75,0.0030858244715642534,0.012291867076331384,0.002615484417782021,1.2416997390100732,0.018327004887096703,0.019847035361874155,0.01932840765358923,0.019400230159501774,0.0,0.0,0.0,0.0,0.014400041660384477,0.015324086497896398,0.014637016170596049,0.01452798621151293,1.0,0.0,1.0,1.0,0.014692091630478528,8.856355900061317,0.00683812669017646,3701
76,0.0030858244715642534,0.012291867076331384,0.002614349078597993,1.2416997390100732,0.018327004887096703,0.019847035361874155,0.01932840765358923,0.019400230159501774,0.0,0.0,0.0,0.0,0.014403664236046979,0.015326703710025612,0.014643807775530876,0.014534385904017235,1.0,0.0,0.0,1.0,0.014616652337819109,7.489867020980455,0.006790999784311848,3800
77,0.0030858244715642534,0.012291867076331384,0.002614337762563559,1.2416997390100732,0.018327004887096703,0.019847035361874155,0.01932840765358923,0.019400230159501774,0.0,0.0,0.0,0.0,0.014403475298590764,0.015326792062511937,0.014643845884779022,0.014534472552683564,1.0,0.0,0.0,1.0,0.014614620174100335,10.708027381100692,0.006790089071438964,3801
78,0.0030858244715642534,0.012291867076331384,0.0026132320129032085,1.2416997390100732,0.018327004887096703,0.019847035361874155,0.01932840765358923,0.019400230159501774,0.0,0.0,0.0,0.0,0.014415823381141914,0.01532466883339588,0.01466388224966538,0.014549480385073551,1.0,0.0,0.0,1.0,0.01456947684786423,8.323295998037793,0.006769854752023593,3900
79,0.0030858244715642534,0.012291867076331384,0.0026132209880265498,1.2416997390100732,0.018327004887096703,0.019847035361874155,0.01932840765358923,0.019400230159501774,0.0,0.0,0.0,0.0,0.014415823381141914,0.01532466883339588,0.01466388224966538,0.014549480385073553,1.0,0.0,0.0,1.0,0.014567502759761005,7.917861253023148,0.006769854752023593,3901
80,0.0030858244715642534,0.012291867076331384,0.0026121433363502657,1.2416997390100732,0.018327004887096703,0.019847035361874155,0.01932840765358923,0.019400230159501774,0.0,0.0,0.0,0.0,0.014397558437324532,0.015325836121981002,0.014634974201450912,0.014526301136110708,1.0,0.0,1.0,1.0,0.0148009619480209,8.820519271073863,0.006819308437506406,4000
81,0.0030858244715642534,0.012291867076331384,0.0026121325881382114,1.2416997390100732,0.018327004887096703,0.019847035361874155,0.01932840765358923,0.019400230159501774,0.0,0.0,0.0,0.0,0.014397558437324529,0.015325836121981,0.014634974201450908,0.014526301136110708,1.0,0.0,1.0,1.0,0.014798991655868215,8.333901135018095,0.006819308437506402,4001
82,0.0030858244715642534,0.012291867076331384,0.0026110816526359218,1.2416997390100732,0.018327004887096703,0.019847035361874155,0.01932840765358923,0.019400230159501774,0.0,0.0,0.0,0.0,0.01441133204646572,0.015323750930503335,0.014650179895200954,0.014532694576389702,1.0,0.0,1.0,1.0,0.014746921753191648,9.822273985017091,0.006825172529999595,4100
83,0.0030858244715642534,0.012291867076331384,0.0026110711676484797,1.2416997390100732,0.018327004887096703,0.019847035361874155,0.01932840765358923,0.019400230159501774,0.0,0.0,0.0,0.0,0.01441133204646572,0.015323750930503336,0.014650179895200956,0.014532694576389704,1.0,0.0,1.0,1.0,0.014745013357811454,9.093782049021684,0.006825172529999596,4101
84,0.0030858244715642534,0.012291867076331384,0.0026100456657464914,1.2416997390100732,0.018327004887096703,0.019847035361874155,0.01932840765358923,0.019400230159501774,0.0,0.0,0.0,0.0,0.014413973273224516,0.015322806372601392,0.014651013734296713,0.014533969880611376,1.0,0.0,1.0,1.0,0.0146993743139212,11.654935578932054,0.006835265388905258,4200
85,0.0030858244715642534,0.012291867076331384,0.0026100354314973423,1.2416997390100732,0.018327004887096703,0.019847035361874155,0.01932840765358923,0.019400230159501774,0.0,0.0,0.0,0.0,0.014411917639830202,0.015322427385227154,0.014650528071087583,0.014533073566571752,1.0,0.0,1.0,1.0,0.014697523597908574,9.963188003981486,0.006825087252256737,4201
86,0.0030858244715642534,0.012291867076331384,0.0026090341705893396,1.2416997390100732,0.018327004887096703,0.019847035361874155,0.01932840765358923,0.019400230159501774,0.0,0.0,0.0,0.0,0.014413453222982948,0.01532834164345188,0.01465009496908594,0.014535342855035186,1.0,0.0,0.0,1.0,0.014647042282922542,10.99472604203038,0.006814533841611483,4300
87,0.0030858244715642534,0.012291867076331384,0.0026090241754578043,1.2416997390100732,0.018327004887096703,0.019847035361874155,0.01932840765358923,0.019400230159501774,0.0,0.0,0.0,0.0,0.014413945010924422,0.015331964662528752,0.014651801528198142,0.014538123031046188,1.0,0.0,0.0,1.0,0.014645242151024815,9.006918763043359,0.006805573556958014,4301
88,0.0030858244715642534,0.012291867076331384,0.0026080460446926165,1.2416997390100732,0.018327004887096703,0.019847035361874155,0.01932840765358923,0.019400230159501774,0.0,0.0,0.0,0.0,0.014399452276109125,0.015330837035811768,0.014637528780598649,0.014527908022749645,1.0,0.0,1.0,1.0,0.014647004781660217,11.957137068035081,0.006792278129055452,4400
89,0.0030858244715642534,0.012291867076331384,0.0026080362778455493,1.2416997390100732,0.018327004887096703,0.019847035361874155,0.01932840765358923,0.019400230159501774,0.0,0.0,0.0,0.0,0.014401958956956961,0.015329270075982407,0.014636756383194796,0.01452628020615992,1.0,0.0,1.0,1.0,0.014660165822224399,10.043858084012754,0.006816505670388922,4401
90,0.0030858244715642534,0.012291867076331384,0.002607080240830385,1.2416997390100732,0.018327004887096703,0.019847035361874155,0.01932840765358923,0.019400230159501774,0.0,0.0,0.0,0.0,0.014398564172175886,0.01532733641556553,0.014646382202092715,0.014533395601123926,1.0,0.0,1.0,1.0,0.014673639935049632,9.306295746006072,0.006838935821413594,4500
91,0.0030858244715642534,0.012291867076331384,0.002607070692152668,1.2416997390100732,0.018327004887096703,0.019847035361874155,0.01932840765358923,0.019400230159501774,0.0,0.0,0.0,0.0,0.014400473188927827,0.015325468380340178,0.014648167635850366,0.014534564478213254,1.0,0.0,1.0,1.0,0.014674416236281152,12.055662302998826,0.006862674486179298,4501
92,0.0030858244715642534,0.012291867076331384,0.0026061357804520895,1.2416997390100732,0.018327004887096703,0.019847035361874155,0.01932840765358923,0.019400230159501774,0.0,0.0,0.0,0.0,0.01438823532518569,0.01533288593477784,0.014645710026200043,0.014536819562524088,1.0,0.0,0.0,1.0,0.014626812708152945,8.126243049977347,0.006793897311188176,4600
93,0.0030858244715642534,0.012291867076331384,0.0026061264404846286,1.2416997390100732,0.018327004887096703,0.019847035361874155,0.01932840765358923,0.019400230159501774,0.0,0.0,0.0,0.0,0.01438823532518569,0.01533288593477784,0.01464571002620004,0.014536819562524088,1.0,0.0,0.0,1.0,0.014625128572397846,12.216466580983251,0.006793897311188176,4601
94,0.0030858244715642534,0.012291867076331384,0.002605211747813388,1.2416997390100732,0.018327004887096703,0.019847035361874155,0.01932840765358923,0.019400230159501774,0.0,0.0,0.0,0.0,0.014385893873464572,0.015331524150559451,0.01464281418867097,0.014533842610008162,1.0,0.0,0.0,1.0,0.01456424308729469,10.629786597099155,0.006790020711984085,4700
95,0.0030858244715642534,0.012291867076331384,0.0026052026076976557,1.2416997390100732,0.018327004887096703,0.019847035361874155,0.01932840765358923,0.019400230159501774,0.0,0.0,0.0,0.0,0.014385245758437382,0.015331521635683375,0.014642167026559164,0.014533201011920297,1.0,0.0,0.0,1.0,0.014562606545667734,13.266577554983087,0.006786591075356179,4701
96,0.0030858244715642534,0.012291867076331384,0.0026043072847204275,1.2416997390100732,0.018327004887096703,0.019847035361874155,0.01932840765358923,0.019400230159501774,0.0,0.0,0.0,0.0,0.0143838357566726,0.015334820813813162,0.014644466566320872,0.014537314395287536,1.0,0.0,0.0,1.0,0.014544872685271293,15.258700054953806,0.006799948887916576,4800
97,0.0030858244715642534,0.012291867076331384,0.002604298336148735,1.2416997390100732,0.018327004887096703,0.019847035361874155,0.01932840765358923,0.019400230159501774,0.0,0.0,0.0,0.0,0.0143838357566726,0.01533482081381316,0.014644466566320867,0.014537314395287533,1.0,0.0,0.0,1.0,0.014543276122954788,12.525956468074583,0.006799948887916576,4801
98,0.0030858244715642534,0.012291867076331384,0.0026034215858122267,1.2416997390100732,0.018327004887096703,0.019847035361874155,0.01932840765358923,0.019400230159501774,0.0,0.0,0.0,0.0,0.014389508744746152,0.015320463088003649,0.014634451052315334,0.0145222058559004,1.0,0.0,0.0,1.0,0.014569324580691125,15.738324844045565,0.006858050219871668,4900
99,0.0030858244715642534,0.012291867076331384,0.002603412820983044,1.2416997390100732,0.018327004887096703,0.019847035361874155,0.01932840765358923,0.019400230159501774,0.0,0.0,0.0,0.0,0.014389508744746152,0.015320463088003649,0.014634451052315338,0.014522205855900404,1.0,0.0,0.0,1.0,0.014567767062137136,11.723945050034672,0.006858050219871669,4901
100,0.0030858244715642534,0.012291867076331384,0.0026025538943164187,1.2416997390100732,0.018327004887096703,0.019847035361874155,0.01932840765358923,0.019400230159501774,0.0,0.0,0.0,0.0,0.0143893475625997,0.015322560188905413,0.014634083323378032,0.014521941319623678,1.0,0.0,0.0,1.0,0.014546447808423202,9.707670170930214,0.006865590203817899,5000
101,0.0030858244715642534,0.012291867076331384,0.002602545305894122,1.2416997390100732,0.018327004887096703,0.019847035361874155,0.01932840765358923,0.019400230159501774,0.0,0.0,0.0,0.0,0.014389356589609244,0.01532257644624652,0.01463409849040168,0.014521951444965661,1.0,0.0,0.0,1.0,0.014544927442357743,13.746651515946724,0.00686576607825137,5001
102,0.0030858244715642534,0.012291867076331384,0.0026017034982224927,1.2416997390100732,0.018327004887096703,0.019847035361874155,0.01932840765358923,0.019400230159501774,0.0,0.0,0.0,0.0,0.014399436242663242,0.015311661652807175,0.014639117997795931,0.014519157600718209,1.0,0.0,0.0,1.0,0.014573135125315485,15.567317020031624,0.0068757618533591795,5100
103,0.0030858244715642534,0.012291867076331384,0.0026016950793010386,1.2416997390100732,0.018327004887096703,0.019847035361874155,0.01932840765358923,0.019400230159501774,0.0,0.0,0.0,0.0,0.014399436242663245,0.015311661652807175,0.014639117997795931,0.014519157600718209,1.0,0.0,0.0,1.0,0.014571640779892859,16.939492153003812,0.00687576185335918,5101
104,0.0030858244715642534,0.012291867076331384,0.002600869726824238,1.2416997390100732,0.018327004887096703,0.019847035361874155,0.01932840765358923,0.019400230159501774,0.0,0.0,0.0,0.0,0.014411621165407777,0.0153131396885328,0.014641376076396474,0.014520669447827188,1.0,0.0,1.0,1.0,0.014643321578637028,14.245197781943716,0.006871787660243464,5200
105,0.0030858244715642534,0.012291867076331384,0.002600861470894305,1.2416997390100732,0.018327004887096703,0.019847035361874155,0.01932840765358923,0.019400230159501774,0.0,0.0,0.0,0.0,0.014411621165407777,0.0153131396885328,0.014641376076396474,0.014520669447827188,1.0,0.0,1.0,1.0,0.014641841568368816,11.809349611983635,0.006871787660243465,5201
106,0.0030858244715642534,0.012291867076331384,0.0026000519475894604,1.2416997390100732,0.018327004887096703,0.019847035361874155,0.01932840765358923,0.019400230159501774,0.0,0.0,0.0,0.0,0.014400555581768596,0.015317449995878253,0.014635908431998834,0.01451841648284993,1.0,0.0,0.0,1.0,0.01460541132241579,17.06681256799493,0.006890305902096151,5300
107,0.0030858244715642534,0.012291867076331384,0.0026000438485086715,1.2416997390100732,0.018327004887096703,0.019847035361874155,0.01932840765358923,0.019400230159501774,0.0,0.0,0.0,0.0,0.014400555581768596,0.015317449995878253,0.014635908431998834,0.01451841648284993,1.0,0.0,0.0,1.0,0.014603969516132792,16.687466916977428,0.006890305902096151,5301
108,0.0030858244715642534,0.012291867076331384,0.002599249563320524,1.2416997390100732,0.018327004887096703,0.019847035361874155,0.01932840765358923,0.019400230159501774,0.0,0.0,0.0,0.0,0.014392938268156942,0.015321553253680844,0.014632928375713049,0.014518305101343007,1.0,0.0,0.0,1.0,0.014537648654552753,13.805075429962017,0.006887883584206166,5400
109,0.0030858244715642534,0.012291867076331384,0.0025992416152864086,1.2416997390100732,0.018327004887096703,0.019847035361874155,0.01932840765358923,0.019400230159501774,0.0,0.0,0.0,0.0,0.014392962600368516,0.015321530228088178,0.014632943022621494,0.014518316386362562,1.0,0.0,0.0,1.0,0.014536245136437718,16.685848413966596,0.00688811268161303,5401
110,0.0030858244715642534,0.012291867076331384,0.0025984620095738774,1.2416997390100732,0.018327004887096703,0.019847035361874155,0.01932840765358923,0.019400230159501774,0.0,0.0,0.0,0.0,0.014392681267612159,0.015316478548218314,0.014634009449294955,0.014518363199774,1.0,0.0,0.0,0.0,0.014494673090765173,11.399522466002963,0.0068920529010526475,5500
111,0.0030858244715642534,0.012291867076331384,0.0025984542070992796,1.2416997390100732,0.018327004887096703,0.019847035361874155,0.01932840765358923,0.019400230159501774,0.0,0.0,0.0,0.0,0.01438805881391939,0.015320705623242807,0.014634869816376418,0.01451936407649892,1.0,0.0,0.0,0.0,0.014506695908862801,12.882692842977121,0.006875675038978658,5501
112,0.0030858244715642534,0.012291867076331384,0.002597688752310765,1.2416997390100732,0.018327004887096703,0.019847035361874155,0.01932840765358923,0.019400230159501774,0.0,0.0,0.0,0.0,0.01438348910559131,0.015320622497826373,0.014632686332155703,0.014517829107320532,1.0,0.0,0.0,0.0,0.01451578411968468,15.448535026051104,0.0069169894569889355,5600
113,0.0030858244715642534,0.012291867076331384,0.002597681090201429,1.2416997390100732,0.018327004887096703,0.019847035361874155,0.01932840765358923,0.019400230159501774,0.0,0.0,0.0,0.0,0.014383453509095437,0.015320591884833552,0.014632744214943837,0.014517835175772782,1.0,0.0,0.0,0.0,0.01451443887454233,11.912059836089611,0.0069168798469451285,5601
114,0.0030858244715642534,0.012291867076331384,0.0025969292857546925,1.2416997390100732,0.018327004887096703,0.019847035361874155,0.01932840765358923,0.019400230159501774,0.0,0.0,0.0,0.0,0.014386500777870806,0.015318019470654207,0.0146375201015419,0.014520396426851592,1.0,0.0,0.0,1.0,0.014550523003386478,18.065046283067204,0.006946493393749846,5700
115,0.0030858244715642534,0.012291867076331384,0.0025969217590888116,1.2416997390100732,0.018327004887096703,0.019847035361874155,0.01932840765358923,0.019400230159501774,0.0,0.0,0.0,0.0,0.014386500777870806,0.015318019470654209,0.0146375201015419,0.014520396426851595,1.0,0.0,0.0,1.0,0.01454920079340393,12.931263773934916,0.006946493393749847,5701
116,0.0030858244715642534,0.012291867076331384,0.0025961831304342226,1.2416997390100732,0.018327004887096703,0.019847035361874155,0.01932840765358923,0.019400230159501774,0.0,0.0,0.0,0.0,0.01438898522104353,0.015324794931418239,0.014635175245933574,0.014521879722782662,1.0,0.0,0.0,0.0,0.01450632138634338,15.745564321987331,0.006947146505361644,5800
117,0.0030858244715642534,0.012291867076331384,0.0025961757345437323,1.2416997390100732,0.018327004887096703,0.019847035361874155,0.01932840765358923,0.019400230159501774,0.0,0.0,0.0,0.0,0.01438898522104353,0.015324794931418239,0.014635175245933574,0.014521879722782662,1.0,0.0,0.0,0.0,0.014505029440542496,14.059415551018901,0.006947146505361644,5801
118,0.0030858244715642534,0.012291867076331384,0.002595449831392181,1.2416997390100732,0.018327004887096703,0.019847035361874155,0.01932840765358923,0.019400230159501774,0.0,0.0,0.0,0.0,0.014395986307771674,0.015327819285115216,0.01464816214829845,0.01453506578919811,1.0,0.0,0.0,1.0,0.01453887577303065,19.67498569493182,0.00697080402704329,5900
119,0.0030858244715642534,0.012291867076331384,0.0025954425618456367,1.2416997390100732,0.018327004887096703,0.019847035361874155,0.01932840765358923,0.019400230159501774,0.0,0.0,0.0,0.0,0.014395986307771674,0.015327819285115216,0.01464816214829845,0.01453506578919811,1.0,0.0,0.0,1.0,0.01453760404193571,16.356309546972625,0.00697080402704329,5901
120,0.0030858244715642534,0.012291867076331384,0.0025947289565445984,1.2416997390100732,0.018327004887096703,0.019847035361874155,0.01932840765358923,0.019400230159501774,0.0,0.0,0.0,0.0,0.014391048799889557,0.0153342443929416,0.014648459008648014,0.014537939543390367,1.0,0.0,0.0,0.0,0.014460441341414774,15.982463078922592,0.0069348731456358925,6000
121,0.0030858244715642534,0.012291867076331384,0.002594721809131468,1.2416997390100732,0.018327004887096703,0.019847035361874155,0.01932840765358923,0.019400230159501774,0.0,0.0,0.0,0.0,0.014391036154988397,0.015334219579408379,0.014648405836172449,0.014537873952534648,1.0,0.0,0.0,0.0,0.014459197705945552,18.47886405896861,0.00693530825424977,6001
122,0.0030858244715642534,0.012291867076331384,0.002594020095174612,1.2416997390100732,0.018327004887096703,0.019847035361874155,0.01932840765358923,0.019400230159501774,0.0,0.0,0.0,0.0,0.014396702483829881,0.015329382950525544,0.014651466962647451,0.014538445766171752,1.0,0.0,0.0,0.0,0.014404750554815804,18.287914476008154,0.0069028067956494405,6100
123,0.0030858244715642534,0.012291867076331384,0.002594013065890851,1.2416997390100732,0.018327004887096703,0.019847035361874155,0.01932840765358923,0.019400230159501774,0.0,0.0,0.0,0.0,0.014396702483829881,0.015329382950525546,0.014651466962647451,0.014538445766171755,1.0,0.0,0.0,0.0,0.014403530924876094,16.334077810985036,0.0069028067956494405,6101
124,0.0030858244715642534,0.012291867076331384,0.0025933228565482302,1.2416997390100732,0.018327004887096703,0.019847035361874155,0.01932840765358923,0.019400230159501774,0.0,0.0,0.0,0.0,0.014391090367128977,0.015334713971891666,0.014649695801407445,0.014539614894097184,0.0,0.0,0.0,0.0,0.014330576136679037,28.587348923902027,0.006846774594872138,6200
125,0.0030858244715642534,0.012291867076331384,0.0025933159415830152,1.2416997390100732,0.018327004887096703,0.019847035361874155,0.01932840765358923,0.019400230159501774,0.0,0.0,0.0,0.0,0.014392128553140416,0.015334510926962475,0.014650308579586255,0.01454031441175229,0.0,0.0,0.0,0.0,0.014331675003799815,21.844096943037584,0.006854546813195226,6201
126,0.0030858244715642534,0.012291867076331384,0.002592636868640328,1.2416997390100732,0.018327004887096703,0.019847035361874155,0.01932840765358923,0.019400230159501774,0.0,0.0,0.0,0.0,0.014385858056039555,0.015337705399998862,0.014645237667108318,0.014536319828415604,0.0,0.0,0.0,0.0,0.014358888786309507,16.727278525941074,0.0069098836037116505,6300
127,0.0030858244715642534,0.012291867076331384,0.002592630064363836,1.2416997390100732,0.018327004887096703,0.019847035361874155,0.01932840765358923,0.019400230159501774,0.0,0.0,0.0,0.0,0.014385469202360997,0.015337689119971971,0.014645034078469298,0.014536242521891713,0.0,0.0,0.0,0.0,0.014357716384158295,15.540334353107028,0.006908866643499142,6301
128,0.0030858244715642534,0.012291867076331384,0.002591961776960499,1.2416997390100732,0.018327004887096703,0.019847035361874155,0.01932840765358923,0.019400230159501774,0.0,0.0,0.0,0.0,0.014388465868891635,0.015339566022371538,0.014646360561382764,0.014537451508171666,0.0,0.0,0.0,0.0,0.014327495874880641,21.356246553943492,0.006924047245506501,6400
129,0.0030858244715642534,0.012291867076331384,0.0025919550799126377,1.2416997390100732,0.018327004887096703,0.019847035361874155,0.01932840765358923,0.019400230159501774,0.0,0.0,0.0,0.0,0.014388462919019754,0.015339560572059775,0.014646361540082994,0.014537448442864597,0.0,0.0,0.0,0.0,0.014326348313451823,17.0400121610146,0.006924000471059059,6401
130,0.0030858244715642534,0.012291867076331384,0.0025912972434695286,1.2416997390100732,0.018327004887096703,0.019847035361874155,0.01932840765358923,0.019400230159501774,0.0,0.0,0.0,0.0,0.014393498733961512,0.01534175163413365,0.01463545152570598,0.01452651216120132,0.0,0.0,0.0,0.0,0.014381129623485638,21.459769611014053,0.006942372079671336,6500
131,0.0030858244715642534,0.012291867076331384,0.002591290650349533,1.2416997390100732,0.018327004887096703,0.019847035361874155,0.01932840765358923,0.019400230159501774,0.0,0.0,0.0,0.0,0.014393498733961512,0.01534175163413365,0.01463545152570598,0.014526512161201318,0.0,0.0,0.0,0.0,0.01437999410867205,19.377991128945723,0.006942372079671335,6501
132,0.0030858244715642534,0.012291867076331384,0.0025906429455782322,1.2416997390100732,0.018327004887096703,0.019847035361874155,0.01932840765358923,0.019400230159501774,0.0,0.0,0.0,0.0,0.014392342543603335,0.01534177474172266,0.014633684095726553,0.014524607094022772,0.0,0.0,0.0,0.0,0.01433901641613976,19.239123674924485,0.0069558252626684535,6600
133,0.0030858244715642534,0.012291867076331384,0.002590636453235039,1.2416997390100732,0.018327004887096703,0.019847035361874155,0.01932840765358923,0.019400230159501774,0.0,0.0,0.0,0.0,0.014391197506559858,0.015342255771710986,0.014633012104320544,0.014524218363959276,0.0,0.0,0.0,0.0,0.014337905851858684,17.28527136996854,0.0069473894605917704,6601
134,0.0030858244715642534,0.012291867076331384,0.002589998575221243,1.2416997390100732,0.018327004887096703,0.019847035361874155,0.01932840765358923,0.019400230159501774,0.0,0.0,0.0,0.0,0.014394146828622221,0.015338447785031213,0.014636677378681781,0.01452770951330636,1.0,0.0,0.0,0.0,0.01439674314005209,19.584964380948804,0.006949283313278288,6700
135,0.0030858244715642534,0.012291867076331384,0.0025899921806445876,1.2416997390100732,0.018327004887096703,0.019847035361874155,0.01932840765358923,0.019400230159501774,0.0,0.0,0.0,0.0,0.014394146828622216,0.015338447785031212,0.014636677378681781,0.014527709513306357,1.0,0.0,0.0,0.0,0.01439563997610204,20.462648057960905,0.0069492833132782875,6701
136,0.0030858244715642534,0.012291867076331384,0.0025893638379991418,1.2416997390100732,0.018327004887096703,0.019847035361874155,0.01932840765358923,0.019400230159501774,0.0,0.0,0.0,0.0,0.014401129701902339,0.01533774789599544,0.014640142802359058,0.014528157289815621,1.0,0.0,0.0,0.0,0.0144443427433912,19.013122073956765,0.006982812644946216,6800
137,0.0030858244715642534,0.012291867076331384,0.0025893575383113014,1.2416997390100732,0.018327004887096703,0.019847035361874155,0.01932840765358923,0.019400230159501774,0.0,0.0,0.0,0.0,0.014400982215681908,0.015337794339407237,0.014640009410442198,0.014528074701115246,1.0,0.0,0.0,0.0,0.014443253417508562,24.996109799016267,0.0069818714541627835,6801
138,0.0030858244715642534,0.012291867076331384,0.002588738452382949,1.2416997390100732,0.018327004887096703,0.019847035361874155,0.01932840765358923,0.019400230159501774,0.0,0.0,0.0,0.0,0.014393408604409559,0.015340431494155576,0.014635021998367172,0.014526015617611469,1.0,0.0,0.0,0.0,0.014404924117092748,18.815945725073107,0.0069490861245156774,6900
139,0.0030858244715642534,0.012291867076331384,0.0025887322448310875,1.2416997390100732,0.018327004887096703,0.019847035361874155,0.01932840765358923,0.019400230159501774,0.0,0.0,0.0,0.0,0.014393407737130834,0.015340431943134898,0.014635020870483718,0.014526014625156873,1.0,0.0,0.0,0.0,0.014403851483494465,20.5558013189584,0.006949077711806533,6901
140,0.0030858244715642534,0.012291867076331384,0.0025881221489756348,1.2416997390100732,0.018327004887096703,0.019847035361874155,0.01932840765358923,0.019400230159501774,0.0,0.0,0.0,0.0,0.014392665771143091,0.01534147703138692,0.014634195237437616,0.014525271752931303,0.0,0.0,0.0,0.0,0.014390730356030236,20.829084816970862,0.006944673492940656,7000
141,0.0030858244715642534,0.012291867076331384,0.0025881160309246826,1.2416997390100732,0.018327004887096703,0.019847035361874155,0.01932840765358923,0.019400230159501774,0.0,0.0,0.0,0.0,0.014392665771143091,0.01534147703138692,0.014634195237437614,0.014525271752931303,0.0,0.0,0.0,0.0,0.014389674327543055,22.16755097603891,0.0069446734929406555,7001
142,0.0030858244715642534,0.012291867076331384,0.0025875146698257977,1.2416997390100732,0.018327004887096703,0.019847035361874155,0.01932840765358923,0.019400230159501774,0.0,0.0,0.0,0.0,0.01438940696101767,0.015342798761243117,0.014632965791200334,0.014524483742186584,0.0,0.0,0.0,0.0,0.014344876580145398,26.52381180692464,0.0069218379813696836,7100
143,0.0030858244715642534,0.012291867076331384,0.002587508638751844,1.2416997390100732,0.018327004887096703,0.019847035361874155,0.01932840765358923,0.019400230159501774,0.0,0.0,0.0,0.0,0.01438940696101767,0.015342798761243117,0.014632965791200334,0.014524483742186584,0.0,0.0,0.0,0.0,0.014343838538109494,22.990681926952675,0.006921837981369685,7101
144,0.0030858244715642534,0.012291867076331384,0.002586915767789175,1.2416997390100732,0.018327004887096703,0.019847035361874155,0.01932840765358923,0.019400230159501774,0.0,0.0,0.0,0.0,0.014382270416239644,0.015344205117483408,0.014629584739597913,0.01452205544581897,0.0,0.0,0.0,0.0,0.014329555000747694,23.56567036290653,0.006908844334102681,7200
145,0.0030858244715642534,0.012291867076331384,0.0025869098212733064,1.2416997390100732,0.018327004887096703,0.019847035361874155,0.01932840765358923,0.019400230159501774,0.0,0.0,0.0,0.0,0.014382377102601296,0.015344193163010089,0.014628820590467164,0.01452112262946972,0.0,0.0,0.0,0.0,0.014333605604522938,25.35632051306311,0.00690878752806867,7201
146,0.0030858244715642534,0.012291867076331384,0.0025863252059340216,1.2416997390100732,0.018327004887096703,0.019847035361874155,0.01932840765358923,0.019400230159501774,0.0,0.0,0.0,0.0,0.014383039256977332,0.015343593874305568,0.014632830082520002,0.014525888388849008,0.0,0.0,0.0,0.0,0.014301421266194157,20.874127599061467,0.006890761924007385,7300
147,0.0030858244715642534,0.012291867076331384,0.0025863193416565855,1.2416997390100732,0.018327004887096703,0.019847035361874155,0.01932840765358923,0.019400230159501774,0.0,0.0,0.0,0.0,0.01438395903428462,0.01534301196696023,0.01463310510900787,0.014525763928080675,0.0,0.0,0.0,0.0,0.0143004135453444,22.418303867103532,0.006887968162101063,7301
148,0.0030858244715642534,0.012291867076331384,0.0025857427569867994,1.2416997390100732,0.018327004887096703,0.019847035361874155,0.01932840765358923,0.019400230159501774,0.0,0.0,0.0,0.0,0.014377216699727493,0.015346675356324275,0.014633933455044415,0.01452770921744995,0.0,0.0,0.0,0.0,0.01427085324055357,23.92740331904497,0.006879444219654208,7400
149,0.0030858244715642534,0.012291867076331384,0.002585736972722055,1.2416997390100732,0.018327004887096703,0.019847035361874155,0.01932840765358923,0.019400230159501774,0.0,0.0,0.0,0.0,0.014377215502724238,0.015346680994812838,0.014633936981679616,0.01452771206012576,0.0,0.0,0.0,0.0,0.014269861182330201,21.536746470956132,0.006879443485016981,7401
150,0.0030858244715642534,0.012291867076331384,0.0025851682028149494,1.2416997390100732,0.018327004887096703,0.019847035361874155,0.01932840765358923,0.019400230159501774,0.0,0.0,0.0,0.0,0.014374880988834578,0.015356113950316129,0.014634150720587257,0.014526520685329572,0.0,0.0,0.0,0.0,0.014265793942763632,20.288556976011023,0.006864023664691443,7500
151,0.0030858244715642534,0.012291867076331384,0.0025851624964260715,1.2416997390100732,0.018327004887096703,0.019847035361874155,0.01932840765358923,0.019400230159501774,0.0,0.0,0.0,0.0,0.01437487085044322,0.01535622461487942,0.01463410756993772,0.014526448272562817,0.0,0.0,0.0,0.0,0.014266235505544077,22.3140376979718,0.0068638566580031795,7501
152,0.0030858244715642534,0.012291867076331384,0.002584601333943797,1.2416997390100732,0.018327004887096703,0.019847035361874155,0.01932840765358923,0.019400230159501774,0.0,0.0,0.0,0.0,0.014379334952513574,0.015350726590367937,0.01462811846100117,0.014519857735326823,0.0,0.0,0.0,0.0,0.014220194318167057,26.60376243502833,0.0068636777199899595,7600
153,0.0030858244715642534,0.012291867076331384,0.002584595703378208,1.2416997390100732,0.018327004887096703,0.019847035361874155,0.01932840765358923,0.019400230159501774,0.0,0.0,0.0,0.0,0.014379334952513572,0.015350726590367937,0.014628118461001165,0.01451985773532682,0.0,0.0,0.0,0.0,0.01421923280769807,25.894461616990156,0.006863677719989958,7601
154,0.0030858244715642534,0.012291867076331384,0.002584041949104937,1.2416997390100732,0.018327004887096703,0.019847035361874155,0.01932840765358923,0.019400230159501774,0.0,0.0,0.0,0.0,0.014383799013476072,0.015355724597149139,0.014630102381759658,0.014520588802215979,0.0,0.0,0.0,0.0,0.014208852933515084,24.273883098969236,0.00688409722511525,7700
155,0.0030858244715642534,0.012291867076331384,0.0025840363923899413,1.2416997390100732,0.018327004887096703,0.019847035361874155,0.01932840765358923,0.019400230159501774,0.0,0.0,0.0,0.0,0.014383799013476072,0.015355724597149139,0.014630102381759656,0.014520588802215979,0.0,0.0,0.0,0.0,0.01420790792568275,29.55701832799241,0.006884097225115251,7701
156,0.0030858244715642534,0.012291867076331384,0.0025834898548136595,1.2416997390100732,0.018327004887096703,0.019847035361874155,0.01932840765358923,0.019400230159501774,0.0,0.0,0.0,0.0,0.014387522168498687,0.015357837123344204,0.014631092106111002,0.014521513019890948,0.0,0.0,0.0,0.0,0.014190989953331389,19.649968883022666,0.006868902666108991,7800
157,0.0030858244715642534,0.012291867076331384,0.0025834843700523586,1.2416997390100732,0.018327004887096703,0.019847035361874155,0.01932840765358923,0.019400230159501774,0.0,0.0,0.0,0.0,0.014387595265728938,0.015357889651430695,0.014631011021262012,0.01452144957367949,0.0,0.0,0.0,0.0,0.014190434718757002,22.843265531002544,0.006870850047408988,7801
158,0.0030858244715642534,0.012291867076331384,0.0025829448649732152,1.2416997390100732,0.018327004887096703,0.019847035361874155,0.01932840765358923,0.019400230159501774,0.0,0.0,0.0,0.0,0.014384615406047189,0.015345699467440186,0.01462694255593029,0.014517924531497087,0.0,0.0,0.0,0.0,0.01423373188021829,25.16210871108342,0.006859150245527848,7900
159,0.0030858244715642534,0.012291867076331384,0.002582939450340674,1.2416997390100732,0.018327004887096703,0.019847035361874155,0.01932840765358923,0.019400230159501774,0.0,0.0,0.0,0.0,0.014384615406047189,0.015345699467440188,0.01462694255593029,0.014517924531497087,0.0,0.0,0.0,0.0,0.01423280437655401,27.534217301988974,0.006859150245527848,7901
160,0.0030858244715642534,0.012291867076331384,0.002582406800503887,1.2416997390100732,0.018327004887096703,0.019847035361874155,0.01932840765358923,0.019400230159501774,0.0,0.0,0.0,0.0,0.0143860177000788,0.015344570107745184,0.014627351981482777,0.014518100639528934,0.0,0.0,0.0,0.0,0.014252093110222538,27.060806907946244,0.006855276406553886,8000
161,0.0030858244715642534,0.012291867076331384,0.0025824014542435497,1.2416997390100732,0.018327004887096703,0.019847035361874155,0.01932840765358923,0.019400230159501774,0.0,0.0,0.0,0.0,0.014386015309079634,0.015344556874886721,0.014627356678710507,0.014518101628704065,0.0,0.0,0.0,0.0,0.014251174317983095,26.146731171989813,0.006855291876998333,8001
162,0.0030858244715642534,0.012291867076331384,0.002581875488995043,1.2416997390100732,0.018327004887096703,0.019847035361874155,0.01932840765358923,0.019400230159501774,0.0,0.0,0.0,0.0,0.014387961115869586,0.015340411230085322,0.014629239054763312,0.014516248609124063,0.0,0.0,0.0,0.0,0.014232873809714034,25.314654669025913,0.006858359588739336,8100
163,0.0030858244715642534,0.012291867076331384,0.0025818702094153605,1.2416997390100732,0.018327004887096703,0.019847035361874155,0.01932840765358923,0.019400230159501774,0.0,0.0,0.0,0.0,0.014389427252276524,0.01534170106187103,0.014629499339481437,0.014515144828783908,0.0,0.0,0.0,0.0,0.01423346781421691,27.793647874961607,0.006856236096335407,8101
164,0.0030858244715642534,0.012291867076331384,0.002581350764378474,1.2416997390100732,0.018327004887096703,0.019847035361874155,0.01932840765358923,0.019400230159501774,0.0,0.0,0.0,0.0,0.014388130127030304,0.015335700259383979,0.01463133353969036,0.014516334960655542,0.0,0.0,0.0,0.0,0.01422610454345321,18.25880180299282,0.006844783670178441,8200
165,0.0030858244715642534,0.012291867076331384,0.002581345549849738,1.2416997390100732,0.018327004887096703,0.019847035361874155,0.01932840765358923,0.019400230159501774,0.0,0.0,0.0,0.0,0.014388112032595496,0.015335681276535406,0.014631307180852735,0.014516307126532107,0.0,0.0,0.0,0.0,0.014225210361839682,32.45484589296393,0.006844902664542452,8201
166,0.0030858244715642534,0.012291867076331384,0.0025808324666214692,1.2416997390100732,0.018327004887096703,0.019847035361874155,0.01932840765358923,0.019400230159501774,0.0,0.0,0.0,0.0,0.014390414716876899,0.015339072526601842,0.014632002901232342,0.01451611768527203,0.0,0.0,0.0,0.0,0.014190777441450012,27.028648518957198,0.006804519680939988,8300
167,0.0030858244715642534,0.012291867076331384,0.002580827315572841,1.2416997390100732,0.018327004887096703,0.019847035361874155,0.01932840765358923,0.019400230159501774,0.0,0.0,0.0,0.0,0.014390414716876899,0.015339072526601842,0.014632002901232342,0.014516117685272034,0.0,0.0,0.0,0.0,0.014189892965607537,24.847359330044128,0.006804519680939988,8301
168,0.0030858244715642534,0.012291867076331384,0.0025803204414382268,1.2416997390100732,0.018327004887096703,0.019847035361874155,0.01932840765358923,0.019400230159501774,0.0,0.0,0.0,0.0,0.01438483836856007,0.015344502876406187,0.01462731772597292,0.01451831806743823,0.0,0.0,0.0,0.0,0.014198640501799026,30.15978660294786,0.006820477333002814,8400
169,0.0030858244715642534,0.012291867076331384,0.002580315352354938,1.2416997390100732,0.018327004887096703,0.019847035361874155,0.01932840765358923,0.019400230159501774,0.0,0.0,0.0,0.0,0.014384992380034248,0.015345066422326175,0.014627664251849401,0.014518719004968053,0.0,0.0,0.0,0.0,0.014197767167109993,18.323653324041516,0.006817713573286502,8401
170,0.0030858244715642534,0.012291867076331384,0.0025798145400182967,1.2416997390100732,0.018327004887096703,0.019847035361874155,0.01932840765358923,0.019400230159501774,0.0,0.0,0.0,0.0,0.014385363688012773,0.015342973642285122,0.014628723902527839,0.014520962446749152,0.0,0.0,0.0,0.0,0.014196394607373191,36.79921854508575,0.0068229352494067865,8500
171,0.0030858244715642534,0.012291867076331384,0.0025798095114390155,1.2416997390100732,0.018327004887096703,0.019847035361874155,0.01932840765358923,0.019400230159501774,0.0,0.0,0.0,0.0,0.014385363688012768,0.015342973642285122,0.014628723902527839,0.014520962446749152,0.0,0.0,0.0,0.0,0.0141955323153187,29.25191149103921,0.006822935249406786,8501
172,0.0030858244715642534,0.012291867076331384,0.0025793146187708606,1.2416997390100732,0.018327004887096703,0.019847035361874155,0.01932840765358923,0.019400230159501774,0.0,0.0,0.0,0.0,0.01438513244104936,0.015344089950265925,0.014628483400501168,0.014520827263536677,0.0,0.0,0.0,0.0,0.014160971507637104,32.00879126705695,0.0068195281980867415,8600
173,0.0030858244715642534,0.012291867076331384,0.0025793096492852108,1.2416997390100732,0.018327004887096703,0.019847035361874155,0.01932840765358923,0.019400230159501774,0.0,0.0,0.0,0.0,0.014385567390994457,0.015344150113084373,0.014628263890104548,0.014520482488448654,0.0,0.0,0.0,0.0,0.014161280622738531,31.220430423039943,0.006822732762520068,8601
174,0.0030858244715642534,0.012291867076331384,0.002578820539083758,1.2416997390100732,0.018327004887096703,0.019847035361874155,0.01932840765358923,0.019400230159501774,0.0,0.0,0.0,0.0,0.014387922968412932,0.015343236502073282,0.014628341637864901,0.014520568422618221,0.0,0.0,0.0,0.0,0.014236133545444701,30.0597719240468,0.0068406959423133636,8700
175,0.0030858244715642534,0.012291867076331384,0.00257881562732998,1.2416997390100732,0.018327004887096703,0.019847035361874155,0.01932840765358923,0.019400230159501774,0.0,0.0,0.0,0.0,0.014385512729634316,0.015343718853789387,0.014627486107764672,0.014519470362038706,0.0,0.0,0.0,0.0,0.014241967709691274,27.979142055963166,0.006845330566731932,8701
176,0.0030858244715642534,0.012291867076331384,0.0025783321670962527,1.2416997390100732,0.018327004887096703,0.019847035361874155,0.01932840765358923,0.019400230159501774,0.0,0.0,0.0,0.0,0.014386597480232804,0.015344646525095531,0.014627300524614533,0.014519306798558151,0.0,0.0,0.0,0.0,0.01422070242014188,35.498564620967954,0.006833300436996809,8800
177,0.0030858244715642534,0.012291867076331384,0.0025783273117589984,1.2416997390100732,0.018327004887096703,0.019847035361874155,0.01932840765358923,0.019400230159501774,0.0,0.0,0.0,0.0,0.014386597480232804,0.015344646525095531,0.014627300524614533,0.014519306798558148,0.0,0.0,0.0,0.0,0.014219867779764162,30.58071663591545,0.006833300436996809,8801
178,0.0030858244715642534,0.012291867076331384,0.0025778493734846006,1.2416997390100732,0.018327004887096703,0.019847035361874155,0.01932840765358923,0.019400230159501774,0.0,0.0,0.0,0.0,0.014385018096301432,0.015343249086026096,0.01462526412181321,0.01451711673277345,0.0,0.0,0.0,0.0,0.014240276684808484,27.121204779017717,0.006846679886192631,8900
179,0.0030858244715642534,0.012291867076331384,0.0025778445732928495,1.2416997390100732,0.018327004887096703,0.019847035361874155,0.01932840765358923,0.019400230159501774,0.0,0.0,0.0,0.0,0.014385667414029314,0.015342875660722451,0.01462505393977544,0.01451690097867394,0.0,0.0,0.0,0.0,0.014240834305457839,31.673946586903185,0.006847063746890269,8901
180,0.0030858244715642534,0.012291867076331384,0.002577372033259577,1.2416997390100732,0.018327004887096703,0.019847035361874155,0.01932840765358923,0.019400230159501774,0.0,0.0,0.0,0.0,0.01438902273546182,0.015342170241013456,0.014626521054331048,0.014518054513027385,0.0,0.0,0.0,0.0,0.014230943256141979,29.145572888082825,0.006843196597965265,9000
181,0.0030858244715642534,0.012291867076331384,0.0025773672869846705,1.2416997390100732,0.018327004887096703,0.019847035361874155,0.01932840765358923,0.019400230159501774,0.0,0.0,0.0,0.0,0.01438902273546182,0.015342170241013458,0.014626521054331048,0.014518054513027385,0.0,0.0,0.0,0.0,0.014230127020736151,24.42839269095566,0.006843196597965266,9001
182,0.0030858244715642534,0.012291867076331384,0.002576900025575162,1.2416997390100732,0.018327004887096703,0.019847035361874155,0.01932840765358923,0.019400230159501774,0.0,0.0,0.0,0.0,0.014381296462287429,0.0153427333760495,0.014624091934333441,0.014516355861194161,0.0,0.0,0.0,0.0,0.014283004954698527,32.71166659996379,0.006844231083295108,9100
183,0.0030858244715642534,0.012291867076331384,0.0025768953320289413,1.2416997390100732,0.018327004887096703,0.019847035361874155,0.01932840765358923,0.019400230159501774,0.0,0.0,0.0,0.0,0.014381296462287429,0.0153427333760495,0.014624091934333441,0.014516355861194161,0.0,0.0,0.0,0.0,0.014282192062788199,37.234033723012544,0.006844231083295109,9101
184,0.0030858244715642534,0.012291867076331384,0.0025764332335476534,1.2416997390100732,0.018327004887096703,0.019847035361874155,0.01932840765358923,0.019400230159501774,0.0,0.0,0.0,0.0,0.014374553230411093,0.015345812913107834,0.014625793846241106,0.01451895978970032,0.0,0.0,0.0,0.0,0.01429110401370433,37.54214530799072,0.00683163840989332,9200
185,0.0030858244715642534,0.012291867076331384,0.0025764285915807054,1.2416997390100732,0.018327004887096703,0.019847035361874155,0.01932840765358923,0.019400230159501774,0.0,0.0,0.0,0.0,0.014374553230411095,0.01534581291310784,0.014625793846241108,0.014518959789700326,0.0,0.0,0.0,0.0,0.014290297672162467,34.18998061597813,0.006831638409893319,9201
186,0.0030858244715642534,0.012291867076331384,0.002575971544084548,1.2416997390100732,0.018327004887096703,0.019847035361874155,0.01932840765358923,0.019400230159501774,0.0,0.0,0.0,0.0,0.014365228088220102,0.015347446212710971,0.01462766486441357,0.014518536678282198,0.0,0.0,0.0,0.0,0.014277870826495554,37.88983808003832,0.006877123020867548,9300
187,0.0030858244715642534,0.012291867076331384,0.002575966952584538,1.2416997390100732,0.018327004887096703,0.019847035361874155,0.01932840765358923,0.019400230159501774,0.0,0.0,0.0,0.0,0.014365228088220102,0.015347446212710968,0.01462766486441357,0.014518536678282198,0.0,0.0,0.0,0.0,0.014277079387311977,32.93937335500959,0.006877123020867548,9301
188,0.0030858244715642534,0.012291867076331384,0.002575514847722545,1.2416997390100732,0.018327004887096703,0.019847035361874155,0.01932840765358923,0.019400230159501774,0.0,0.0,0.0,0.0,0.014362944451552749,0.015350087395870146,0.014623304523975323,0.01451604149593901,0.0,0.0,0.0,0.0,0.014242411596178162,38.57370035594795,0.006838327521755464,9400
189,0.0030858244715642534,0.012291867076331384,0.0025755103056126403,1.2416997390100732,0.018327004887096703,0.019847035361874155,0.01932840765358923,0.019400230159501774,0.0,0.0,0.0,0.0,0.014362917371357758,0.015350038263259553,0.014623359575093246,0.014516048749925512,0.0,0.0,0.0,0.0,0.01424162783385201,34.90313731401693,0.006838362069360206,9401
190,0.0030858244715642534,0.012291867076331384,0.002575063038474106,1.2416997390100732,0.018327004887096703,0.019847035361874155,0.01932840765358923,0.019400230159501774,0.0,0.0,0.0,0.0,0.014362746273354517,0.015350209079213226,0.014623331484081348,0.014515511822251878,0.0,0.0,0.0,0.0,0.014235698256309501,27.932548140990548,0.0068410535305322056,9500
191,0.0030858244715642534,0.012291867076331384,0.002575058544711486,1.2416997390100732,0.018327004887096703,0.019847035361874155,0.01932840765358923,0.019400230159501774,0.0,0.0,0.0,0.0,0.014362734731189033,0.015349968997499424,0.014621543592359131,0.014514037185918904,0.0,0.0,0.0,0.0,0.014236683844300362,37.000228173914365,0.00683006438561565,9501
192,0.0030858244715642534,0.012291867076331384,0.0025746160136820365,1.2416997390100732,0.018327004887096703,0.019847035361874155,0.01932840765358923,0.019400230159501774,0.0,0.0,0.0,0.0,0.014360423108878053,0.015346011188815368,0.014624774447846121,0.014515382686541166,0.0,0.0,0.0,0.0,0.014219775386102603,36.73931138694752,0.0068395474396861135,9600
193,0.0030858244715642534,0.012291867076331384,0.0025746115672564754,1.2416997390100732,0.018327004887096703,0.019847035361874155,0.01932840765358923,0.019400230159501774,0.0,0.0,0.0,0.0,0.014360171916972083,0.015346405327396246,0.014624258920778677,0.014515060303895617,0.0,0.0,0.0,0.0,0.014219010448566874,36.28847657900769,0.0068356430610168675,9601
194,0.0030858244715642534,0.012291867076331384,0.0025741736738815846,1.2416997390100732,0.018327004887096703,0.019847035361874155,0.01932840765358923,0.019400230159501774,0.0,0.0,0.0,0.0,0.014363691995601238,0.015344968527455594,0.014626387645197147,0.014519673770336363,0.0,0.0,0.0,0.0,0.014255987681627485,34.64448033308145,0.006842972698377515,9700
195,0.0030858244715642534,0.012291867076331384,0.0025741692738141075,1.2416997390100732,0.018327004887096703,0.019847035361874155,0.01932840765358923,0.019400230159501774,0.0,0.0,0.0,0.0,0.014363604729041813,0.01534494171057073,0.014626654973431385,0.014519877527090235,0.0,0.0,0.0,0.0,0.014255227317080479,40.45331956597511,0.006841377745692478,9701
196,0.0030858244715642534,0.012291867076331384,0.0025737359226695993,1.2416997390100732,0.018327004887096703,0.019847035361874155,0.01932840765358923,0.019400230159501774,0.0,0.0,0.0,0.0,0.014360788467912429,0.015348646303483449,0.01462504126505072,0.014518227875782195,0.0,0.0,0.0,0.0,0.014280765576724037,34.080744034959935,0.006850543307139625,9800
197,0.0030858244715642534,0.012291867076331384,0.0025737315680112107,1.2416997390100732,0.018327004887096703,0.019847035361874155,0.01932840765358923,0.019400230159501774,0.0,0.0,0.0,0.0,0.0143604172950728,0.015349020517017167,0.01462506436583462,0.01451827947954934,0.0,0.0,0.0,0.0,0.014280011134133533,39.033563095959835,0.006844887632403883,9801
198,0.0030858244715642534,0.012291867076331384,0.0025733026665803204,1.2416997390100732,0.018327004887096703,0.019847035361874155,0.01932840765358923,0.019400230159501774,0.0,0.0,0.0,0.0,0.014356863148041151,0.015352124975096677,0.014625233867421691,0.014520032339595033,0.0,0.0,0.0,0.0,0.014233983148694652,37.032048923079856,0.006797902905080033,9900
199,0.0030858244715642534,0.012291867076331384,0.002573298356410792,1.2416997390100732,0.018327004887096703,0.019847035361874155,0.01932840765358923,0.019400230159501774,0.0,0.0,0.0,0.0,0.014356863148041151,0.015352124975096677,0.014625233867421691,0.014520032339595038,0.0,0.0,0.0,0.0,0.01423323587904903,39.516242892015725,0.006797902905080034,9901
200,0.0030858244715642534,0.012291867076331384,0.002572873814967397,1.2416997390100732,0.018327004887096703,0.019847035361874155,0.01932840765358923,0.019400230159501774,0.0,0.0,0.0,0.0,0.014358803924026465,0.015352864034484394,0.014628917254268445,0.014524753161265046,0.0,0.0,0.0,0.0,0.014217958343712936,27.65081071201712,0.00676427964413049,10000
