,Unnamed: 0,DRO_obj_values,epsilon,DRO_time,DRO_eval1,DRO_eval2,DRO_satisfy1,DRO_satisfy2,SA_eval1,SA_eval2,SA_satisfy1,SA_satisfy2,SA_obj_values,SA_time,t
0,0.0,0.8061120246540975,0.6708203932499369,0.016031460650265162,0.9266184675134486,0.9053665736410007,0.2,0.2,5.0946435635190666,4.908744296509319,0.0,0.0,8.260059303211165e-16,0.00449192784726614,0.0
1,1.0,0.8363221459232666,0.6123724356957946,0.04448974099941548,0.9247880726834001,0.9232939295985968,0.2,0.2,4.2078609804805875,4.329497864178698,0.0,0.0,4.0708177569589076e-16,0.05432565738447004,1.0
2,2.0,0.8355016301307223,0.5,0.02508509876206514,0.8377005238859485,0.8265635612948465,0.6,0.8,4.161794670181794,4.490824596472604,0.0,0.0,8.585724723767876e-16,0.01152108865790064,4.0
3,3.0,0.8217223420072379,0.4743416490252569,0.0196691311895847,0.866802679608759,0.8445335255498174,0.4,0.6,3.0369860076691366,3.1012870383663085,0.0,0.0,2.0183854587685346e-15,0.024324308149516537,5.0
4,4.0,0.8132468812937134,0.40089186286863654,0.05035429056733842,0.8504142806155762,0.8295605662450797,0.4,0.4,2.6075479236201757,2.807522296604657,0.0,0.0,6.296550582516959e-16,0.3813489183783531,9.0
5,5.0,0.8153079215397229,0.3872983346207416,0.3457315065898001,0.8408006162957262,0.806014826839396,0.6,0.6,1.7992220291299756,1.9402085425264795,0.0,0.0,9.459100169806333e-16,0.21274058939889068,10.0
6,6.0,0.8154149579558461,0.3441236008058426,0.6093821059912443,0.8331227709837503,0.8071178526152482,0.4,0.6,2.432934694505356,2.3394703607926153,0.0,0.0,4.1487281446519013e-16,0.8248938115779311,14.0
7,7.0,0.8312042395306598,0.3354101966249684,0.5496037271805108,0.8263798552794068,0.7880539084131304,0.8,0.8,2.1357695147309337,1.9429297276730957,0.0,0.0,5.81756864903582e-16,2.845007740985602,15.0
8,8.0,0.8638097367687285,0.3061862178478973,0.547306979727,0.860179522277351,0.8502182674107643,0.6,0.6,1.556471284619736,1.3976674453023752,0.0,0.0,1.7948605564773364e-16,5.184577371133491,19.0
9,9.0,0.852157703253081,0.3,0.2800867824349552,0.8407106464017536,0.8104704669074645,0.6,0.8,1.737613248706067,1.6075240381160831,0.0,0.0,0.008619682791428225,4.848268134845421,20.0
10,10.0,0.7348226355801486,0.1463850109422799,1.0173944220412523,0.5964525295545785,0.5693084292259577,1.0,1.0,0.27490514333855637,0.2035622443506712,0.0,0.2,0.16504941441525206,2.3462627752684058,100.0
11,11.0,0.7340678393028706,0.1456928793535896,0.39457778236828744,0.585362526741575,0.5555331864716051,1.0,1.0,0.2749051433385584,0.20356224435067172,0.0,0.2,0.1634923444679389,3.5872106510214508,101.0
12,12.0,0.6591253897397362,0.1047645443654367,0.9890366704668849,0.4495562386601238,0.39107549694311405,1.0,1.0,0.2577868028870967,0.1864021002517057,0.0,0.4,0.1863218951820741,3.5849019592162223,200.0
13,13.0,0.6586943380548391,0.10450995214374262,1.0420658624265342,0.4474519905643084,0.3888242621206922,1.0,1.0,0.25778680288709893,0.18640210025170928,0.0,0.4,0.1854174199627443,3.054331898409873,201.0
14,14.0,0.6098832136815673,0.0858897501470802,0.9922017988748848,0.40378010974286455,0.34859403368510977,1.0,1.0,0.2544098742731153,0.18516110814988607,0.0,0.4,0.18111257196507477,2.1406572587788104,300.0
15,15.0,0.6088036219728751,0.0857492925712544,0.41662366781383753,0.40299908502553505,0.3478033584714095,1.0,1.0,0.2544098742731243,0.1851611081498875,0.0,0.4,0.18052070081486185,1.1514599640388044,301.0
16,16.0,0.5764580159628767,0.0745355992499929,0.2383090910036117,0.3766361372113714,0.31906176765044825,1.0,1.0,0.24356256833278334,0.1712055423186037,0.0,0.4,0.181864422536034,0.42808269006200134,400.0
17,17.0,0.5762568927345519,0.0744437500478197,0.2930402505677193,0.37650089176564966,0.31922115590722894,1.0,1.0,0.2427325765606277,0.17204853216315924,0.0,0.4,0.18275251708424656,0.6245055673643947,401.0
18,18.0,0.5495646396077455,0.0667491239234977,0.31136939460411667,0.361670868615881,0.31037612157981703,1.0,1.0,0.238105103424467,0.17434939864243168,0.0,0.6,0.18105405038479078,0.9531457216478885,500.0
19,19.0,0.5489692663988806,0.066683133671158,0.2344459948129952,0.36208840712658624,0.3109019063290833,1.0,1.0,0.23810510342446706,0.17434939864243318,0.0,0.6,0.1806962360559669,0.8906402686145156,501.0
20,20.0,0.5306444876092675,0.06098367211363061,0.3539430560078472,0.3474437556424771,0.2971376371977126,1.0,1.0,0.2353461189819598,0.17187752339726914,0.0,0.8,0.18776913461836092,1.1518469475675375,600.0
21,21.0,0.5303252853986831,0.060933334777679,0.4089269395917654,0.34752427298050265,0.29693238611130723,1.0,1.0,0.23534611898195684,0.17187752339726892,0.0,0.8,0.187459284561235,1.3237499649170785,601.0
22,22.0,0.5132313855641544,0.05649326828660319,0.4970048751682043,0.34174157375494263,0.28818213056149206,1.0,1.0,0.23397469377182434,0.17056904958611985,0.0,0.8,0.1857397184299408,1.2805167361162602,700.0
23,23.0,0.513132364793154,0.05645324471212361,0.47078967243433,0.3421442725178286,0.2885878702910831,1.0,1.0,0.2348714228162181,0.1699977658475925,0.0,0.8,0.1857071393863179,1.0497260864358395,701.0
24,24.0,0.5001555694985698,0.0528680532637681,0.47933142753317953,0.3337691781594291,0.2807191532584913,1.0,1.0,0.23496090287635746,0.17145801522823279,0.0,0.6,0.18609598292582927,1.4534957783296705,800.0
25,25.0,0.5002708698654263,0.052835246525726,0.3153687195852399,0.3334747525273002,0.28007408765770425,1.0,1.0,0.23435856365686103,0.17109816881079037,0.0,0.8,0.18632748783609188,1.2666390801314265,801.0
26,26.0,0.4881893925589349,0.04986168714859,0.6029267226345837,0.32681391155591316,0.27270079938247543,1.0,1.0,0.23200400561992787,0.16749721733885992,0.0,0.8,0.1856137313866125,1.2856114256195723,900.0
27,27.0,0.488153263677639,0.0498341620638821,0.5674135940615088,0.32682331771980033,0.2727056892492673,1.0,1.0,0.23202657471007396,0.16749320146600705,0.0,0.8,0.18621860502044263,1.321110910223797,901.0
28,28.0,0.47546914468388934,0.0473160223407383,0.4600138019770384,0.3230330962476754,0.2686269504050284,1.0,1.0,0.2316433714808989,0.16651297290550185,0.0,0.8,0.18469081178882463,1.2871010100003333,1000.0
29,29.0,0.4750924045613071,0.0472924995839573,0.7134769604541361,0.32303309624767484,0.26862695040502793,1.0,1.0,0.23164337148089306,0.1665129729054689,0.0,0.8,0.1845072225126923,1.8601220164913683,1001.0
30,30.0,0.46832093423997206,0.045124262819714,0.8985543319489807,0.3174948692476094,0.26375673011027745,1.0,1.0,0.22986719986310128,0.16868419713732372,0.0,0.8,0.1880058759437684,1.6107513532973825,1100.0
31,31.0,0.4680231553013412,0.0451038584493197,0.6600482785142958,0.3175033598429435,0.2637449635885722,1.0,1.0,0.22986719986310086,0.16868419713727764,0.0,0.8,0.18783588871416257,1.604650628240779,1101.0
32,32.0,0.46207422043908936,0.0432113401436758,0.976434834022075,0.31397708601340624,0.2599681143234414,1.0,1.0,0.2303161115731042,0.16877756686723513,0.0,0.8,0.19110548127513396,1.813768990850076,1200.0
33,33.0,0.461878639950284,0.043193421279068,0.8893095954321325,0.3140115432349286,0.2602843806529489,1.0,1.0,0.23031611157310436,0.16877756686723427,0.0,0.8,0.19094701901868683,1.649497619178146,1201.0
34,34.0,0.4591005443713727,0.0423586871043678,0.6072849399410188,0.31274716531242336,0.2586916008671007,1.0,1.0,0.229957938081911,0.1682813375966058,0.0,1.0,0.19212564577976132,1.7382831131573766,1249.0
35,35.0,0.4591319108409473,0.0423418077703227,0.904686915781349,0.3127763912888021,0.2587564853951894,1.0,1.0,0.22957105486461565,0.16847444327296696,0.0,1.0,0.1922917224036577,1.6692539854440838,1250.0
36,36.0,0.4562568823380718,0.0415227399268699,0.8948437190614641,0.3100233120184287,0.2567903480561619,1.0,1.0,0.22905317852926443,0.16836104474096414,0.0,1.0,0.19211735323469284,1.3920176714193075,1300.0
37,37.0,0.4561945535198898,0.0415068399684364,0.8705363785848022,0.30992014694066194,0.25655183465856657,1.0,1.0,0.22916998004092579,0.16804242076311565,0.0,1.0,0.1921176441307336,1.5041702867951243,1301.0
38,38.0,0.45109450490712977,0.0400177896384156,1.3239459426142275,0.3071829353735374,0.2536597931754575,1.0,1.0,0.22956204472394037,0.16883197534013022,0.0,1.0,0.1939673248223944,1.816161194583401,1400.0
39,39.0,0.4511377985232354,0.0400035560296998,0.9223659319803119,0.3070698395367519,0.25368572277517065,1.0,1.0,0.22929369772826985,0.16855307550205062,0.0,1.0,0.19392537759468462,2.0449550649616866,1401.0
40,40.0,0.44426910104576944,0.0386782967347047,0.99011733061634,0.3024676044955952,0.24968890796364357,1.0,1.0,0.22763622970391012,0.16684562562253788,0.0,1.0,0.1937971402648511,1.8577525004278868,1499.0
41,41.0,0.4441630043517292,0.038665444666985,0.7503436291590333,0.30227321428826703,0.2495464885312281,1.0,1.0,0.22763622970408742,0.1668456256229946,0.0,1.0,0.1936683714008843,1.3347059507854282,1500.0
42,42.0,0.4442326174001613,0.0386526054022554,1.2234917912632226,0.3020533752727137,0.24956010399529377,1.0,1.0,0.22768098470375908,0.16673511597737095,0.0,1.0,0.1938392072071469,1.967298776563257,1501.0
43,43.0,0.4394102264486636,0.0374415432224488,1.0819944826420396,0.2984867892387638,0.24740063746111188,1.0,1.0,0.2277178779199429,0.16879053946885167,0.0,1.0,0.1939215479679472,2.212186539359391,1600.0
44,44.0,0.439330110306735,0.0374298846379462,1.4345965390559285,0.2982506502050944,0.24730412059949694,1.0,1.0,0.22771787791993892,0.16879053946885292,0.0,1.0,0.1938007998060742,1.918863163376227,1601.0
45,45.0,0.43396742178661185,0.0363269609772362,1.076701081963256,0.2972163024709965,0.2463202324388296,1.0,1.0,0.22808452701651188,0.16988646951376601,0.0,1.0,0.19353915030376548,1.5191589274443686,1700.0
46,46.0,0.43394167743150974,0.0363163125933119,0.9186463159974665,0.2970319453310994,0.24592612449460227,1.0,1.0,0.22808452701323279,0.16988646951436298,0.0,1.0,0.19342570414312857,2.09476550235413,1701.0
47,47.0,0.4323129676874312,0.0358159491300546,1.1502722411882131,0.29625393654307286,0.24496893866880093,1.0,1.0,0.2287819163876792,0.1698623606405188,0.0,0.8,0.1938348444051329,2.1804659604094923,1749.0
48,48.0,0.43240458384406333,0.0358057437019716,0.8733572451863438,0.29627837259740275,0.24501020055361405,1.0,1.0,0.22855537488883643,0.1699126614304936,0.0,0.8,0.19403958025832108,1.9385043845977634,1750.0
49,49.0,0.42965398577129504,0.0353063364868387,1.091199395712465,0.29546451698549037,0.244068603573448,1.0,1.0,0.22939310289639017,0.16991734517835627,0.0,0.8,0.19357164732280124,1.9766385805793107,1800.0
50,50.0,0.429536628730051,0.0352965604001258,0.9206771619617939,0.2954645169854905,0.24406860357344834,1.0,1.0,0.2293576751929519,0.16981227419098693,0.0,0.8,0.19350092404924865,1.7505645463708788,1801.0
51,51.0,0.4244402602283137,0.0343671698311735,0.6665710182394833,0.29350486780137264,0.2413156321941942,1.0,1.0,0.22920193501233369,0.16908170759769542,0.0,0.8,0.19249629895780368,1.583232802618295,1900.0
52,52.0,0.42448130915876475,0.0343581531263532,0.6426228237804026,0.2931672965366435,0.241271483049491,1.0,1.0,0.229009914707287,0.16910964883111623,0.0,0.8,0.19258209359510386,1.649664494022727,1901.0
53,53.0,0.4195886640906024,0.0335075288706577,0.9386716337874532,0.2922717088279724,0.24058506365476312,1.0,1.0,0.22900049708203118,0.1683986401744733,0.0,0.8,0.19249221883714718,1.7229595189914106,1999.0
54,54.0,0.4195734395018607,0.0334991718362665,0.8681594087276607,0.2920167250993473,0.24016900511628098,1.0,1.0,0.22898553371141867,0.1683558771687157,0.0,0.8,0.19239997260591557,1.6750709108076989,2000.0
55,55.0,0.6306047918857789,0.447213595499958,0.020433279965072843,0.9247088325497665,0.9470365093906631,0.0,0.0,5.0946435635190666,4.908744296509319,0.0,0.0,8.260059303211165e-16,0.00731410603038962,0.0
56,56.0,0.6766789545197691,0.408248290463863,0.01426172219216818,0.9192675111406533,0.9680988100613964,0.0,0.0,4.2078609804805875,4.329497864178698,0.0,0.0,4.0708177569589076e-16,0.06298415763303634,1.0
57,57.0,0.665220777857688,0.3333333333333333,0.09427486388012765,0.8621627691070912,0.8662776020460592,0.0,0.0,4.161794670181794,4.490824596472604,0.0,0.0,8.585724723767876e-16,0.08322354443371291,4.0
58,58.0,0.6625593094891618,0.3162277660168379,0.10373430456966157,0.8646598237435545,0.845855068128837,0.0,0.0,3.0369860076691366,3.1012870383663085,0.0,0.0,2.0183854587685346e-15,0.0810662255622446,5.0
59,59.0,0.667653926776768,0.2672612419124244,0.02855115681886668,0.8579891830677215,0.8443145320541007,0.2,0.2,2.6075479236201757,2.807522296604657,0.0,0.0,6.296550582516959e-16,1.1932577745523303,9.0
60,60.0,0.6725389495942834,0.2581988897471611,0.26526800454594196,0.8218779635553917,0.796667009605655,0.2,0.4,1.7992220291299756,1.9402085425264795,0.0,0.0,9.459100169806333e-16,0.2443014373537153,10.0
61,61.0,0.6650683905251568,0.22941573387056166,0.6822600841522217,0.8327545148614981,0.8156607749558835,0.0,0.2,2.432934694505356,2.3394703607926153,0.0,0.0,4.1487281446519013e-16,4.086058103293181,14.0
62,62.0,0.6890237618314943,0.22360679774997888,0.4784432181622833,0.7807357661555163,0.766441450038146,0.2,0.4,2.1357695147309337,1.9429297276730957,0.0,0.0,5.81756864903582e-16,4.2413119353819635,15.0
63,63.0,0.7282747597746901,0.2041241452319315,0.770488835638389,0.8417658361054812,0.8438847721747382,0.2,0.0,1.556471284619736,1.3976674453023752,0.0,0.0,1.7948605564773364e-16,8.243733657943086,19.0
64,64.0,0.7313499275099404,0.2,1.262261080974713,0.8201825212795179,0.8173089128954656,0.4,0.0,1.737613248706067,1.6075240381160831,0.0,0.0,0.008619682791428225,9.109596127318218,20.0
65,65.0,0.6409591712549492,0.0975900072948533,0.6480516529642045,0.5094003448952742,0.4708361156957411,1.0,1.0,0.27490514333855637,0.2035622443506712,0.0,0.2,0.16504941441525206,1.6482254259753972,100.0
66,66.0,0.6401915118620785,0.0971285862357264,0.8589637000113726,0.4985400476893738,0.4553916009488928,1.0,1.0,0.2749051433385584,0.20356224435067172,0.0,0.2,0.1634923444679389,1.3298201866447925,101.0
67,67.0,0.5608087395347129,0.0698430295769578,0.37246232498437165,0.377331019917763,0.3215036444912408,1.0,1.0,0.2577868028870967,0.1864021002517057,0.0,0.4,0.1863218951820741,0.3823791463393718,200.0
68,68.0,0.5597932383101691,0.0696733014291617,0.4885219165123999,0.3753653396387067,0.31999919074177996,1.0,1.0,0.25778680288709893,0.18640210025170928,0.0,0.4,0.1854174199627443,0.49314848314970733,201.0
69,69.0,0.5172268247435722,0.0572598334313868,0.614694794593379,0.34343605418077167,0.2883348885773882,1.0,1.0,0.2544098742731153,0.18516110814988607,0.0,0.4,0.18111257196507477,0.4089513213839382,300.0
70,70.0,0.516270047654726,0.0571661950475029,0.5752676470205188,0.3435815975411582,0.28808865952727547,1.0,1.0,0.2544098742731243,0.1851611081498875,0.0,0.4,0.18052070081486185,0.36446114517748357,301.0
71,71.0,0.48755635883508636,0.0496903994999953,0.9698065131902694,0.3289835845755674,0.27032938277428853,1.0,1.0,0.24356256833278334,0.1712055423186037,0.0,0.4,0.181864422536034,0.9620411107316613,400.0
72,72.0,0.4873862582176124,0.0496291666985465,0.6274955761618911,0.3293213129397195,0.2707058793319931,1.0,1.0,0.2427325765606277,0.17204853216315924,0.0,0.4,0.18275251708424656,0.6865727873984724,401.0
73,73.0,0.4649705413136365,0.0444994159489984,0.45298404367640616,0.31748157893291273,0.2640047994227441,1.0,1.0,0.238105103424467,0.17434939864243168,0.0,0.6,0.18105405038479078,1.091382956597954,500.0
74,74.0,0.46441279999329027,0.0444554224474387,0.6509120136033744,0.3173572759854909,0.26387391967102125,1.0,1.0,0.23810510342446706,0.17434939864243318,0.0,0.6,0.1806962360559669,0.8260970757342875,501.0
75,75.0,0.45047724147510754,0.040655781409087,1.143139929557219,0.31111762613410693,0.25877463997043104,1.0,1.0,0.2353461189819598,0.17187752339726914,0.0,0.8,0.18776913461836092,0.799134849011898,600.0
76,76.0,0.45020110786067347,0.0406222231851193,1.0109062308445573,0.31110194161269333,0.25861605703718843,1.0,1.0,0.23534611898195684,0.17187752339726892,0.0,0.8,0.187459284561235,1.0085453869774939,601.0
77,77.0,0.4361181410380322,0.0376621788577354,0.9928053540177644,0.3025958529296699,0.24801801010445387,1.0,1.0,0.23397469377182434,0.17056904958611985,0.0,0.8,0.1857397184299408,1.3327873557806016,700.0
78,78.0,0.43607474487135367,0.037635496474749,0.41235161521472036,0.30279383912891566,0.24815144411517792,1.0,1.0,0.2348714228162181,0.1699977658475925,0.0,0.8,0.1857071393863179,1.3215319788549096,701.0
79,79.0,0.42539687010008764,0.035245368842512,0.9621370113454759,0.29743333894046264,0.2436593218578579,1.0,1.0,0.23496090287635746,0.17145801522823279,0.0,0.6,0.18609598292582927,1.3231998224277048,800.0
80,80.0,0.4254993341327962,0.0352234976838173,1.4930961970239878,0.2973491984970438,0.24362032970544006,1.0,1.0,0.23435856365686103,0.17109816881079037,0.0,0.8,0.18632748783609188,1.2892204403877259,801.0
81,81.0,0.4155614939914029,0.0332411247657266,1.117494629416615,0.29395665878412547,0.238493267265821,1.0,1.0,0.23200400561992787,0.16749721733885992,0.0,0.8,0.1856137313866125,1.8341517944354564,900.0
82,82.0,0.41563727841269954,0.0332227747092547,1.1615093254018576,0.29394588609142713,0.23847431617124415,1.0,1.0,0.23202657471007396,0.16749320146600705,0.0,0.8,0.18621860502044263,1.4574392292182892,901.0
83,83.0,0.4051275913995667,0.0315440148938255,1.843801958207041,0.29150625455036855,0.23481491612783617,1.0,1.0,0.2316433714808989,0.16651297290550185,0.0,0.8,0.18469081178882463,1.5756499291863293,1000.0
84,84.0,0.40480194808842673,0.0315283330559715,1.2189724292140454,0.29150625455037044,0.23481491612783884,1.0,1.0,0.23164337148089306,0.1665129729054689,0.0,0.8,0.1845072225126923,1.3160871034488082,1001.0
85,85.0,0.399778996893767,0.0300828418798093,1.2223241263534874,0.2885296627317476,0.23278127184108627,1.0,1.0,0.22986719986310128,0.16868419713732372,0.0,0.8,0.1880058759437684,1.8443460274953396,1100.0
86,86.0,0.39950274140003106,0.0300692389662131,3.3155306376051157,0.288569583209982,0.2329222844411038,1.0,1.0,0.22986719986310086,0.16868419713727764,0.0,0.8,0.18783588871416257,2.1091218910180034,1101.0
87,87.0,0.39537125226164105,0.0288075600957838,3.2338812141679227,0.28421677294500497,0.22938272646536265,1.0,1.0,0.2303161115731042,0.16877756686723513,0.0,0.8,0.19110548127513396,2.395639136387035,1200.0
88,88.0,0.3951643548572539,0.028795614186045305,2.081608436210081,0.2842513530113539,0.22931647517399956,1.0,1.0,0.23031611157310436,0.16877756686723427,0.0,0.8,0.19094701901868683,1.8957961877342313,1201.0
89,89.0,0.3933366394251666,0.0282391247362452,2.453123867837712,0.28329877315280483,0.22811921829819748,1.0,1.0,0.229957938081911,0.1682813375966058,0.0,1.0,0.19212564577976132,2.6379759744741023,1249.0
90,90.0,0.39340347448115875,0.028227871846881795,1.4328865397721529,0.28340834418075606,0.22825565433029502,1.0,1.0,0.22957105486461565,0.16847444327296696,0.0,1.0,0.1922917224036577,1.667505682585761,1250.0
91,91.0,0.3911742496214459,0.027681826617913304,1.4473588933236896,0.2821186827676613,0.22697974001421195,1.0,1.0,0.22905317852926443,0.16836104474096414,0.0,1.0,0.19211735323469284,1.9515544638969005,1300.0
92,92.0,0.3910845678793504,0.027671226645624204,1.784689105162397,0.28207210568082447,0.2267440524861084,1.0,1.0,0.22916998004092579,0.16804242076311565,0.0,1.0,0.1921176441307336,2.1778694077860563,1301.0
93,93.0,0.3873215501554289,0.0266785264256104,1.932717473199591,0.27999192662998845,0.22495722255533224,1.0,1.0,0.22956204472394037,0.16883197534013022,0.0,1.0,0.1939673248223944,2.4225773120298983,1400.0
94,94.0,0.3873660250377027,0.026669037353133203,1.4868442087899894,0.2801109248887502,0.2249560539349663,1.0,1.0,0.22929369772826985,0.16855307550205062,0.0,1.0,0.19392537759468462,2.8232158354483543,1401.0
95,95.0,0.38161825863158705,0.0257855311564698,1.7237591196782887,0.27823744348370905,0.22323336820307108,1.0,1.0,0.22763622970391012,0.16684562562253788,0.0,1.0,0.1937971402648511,3.5917453431524335,1499.0
96,96.0,0.38148466844013373,0.025776963111323305,1.0413918803445994,0.27807323861203803,0.22307034842927503,1.0,1.0,0.22763622970408742,0.1668456256229946,0.0,1.0,0.1936683714008843,2.0846255878452213,1500.0
97,97.0,0.38155437891604543,0.0257684036015036,1.9054339333903045,0.27798757666503565,0.22288537464375824,1.0,1.0,0.22768098470375908,0.16673511597737095,0.0,1.0,0.1938392072071469,2.013037660624832,1501.0
98,98.0,0.3777942277893857,0.0249610288149658,1.3324268157593906,0.2746449263825058,0.22055126946620587,1.0,1.0,0.2277178779199429,0.16879053946885167,0.0,1.0,0.1939215479679472,2.368780453177169,1600.0
99,99.0,0.3777052939668713,0.0249532564252974,1.1061643439810722,0.27462402805420644,0.22052903707213573,1.0,1.0,0.22771787791993892,0.16879053946885292,0.0,1.0,0.1938007998060742,1.8498350650537758,1601.0
100,100.0,0.37344724739684354,0.0242179739848241,1.6843679599463939,0.27338569125068496,0.2200922087344225,1.0,1.0,0.22808452701651188,0.16988646951376601,0.0,1.0,0.19353915030376548,2.9234721954911946,1700.0
101,101.0,0.3733998226676848,0.0242108750622079,1.9227808639872819,0.27333939002246843,0.21985497908248788,1.0,1.0,0.22808452701323279,0.16988646951436298,0.0,1.0,0.19342570414312857,2.688686181185767,1701.0
102,102.0,0.3723291659353921,0.0238772994200364,2.005830948939547,0.27261039862968106,0.21951831941178496,1.0,1.0,0.2287819163876792,0.1698623606405188,0.0,0.8,0.1938348444051329,2.493469118140638,1749.0
103,103.0,0.3724490966278909,0.0238704958013144,2.0056457539554686,0.27262169264795433,0.2196141325918739,1.0,1.0,0.22855537488883643,0.1699126614304936,0.0,0.8,0.19403958025832108,2.7480453053489327,1750.0
104,104.0,0.3701253623000217,0.0235375576578925,1.3488149183802307,0.27104958265132756,0.21770924701204594,1.0,1.0,0.22939310289639017,0.16991734517835627,0.0,0.8,0.19357164732280124,2.5370362959336488,1800.0
105,105.0,0.37002398434429606,0.0235310402667505,1.680701109301299,0.2710097826462966,0.21763027381266956,1.0,1.0,0.2293576751929519,0.16981227419098693,0.0,0.8,0.19350092404924865,2.7220586294308307,1801.0
106,106.0,0.36573147104328,0.0229114465541156,1.3463879921473563,0.2696853015879388,0.2161715548449666,1.0,1.0,0.22920193501233369,0.16908170759769542,0.0,0.8,0.19249629895780368,2.072301208600402,1900.0
107,107.0,0.36577969954287537,0.0229054354175688,1.429767281189561,0.26954950996167054,0.21613120442578246,1.0,1.0,0.229009914707287,0.16910964883111623,0.0,0.8,0.19258209359510386,2.6137623242568226,1901.0
108,108.0,0.36194930522870483,0.0223383525804385,1.3804427806288004,0.2687287910273422,0.21563245160587755,1.0,1.0,0.22900049708203118,0.1683986401744733,0.0,0.8,0.19249221883714718,1.4871725886594505,1999.0
109,109.0,0.3619330348087796,0.0223327812241776,1.4621379100251943,0.26870072021927566,0.21560820198663952,1.0,1.0,0.22898553371141867,0.1683558771687157,0.0,0.8,0.19239997260591557,1.5646866018418224,2000.0
110,110.0,0.46430697872150384,0.3130495168499705,0.018742400035262043,0.9582517475918578,0.9579060762723376,0.0,0.0,5.0946435635190666,4.908744296509319,0.0,0.0,8.260059303211165e-16,0.01686949138529594,0.0
111,111.0,0.5236250355941163,0.2857738033247041,0.0253588163759559,0.8993275310362796,0.9207302495028843,0.0,0.0,4.2078609804805875,4.329497864178698,0.0,0.0,4.0708177569589076e-16,0.027422592230141117,1.0
112,112.0,0.5057584427039923,0.2333333333333333,0.03748288848437364,0.858806037407921,0.8720930805452369,0.0,0.0,4.161794670181794,4.490824596472604,0.0,0.0,8.585724723767876e-16,0.029072143509983984,4.0
113,113.0,0.5041993071065441,0.2213594362117865,0.620079263439402,0.9015440533792667,0.9064004255140716,0.0,0.0,3.0369860076691366,3.1012870383663085,0.0,0.0,2.0183854587685346e-15,0.24969295663759108,5.0
114,114.0,0.5226767214169686,0.187082869338697,1.2085021048318594,0.8353841161584082,0.8430558477473055,0.0,0.0,2.6075479236201757,2.807522296604657,0.0,0.0,6.296550582516959e-16,0.8811667502392083,9.0
115,115.0,0.537245912503836,0.1807392228230127,0.9590234511997551,0.7570421743353994,0.7486857063601617,0.0,0.0,1.7992220291299756,1.9402085425264795,0.0,0.0,9.459100169806333e-16,0.19433624334633348,10.0
116,116.0,0.5374873110600017,0.1605910137093932,3.6338611161801966,0.8523667322848629,0.8452420832048704,0.0,0.0,2.432934694505356,2.3394703607926153,0.0,0.0,4.1487281446519013e-16,3.3372785570565613,14.0
117,117.0,0.5710999286732946,0.1565247584249852,2.0051357709802686,0.7803645907258189,0.7693203207550268,0.2,0.2,2.1357695147309337,1.9429297276730957,0.0,0.0,5.81756864903582e-16,4.422024914016947,15.0
118,118.0,0.6187480042720235,0.142886901662352,1.3773148284759373,0.7844016351198633,0.7745313996950524,0.2,0.0,1.556471284619736,1.3976674453023752,0.0,0.0,1.7948605564773364e-16,6.210051248222589,19.0
119,119.0,0.6263820842964203,0.1399999999999999,0.6158602994401008,0.734662329723769,0.717095414983264,0.2,0.4,1.737613248706067,1.6075240381160831,0.0,0.0,0.008619682791428225,5.4567765897605565,20.0
120,120.0,0.5611044710782533,0.0683130051063973,0.6135940362233668,0.4454625096990362,0.40873154019375163,1.0,1.0,0.27490514333855637,0.2035622443506712,0.0,0.2,0.16504941441525206,4.962671732995659,100.0
121,121.0,0.5600814597247723,0.0679900103650084,1.5745760725345463,0.4053043059034545,0.3673061232816837,1.0,1.0,0.2749051433385584,0.20356224435067172,0.0,0.2,0.1634923444679389,0.9745455767493695,101.0
122,122.0,0.4859959305765842,0.0488901207038704,0.5988492331467569,0.3319810124707843,0.27751156471826005,1.0,1.0,0.2577868028870967,0.1864021002517057,0.0,0.4,0.1863218951820741,0.5788845899514854,200.0
123,123.0,0.4845188238918817,0.0487713110004132,0.597866905387491,0.3310580493452981,0.27722611523367313,1.0,1.0,0.25778680288709893,0.18640210025170928,0.0,0.4,0.1854174199627443,0.5684264034498483,201.0
124,124.0,0.44769411671997866,0.0400818834019707,0.8624471802264452,0.31231928624026095,0.2553814023736304,1.0,1.0,0.2544098742731153,0.18516110814988607,0.0,0.4,0.18111257196507477,0.5811781889759005,300.0
125,125.0,0.4468031144406853,0.040016336533252,0.7336916472297161,0.31215055439477385,0.2551038528392864,1.0,1.0,0.2544098742731243,0.1851611081498875,0.0,0.4,0.18052070081486185,0.37699418547563257,301.0
126,126.0,0.4228708141570426,0.0347832796499967,0.6253649279940874,0.3001053250648398,0.24126079534018802,1.0,1.0,0.24356256833278334,0.1712055423186037,0.0,0.4,0.181864422536034,0.9900276301894337,400.0
127,127.0,0.42290247372837675,0.0347404166889825,0.6482766001485288,0.3001093603497688,0.24127664107308963,1.0,1.0,0.2427325765606277,0.17204853216315924,0.0,0.4,0.18275251708424656,0.59487220980227,401.0
128,128.0,0.40358861417080344,0.0311495911642989,1.0707734558265656,0.2874004045994516,0.2336331017660517,1.0,1.0,0.238105103424467,0.17434939864243168,0.0,0.6,0.18105405038479078,1.2752985219471156,500.0
129,129.0,0.4031059546736061,0.031118795713207005,1.2613558977842332,0.2873403360317207,0.23332977000573085,1.0,1.0,0.23810510342446706,0.17434939864243318,0.0,0.6,0.1806962360559669,0.8034969781991095,501.0
130,130.0,0.39308483747911843,0.028459046986360904,0.835722889797762,0.285901711266888,0.23193064763870647,1.0,1.0,0.2353461189819598,0.17187752339726914,0.0,0.8,0.18776913461836092,1.2601385425776244,600.0
131,131.0,0.39283730109767623,0.0284355562295835,1.2701100641861558,0.2862835283850987,0.23208934486410024,1.0,1.0,0.23534611898195684,0.17187752339726892,0.0,0.8,0.187459284561235,1.2220143785700202,601.0
132,132.0,0.3811014678056119,0.0263635252004148,1.0513771902304143,0.2804947715997502,0.2235012076565459,1.0,1.0,0.23397469377182434,0.17056904958611985,0.0,0.8,0.1857397184299408,1.1523438685573637,700.0
133,133.0,0.3811177692369626,0.0263448475323243,0.8792452950496227,0.2805141581390401,0.2234172300033348,1.0,1.0,0.2348714228162181,0.1699977658475925,0.0,0.8,0.1857071393863179,1.118011398613453,701.0
134,134.0,0.3721498537987603,0.0246717581897584,0.8995149261783808,0.27736712206202313,0.22128722025010422,1.0,1.0,0.23496090287635746,0.17145801522823279,0.0,0.6,0.18609598292582927,1.089523081993684,800.0
135,135.0,0.3722463900575813,0.0246564483786721,1.9404395937919616,0.2772214494173307,0.22079756962470332,1.0,1.0,0.23435856365686103,0.17109816881079037,0.0,0.8,0.18632748783609188,1.9670030050445348,801.0
136,136.0,0.36396385150890614,0.0232687873360086,1.3041889890097083,0.27365297256233345,0.21685183100044333,1.0,1.0,0.23200400561992787,0.16749721733885992,0.0,0.8,0.1856137313866125,2.394870123732835,900.0
137,137.0,0.3641174522952731,0.0232559422964783,0.9466360015328974,0.27371745608963666,0.21701380738248094,1.0,1.0,0.23202657471007396,0.16749320146600705,0.0,0.8,0.18621860502044263,1.2326750862877816,901.0
138,138.0,0.35539597918197013,0.0220808104256779,1.2058474314864724,0.2720135968947557,0.21375923139536254,1.0,1.0,0.2316433714808989,0.16651297290550185,0.0,0.8,0.18469081178882463,1.5170357589144259,1000.0
139,139.0,0.3551047508927371,0.0220698331391801,1.7418352939654143,0.2720135968947558,0.21375923139536251,1.0,1.0,0.23164337148089306,0.1665129729054689,0.0,0.8,0.1845072225126923,1.440573751879856,1001.0
140,140.0,0.3515663419985437,0.0210579893158665,1.8865203567314892,0.268829351025374,0.2119693221098713,1.0,1.0,0.22986719986310128,0.16868419713732372,0.0,0.8,0.1880058759437684,3.406207072827965,1100.0
141,141.0,0.3513048528391324,0.0210484672763492,3.1942945759743453,0.2688031282827878,0.2119997110156097,1.0,1.0,0.22986719986310086,0.16868419713727764,0.0,0.8,0.18783588871416257,2.360822663176805,1101.0
142,142.0,0.34840219142528045,0.0201652920670487,2.648691826639697,0.2661374646622022,0.2096000750107228,1.0,1.0,0.2303161115731042,0.16877756686723513,0.0,0.8,0.19110548127513396,1.9071963476017118,1200.0
143,143.0,0.3482137999442404,0.0201569299302317,2.8042930180206893,0.2661242794470313,0.20959514861673706,1.0,1.0,0.23031611157310436,0.16877756686723427,0.0,0.8,0.19094701901868683,2.5852262017782777,1201.0
144,144.0,0.34700233008738296,0.0197673873153716,3.330792337562889,0.2657239907936095,0.20932246675179042,1.0,1.0,0.229957938081911,0.1682813375966058,0.0,1.0,0.19212564577976132,2.123928598454222,1249.0
145,145.0,0.34709114434446486,0.0197595102928172,2.675465577049181,0.2657802332005089,0.2093493275992877,1.0,1.0,0.22957105486461565,0.16847444327296696,0.0,1.0,0.1922917224036577,2.306143447570503,1250.0
146,146.0,0.3452971817452408,0.0193772786325393,1.6929913542233408,0.26452084547713123,0.20823174685226248,1.0,1.0,0.22905317852926443,0.16836104474096414,0.0,1.0,0.19211735323469284,2.920420039864257,1300.0
147,147.0,0.3452296622738382,0.0193698586519369,2.8965389741118996,0.26443989983002664,0.20811971492583442,1.0,1.0,0.22916998004092579,0.16804242076311565,0.0,1.0,0.1921176441307336,2.0034918196033686,1301.0
148,148.0,0.3425570712796002,0.0186749684979272,2.3626232077367604,0.2622376035912567,0.20664028789885952,1.0,1.0,0.22956204472394037,0.16883197534013022,0.0,1.0,0.1939673248223944,1.8670053317677229,1400.0
149,149.0,0.3425960783254815,0.0186683261471932,1.8089401732198893,0.2621634097531327,0.20648148463507005,1.0,1.0,0.22929369772826985,0.16855307550205062,0.0,1.0,0.19392537759468462,1.592283418821171,1401.0
150,150.0,0.3379306748269929,0.0180498718095288,2.0367031150031836,0.2612773328376024,0.2049356958329064,1.0,1.0,0.22763622970391012,0.16684562562253788,0.0,1.0,0.1937971402648511,2.6062868589535357,1499.0
151,151.0,0.3377835629894473,0.0180438741779263,1.654979006620124,0.26121890317510954,0.20479868035793558,1.0,1.0,0.22763622970408742,0.1668456256229946,0.0,1.0,0.1936683714008843,1.3667835937347264,1500.0
152,152.0,0.33786154289855047,0.0180378825210525,1.8426294934004546,0.26118229584096453,0.2047914820487226,1.0,1.0,0.22768098470375908,0.16673511597737095,0.0,1.0,0.1938392072071469,2.170121103245765,1501.0
153,153.0,0.33476949951787016,0.0174727201704761,2.242851798608899,0.2590840670953657,0.20453830090841657,1.0,1.0,0.2277178779199429,0.16879053946885167,0.0,1.0,0.1939215479679472,2.6695654364302754,1600.0
154,154.0,0.33466970937929946,0.0174672794977082,1.6340244580060244,0.2589935677862279,0.2044940042826519,1.0,1.0,0.22771787791993892,0.16879053946885292,0.0,1.0,0.1938007998060742,2.4040563323535027,1601.0
155,155.0,0.3312398462485492,0.0169525817893768,2.306547124218196,0.2577754100190976,0.20530482460174748,1.0,1.0,0.22808452701651188,0.16988646951376601,0.0,1.0,0.19353915030376548,2.3741246520075947,1700.0
156,156.0,0.33118496014599125,0.0169476125435455,2.2390379663556814,0.2575298001231583,0.20470761320656838,1.0,1.0,0.22808452701323279,0.16988646951436298,0.0,1.0,0.19342570414312857,2.1816232052166016,1701.0
157,157.0,0.33037545129448515,0.0167141095940254,2.002879032259807,0.25671801583274245,0.20337143926369944,1.0,1.0,0.2287819163876792,0.1698623606405188,0.0,0.8,0.1938348444051329,1.930519604543224,1749.0
158,158.0,0.3305107189204697,0.01670934706092,3.4653232040349393,0.25668225139422357,0.20294872541413875,1.0,1.0,0.22855537488883643,0.1699126614304936,0.0,0.8,0.19403958025832108,2.8316862982232123,1750.0
159,159.0,0.3284691214289917,0.0164762903605247,2.3559957773890345,0.256655552815514,0.2017254771688497,1.0,1.0,0.22939310289639017,0.16991734517835627,0.0,0.8,0.19357164732280124,2.2332742954138665,1800.0
160,160.0,0.3283809903323057,0.0164717281867254,2.579323711851612,0.25669920674364827,0.20173685460271748,1.0,1.0,0.2293576751929519,0.16981227419098693,0.0,0.8,0.19350092404924865,1.8852782073430716,1801.0
161,161.0,0.3247538273916324,0.0160380125878809,2.044206424616277,0.25648938182561654,0.20085296093634467,1.0,1.0,0.22920193501233369,0.16908170759769542,0.0,0.8,0.19249629895780368,1.599480656441301,1900.0
162,162.0,0.3248095967493238,0.0160338047922981,1.8648972899187357,0.25645603052351584,0.20090495511801496,1.0,1.0,0.229009914707287,0.16910964883111623,0.0,0.8,0.19258209359510386,2.4652443937491624,1901.0
163,163.0,0.32179079194940063,0.0156368468063069,1.9713595462031663,0.2555093068454442,0.20001964135078776,1.0,1.0,0.22900049708203118,0.1683986401744733,0.0,0.8,0.19249221883714718,2.718418126506731,1999.0
164,164.0,0.32176655245571817,0.0156329468569243,1.7651366681791842,0.25554296478751504,0.19997198732110424,1.0,1.0,0.22898553371141867,0.1683558771687157,0.0,0.8,0.19239997260591557,2.0628965999465434,2000.0
165,165.0,0.3332003586425424,0.22360679774997888,0.01556515358388418,0.9611937103622925,0.9595101187982493,0.0,0.0,5.0946435635190666,4.908744296509319,0.0,0.0,8.260059303211165e-16,0.01397085865028196,0.0
166,166.0,0.3797664239215128,0.2041241452319315,0.3720767167862505,0.9416085435424926,0.9391563309001911,0.0,0.0,4.2078609804805875,4.329497864178698,0.0,0.0,4.0708177569589076e-16,0.1457920634653419,1.0
167,167.0,0.3768558620196213,0.1666666666666666,0.4935481614433229,0.8590821856253499,0.8761926730758793,0.0,0.0,4.161794670181794,4.490824596472604,0.0,0.0,8.585724723767876e-16,0.2022891669999808,4.0
168,168.0,0.3779648467281395,0.1581138830084189,0.5974206970073282,0.9332482666849309,0.9678177849623509,0.0,0.0,3.0369860076691366,3.1012870383663085,0.0,0.0,2.0183854587685346e-15,0.0808104164432734,5.0
169,169.0,0.3987587934381398,0.1336306209562122,1.035309037566185,0.7948705839847211,0.8039370583304779,0.0,0.0,2.6075479236201757,2.807522296604657,0.0,0.0,6.296550582516959e-16,1.7175523318815977,9.0
170,170.0,0.4157065961587552,0.1290994448735805,1.1131844386458396,0.7517587968520136,0.7578349933184103,0.0,0.0,1.7992220291299756,1.9402085425264795,0.0,0.0,9.459100169806333e-16,0.3771052818279713,10.0
171,171.0,0.429220928381877,0.11470786693528082,2.108623234182596,0.8082903570919804,0.8082868428093768,0.0,0.0,2.432934694505356,2.3394703607926153,0.0,0.0,4.1487281446519013e-16,2.8368232515640557,14.0
172,172.0,0.4649538723754024,0.1118033988749894,2.4818134372588245,0.7442220241282402,0.7486173285697342,0.0,0.0,2.1357695147309337,1.9429297276730957,0.0,0.0,5.81756864903582e-16,2.2908188870642334,15.0
173,173.0,0.5223579120425261,0.1020620726159657,2.0142961780074984,0.70685424281351,0.7066645354118023,0.0,0.0,1.556471284619736,1.3976674453023752,0.0,0.0,1.7948605564773364e-16,9.855960331577808,19.0
174,174.0,0.5360899497256121,0.1,5.184882179135457,0.6992954136006777,0.6753693223427444,0.0,0.2,1.737613248706067,1.6075240381160831,0.0,0.0,0.008619682791428225,7.672915972443297,20.0
175,175.0,0.49170456389072703,0.0487950036474266,1.111023326171562,0.3707057632728833,0.32172279066338094,1.0,1.0,0.27490514333855637,0.2035622443506712,0.0,0.2,0.16504941441525206,1.7381360865663738,100.0
176,176.0,0.4905357421811975,0.0485642931178632,1.8719676608219742,0.34742485699884024,0.29503605040460507,1.0,1.0,0.2749051433385584,0.20356224435067172,0.0,0.2,0.1634923444679389,3.55916639957577,101.0
177,177.0,0.42571203912951994,0.0349215147884789,3.4724891933612527,0.3050672522661072,0.2519453636640504,1.0,1.0,0.2577868028870967,0.1864021002517057,0.0,0.4,0.1863218951820741,1.015275375591591,200.0
178,178.0,0.4242730702689707,0.0348366507145808,0.9558118309825658,0.30464560219588976,0.2513753819407394,1.0,1.0,0.25778680288709893,0.18640210025170928,0.0,0.4,0.1854174199627443,1.0549566787667572,201.0
179,179.0,0.3930134504669956,0.0286299167156934,1.0735828341450542,0.289364764489301,0.2346375189922139,1.0,1.0,0.2544098742731153,0.18516110814988607,0.0,0.4,0.18111257196507477,5.154310941044241,300.0
180,180.0,0.3921394475654001,0.028583097523751398,3.9304663773626087,0.28930380986264964,0.23459231513178738,1.0,1.0,0.2544098742731243,0.1851611081498875,0.0,0.4,0.18052070081486185,1.4515084487851708,301.0
181,181.0,0.37241082223658906,0.0248451997499976,1.4606444973964243,0.27978250741992466,0.22253319070436967,1.0,1.0,0.24356256833278334,0.1712055423186037,0.0,0.4,0.181864422536034,1.2997454252559693,400.0
182,182.0,0.37256016124967684,0.0248145833492732,0.873096735868603,0.27977021347227926,0.22255852760204958,1.0,1.0,0.2427325765606277,0.17204853216315924,0.0,0.4,0.18275251708424656,1.0343781797681004,401.0
183,183.0,0.35621924484924394,0.0222497079744992,1.277033360209316,0.27200363995561955,0.21603099231818484,1.0,1.0,0.238105103424467,0.17434939864243168,0.0,0.6,0.18105405038479078,1.7540391681250185,500.0
184,184.0,0.35577844560002614,0.0222277112237193,1.9949011479038745,0.2720592502944497,0.21631724053054852,1.0,1.0,0.23810510342446706,0.17434939864243318,0.0,0.6,0.1806962360559669,2.169551535695791,501.0
185,185.0,0.34880099356933003,0.0203278907045435,1.028194044250995,0.2684038133394426,0.2110443599913951,1.0,1.0,0.2353461189819598,0.17187752339726914,0.0,0.8,0.18776913461836092,2.8773229856509714,600.0
186,186.0,0.3485215169742678,0.0203111115925596,1.7046023410744966,0.26838614759166135,0.2110175094935894,1.0,1.0,0.23534611898195684,0.17187752339726892,0.0,0.8,0.187459284561235,2.4067546839360148,601.0
187,187.0,0.33863773076130266,0.0188310894288677,1.5425747480709107,0.265801388650787,0.20655611876951468,1.0,1.0,0.23397469377182434,0.17056904958611985,0.0,0.8,0.1857397184299408,1.936950631858781,700.0
188,188.0,0.338644386769105,0.0188177482373745,1.2436453513801098,0.26584678426277025,0.20649275523178678,1.0,1.0,0.2348714228162181,0.1699977658475925,0.0,0.8,0.1857071393863179,1.4614952845498919,701.0
189,189.0,0.33136030238288805,0.017622684421256,2.1923982434440403,0.2624287677379495,0.2032316372506592,1.0,1.0,0.23496090287635746,0.17145801522823279,0.0,0.6,0.18609598292582927,1.697880946006626,800.0
190,190.0,0.33144043219470076,0.0176117488419086,1.5940787789877504,0.2619721487148195,0.20250664220410813,1.0,1.0,0.23435856365686103,0.17109816881079037,0.0,0.8,0.18632748783609188,1.2367264974396677,801.0
191,191.0,0.3243674809856113,0.0166205623828633,2.1616018041968346,0.2586673348887465,0.20109639645317703,1.0,1.0,0.23200400561992787,0.16749721733885992,0.0,0.8,0.1856137313866125,1.9515327678062022,900.0
192,192.0,0.32458620216917966,0.0166113873546273,1.8661021809559315,0.2587292121775153,0.20117602081709526,1.0,1.0,0.23202657471007396,0.16749320146600705,0.0,0.8,0.18621860502044263,1.6905603997409344,901.0
193,193.0,0.31719030385372915,0.0157720074469127,1.7613889245782048,0.25745349580688937,0.19886554873126588,1.0,1.0,0.2316433714808989,0.16651297290550185,0.0,0.8,0.18469081178882463,0.9347384111955762,1000.0
194,194.0,0.316925722378062,0.0157641665279857,1.6762106293812393,0.2574534958068797,0.1988655487312537,1.0,1.0,0.23164337148089306,0.1665129729054689,0.0,0.8,0.1845072225126923,1.7657892422750592,1001.0
195,195.0,0.3146565901549917,0.015041420939904602,1.6003603692166508,0.256711296057634,0.19928153363654205,1.0,1.0,0.22986719986310128,0.16868419713732372,0.0,0.8,0.1880058759437684,1.224064452573657,1100.0
196,196.0,0.31441633063263197,0.015034619483106502,1.3674355376511813,0.256711296057634,0.19928153363654205,1.0,1.0,0.22986719986310086,0.16868419713727764,0.0,0.8,0.18783588871416257,1.7940603232011199,1101.0
197,197.0,0.312546769752913,0.0144037800478919,1.433214211417362,0.2546215952034229,0.1971275938907152,1.0,1.0,0.2303161115731042,0.16877756686723513,0.0,0.8,0.19110548127513396,1.6685059528332205,1200.0
198,198.0,0.3123721177662178,0.014397807093022599,1.7285713752266019,0.2548625517284785,0.19719227439922876,1.0,1.0,0.23031611157310436,0.16877756686723427,0.0,0.8,0.19094701901868683,1.4339049832429738,1201.0
199,199.0,0.31163897898627985,0.0141195623681226,2.6397124120034277,0.25442661860223986,0.19663600127131092,1.0,1.0,0.229957938081911,0.1682813375966058,0.0,1.0,0.19212564577976132,1.2144381910562516,1249.0
200,200.0,0.3117394122000296,0.014113935923440898,1.911639505624771,0.2543172068785457,0.1966430937185441,1.0,1.0,0.22957105486461565,0.16847444327296696,0.0,1.0,0.1922917224036577,1.4311911813449114,1250.0
201,201.0,0.31024031390935114,0.013840913308956598,1.6223482663277538,0.25281939774965845,0.1945541533472455,1.0,1.0,0.22905317852926443,0.16836104474096414,0.0,1.0,0.19211735323469284,2.194731508754194,1300.0
202,202.0,0.31019392610886576,0.013835613322812102,1.9956999563612043,0.2527275958974256,0.19448979074642042,1.0,1.0,0.22916998004092579,0.16804242076311565,0.0,1.0,0.1921176441307336,2.2549851985648273,1301.0
203,203.0,0.30825430886325245,0.0133392632128052,2.108059260994196,0.250354762504567,0.19361637383645106,1.0,1.0,0.22956204472394037,0.16883197534013022,0.0,1.0,0.1939673248223944,2.412630629958585,1400.0
204,204.0,0.3082813876560152,0.013334518676566601,1.960072890901938,0.25025075298019306,0.19355879930888448,1.0,1.0,0.22929369772826985,0.16855307550205062,0.0,1.0,0.19392537759468462,1.4784927764441818,1401.0
205,205.0,0.3044345362575436,0.0128927655782349,1.9055274481885136,0.25023469252894653,0.19234642762180654,1.0,1.0,0.22763622970391012,0.16684562562253788,0.0,1.0,0.1937971402648511,1.9878214072901756,1499.0
206,206.0,0.3042742006571165,0.012888481555661602,2.7048120922409,0.25024791159744514,0.19246071058854688,1.0,1.0,0.22763622970408742,0.1668456256229946,0.0,1.0,0.1936683714008843,2.0235211089719085,1500.0
207,207.0,0.30437231056535696,0.0128842018007518,2.349186444235966,0.25024791159744497,0.19246071058854705,1.0,1.0,0.22768098470375908,0.16673511597737095,0.0,1.0,0.1938392072071469,1.9690495206043124,1501.0
208,208.0,0.3019048087135711,0.0124805144074829,2.0942948875483127,0.2483593862364654,0.19197406095213979,1.0,1.0,0.2277178779199429,0.16879053946885167,0.0,1.0,0.1939215479679472,2.3748864743858578,1600.0
209,209.0,0.3017858969806871,0.0124766282126487,2.1072111156303435,0.24790480788460062,0.1919325505931754,1.0,1.0,0.22771787791993892,0.16879053946885292,0.0,1.0,0.1938007998060742,2.0707300478126855,1601.0
210,210.0,0.2990102177925607,0.012108986992412,2.8186846686992792,0.24686751979450672,0.19127577809529184,1.0,1.0,0.22808452701651188,0.16988646951376601,0.0,1.0,0.19353915030376548,2.027337628835812,1700.0
211,211.0,0.2989295198036082,0.0121054375311039,1.64922680137679,0.24684799788489578,0.1912586991388242,1.0,1.0,0.22808452701323279,0.16988646951436298,0.0,1.0,0.19342570414312857,1.8291505753993988,1701.0
212,212.0,0.29835261636478905,0.0119386497100182,2.066507886722684,0.24683010088943455,0.1910081685054439,1.0,1.0,0.2287819163876792,0.1698623606405188,0.0,0.8,0.1938348444051329,1.5830434718169273,1749.0
213,213.0,0.29850325775596526,0.0119352479006572,1.2483503945637495,0.2467675298099731,0.19101331544872951,1.0,1.0,0.22855537488883643,0.1699126614304936,0.0,0.8,0.19403958025832108,1.534982496360317,1750.0
214,214.0,0.29677395881276036,0.0117687788289462,1.560224676085636,0.2467914217889195,0.19055309512269175,1.0,1.0,0.22939310289639017,0.16991734517835627,0.0,0.8,0.19357164732280124,1.5950775416567922,1800.0
215,215.0,0.2966935613521485,0.0117655201333752,1.2536956234369427,0.2467810746968194,0.19056866359876498,1.0,1.0,0.2293576751929519,0.16981227419098693,0.0,0.8,0.19350092404924865,1.4096985375974327,1801.0
216,216.0,0.29367695358622603,0.0114557232770578,1.6237443905789406,0.24676308227615507,0.18947880936640332,1.0,1.0,0.22920193501233369,0.16908170759769542,0.0,0.8,0.19249629895780368,1.3913726339116692,1900.0
217,217.0,0.2937307399241036,0.0114527177087844,1.8181860882323235,0.2465890596698117,0.18945923954867702,1.0,1.0,0.229009914707287,0.16910964883111623,0.0,0.8,0.19258209359510386,1.5844221192412078,1901.0
218,218.0,0.2913652018752182,0.0111691762902192,1.4805416139774024,0.2466256806704794,0.18976981318133773,1.0,1.0,0.22900049708203118,0.1683986401744733,0.0,0.8,0.19249221883714718,1.6997718315571546,1999.0
219,219.0,0.2913363465470743,0.0111663906120888,1.8411951611749828,0.24660367468112768,0.18962498762561847,1.0,1.0,0.22898553371141867,0.1683558771687157,0.0,0.8,0.19239997260591557,1.41858119093813,2000.0
220,220.0,0.199920215185527,0.1341640786499873,0.027275805128738218,0.9611937103622935,0.9595101187982505,0.0,0.0,5.0946435635190666,4.908744296509319,0.0,0.0,8.260059303211165e-16,0.03738202583044762,0.0
221,221.0,0.2278598543529081,0.1224744871391589,0.12769676698371762,0.9416085435424923,0.9391563309001902,0.0,0.0,4.2078609804805875,4.329497864178698,0.0,0.0,4.0708177569589076e-16,0.0952761899679899,1.0
222,222.0,0.23423533231401317,0.0999999999999999,1.3510873232968152,0.8537073199451417,0.8911995525643241,0.0,0.0,4.161794670181794,4.490824596472604,0.0,0.0,8.585724723767876e-16,0.26378084742464125,4.0
223,223.0,0.23356839167093907,0.0948683298050513,1.1911858369596302,0.9448269307467049,0.9921675531706338,0.0,0.0,3.0369860076691366,3.1012870383663085,0.0,0.0,2.0183854587685346e-15,0.41971626984886823,5.0
224,224.0,0.2595514136021083,0.0801783725737273,1.9734553702641278,0.8029345975802229,0.8068119795315587,0.0,0.0,2.6075479236201757,2.807522296604657,0.0,0.0,6.296550582516959e-16,1.5817701986059547,9.0
225,225.0,0.2749328960768909,0.0774596669241483,3.1429549155756833,0.7507106684022492,0.7591495933697197,0.0,0.0,1.7992220291299756,1.9402085425264795,0.0,0.0,9.459100169806333e-16,0.866725988779217,10.0
226,226.0,0.2961339913316293,0.0688247201611685,9.898829638957977,0.826256483714641,0.8518422260162438,0.0,0.0,2.432934694505356,2.3394703607926153,0.0,0.0,4.1487281446519013e-16,5.567350364010781,14.0
227,227.0,0.3416307196923284,0.0670820393249936,9.994808803126215,0.7427401440242831,0.7258669902438285,0.0,0.0,2.1357695147309337,1.9429297276730957,0.0,0.0,5.81756864903582e-16,5.020448898524046,15.0
228,228.0,0.4071559022833518,0.0612372435695794,4.339727680850774,0.6905009429795459,0.6936708353093952,0.0,0.0,1.556471284619736,1.3976674453023752,0.0,0.0,1.7948605564773364e-16,6.190778154786676,19.0
229,229.0,0.4201202789790667,0.06,4.090009762207046,0.6866779501617755,0.6607847707234389,0.0,0.0,1.737613248706067,1.6075240381160831,0.0,0.0,0.008619682791428225,9.18454114398919,20.0
230,230.0,0.4011935349073409,0.029277002188455904,4.050588152557611,0.30689000492011625,0.2545582363234641,1.0,1.0,0.27490514333855637,0.2035622443506712,0.0,0.2,0.16504941441525206,3.363689777208492,100.0
231,231.0,0.3992913539964582,0.029138575870717897,1.3426639166660608,0.30152921594290394,0.2503555592765814,1.0,1.0,0.2749051433385584,0.20356224435067172,0.0,0.2,0.1634923444679389,1.61739217559807,101.0
232,232.0,0.35434374985907025,0.0209529088730873,0.7108922355808318,0.28399044094062287,0.2259631905008715,1.0,1.0,0.2577868028870967,0.1864021002517057,0.0,0.4,0.1863218951820741,0.9592626728117466,200.0
233,233.0,0.35295334896179154,0.0209019904287485,1.1803500642534346,0.283990440940623,0.22596319050087152,1.0,1.0,0.25778680288709893,0.18640210025170928,0.0,0.4,0.1854174199627443,0.9399458590429276,201.0
234,234.0,0.32769195219230807,0.017177950029416,1.0198656084015965,0.2676382747463243,0.2155749906630287,1.0,1.0,0.2544098742731153,0.18516110814988607,0.0,0.4,0.18111257196507477,1.3547450206708163,300.0
235,235.0,0.32679878255759864,0.0171498585142508,1.0752163775730879,0.2676382747463252,0.21557499066302216,1.0,1.0,0.2544098742731243,0.1851611081498875,0.0,0.4,0.18052070081486185,1.1354774855542928,301.0
236,236.0,0.31252637606265615,0.014907119849998502,1.7621959673706442,0.258036650918557,0.20099830213125056,1.0,1.0,0.24356256833278334,0.1712055423186037,0.0,0.4,0.181864422536034,1.3118177372030915,400.0
237,237.0,0.3128525997244691,0.014888750009563901,1.7157858796417713,0.257974948298188,0.2006305652984405,1.0,1.0,0.2427325765606277,0.17204853216315924,0.0,0.4,0.18275251708424656,1.3688945259898901,401.0
238,238.0,0.3001353508188555,0.0133498247846995,2.040450214780867,0.2517405203698603,0.1952277155167075,1.0,1.0,0.238105103424467,0.17434939864243168,0.0,0.6,0.18105405038479078,1.2606127733830363,500.0
239,239.0,0.2996900220884003,0.0133366267342316,1.79951791879721,0.25173437301273316,0.19513601052042442,1.0,1.0,0.23810510342446706,0.17434939864243318,0.0,0.6,0.1806962360559669,1.9662576826289295,501.0
240,240.0,0.29662037195455004,0.0121967344227261,1.9525277633219957,0.2493152025677447,0.19216653303250014,1.0,1.0,0.2353461189819598,0.17187752339726914,0.0,0.8,0.18776913461836092,2.118206839542836,600.0
241,241.0,0.2963074293828354,0.0121866669555358,1.4866122434381395,0.24931520256774475,0.19216653303250006,1.0,1.0,0.23534611898195684,0.17187752339726892,0.0,0.8,0.187459284561235,2.0868080399930475,601.0
242,242.0,0.28881905894505583,0.0112986536573206,2.7224836537614463,0.24867328871786992,0.18944706437289108,1.0,1.0,0.23397469377182434,0.17056904958611985,0.0,0.8,0.1857397184299408,2.187691874243319,700.0
243,243.0,0.2888310113327084,0.0112906489424247,2.2849115493707357,0.2488340169618027,0.18920259254070637,1.0,1.0,0.2348714228162181,0.1699977658475925,0.0,0.8,0.1857071393863179,2.150123899849132,701.0
244,244.0,0.28346265451394,0.0105736106527536,2.226416352018714,0.2480255923151542,0.18872890790027635,1.0,1.0,0.23496090287635746,0.17145801522823279,0.0,0.6,0.18609598292582927,2.586994706420228,800.0
245,245.0,0.28360222591622697,0.0105670493051452,2.7365175923798235,0.2477841436855174,0.1881624358303039,1.0,1.0,0.23435856365686103,0.17109816881079037,0.0,0.8,0.18632748783609188,2.4520370231941344,801.0
246,246.0,0.2783579741375318,0.009972337429718,2.065306912455708,0.24619199300360842,0.1862687569418729,1.0,1.0,0.23200400561992787,0.16749721733885992,0.0,0.8,0.1856137313866125,2.423788282601163,900.0
247,247.0,0.27865849679226196,0.0099668324127764,2.2053170941770075,0.24620825751979325,0.1862798268305843,1.0,1.0,0.23202657471007396,0.16749320146600705,0.0,0.8,0.18621860502044263,1.5782272497657686,901.0
248,248.0,0.27299157939853314,0.0094632044681476,1.8381922795437275,0.24497371419731656,0.18527021930568904,1.0,1.0,0.2316433714808989,0.16651297290550185,0.0,0.8,0.18469081178882463,3.112823449773714,1000.0
249,249.0,0.2727560927459612,0.0094584999167914,4.347347242990509,0.24497371419731717,0.18527021930568555,1.0,1.0,0.23164337148089306,0.1665129729054689,0.0,0.8,0.1845072225126923,2.965428227838129,1001.0
250,250.0,0.27215275852085685,0.0090248525639428,3.0231411589775234,0.24345673798652082,0.18650410892605856,1.0,1.0,0.22986719986310128,0.16868419713732372,0.0,0.8,0.1880058759437684,3.00944120939821,1100.0
251,251.0,0.27193794831479834,0.0090207716898639,4.655089560383931,0.2434567379865214,0.186504108926058,1.0,1.0,0.22986719986310086,0.16868419713727764,0.0,0.8,0.18783588871416257,2.950834869313985,1101.0
252,252.0,0.2714149442601005,0.0086422680287351,3.0034531553741544,0.24297347524713456,0.18565319335504704,1.0,1.0,0.2303161115731042,0.16877756686723513,0.0,0.8,0.19110548127513396,4.142283728020265,1200.0
253,253.0,0.2712417833897791,0.0086386842558136,3.0800773352384567,0.24315302519580678,0.18561838716573714,1.0,1.0,0.23031611157310436,0.16877756686723427,0.0,0.8,0.19094701901868683,2.7962618054356425,1201.0
254,254.0,0.2710708812962389,0.0084717374208735,3.0274087151512505,0.24308749217091158,0.18465184505823512,1.0,1.0,0.229957938081911,0.1682813375966058,0.0,1.0,0.19212564577976132,3.1421364670153706,1249.0
255,255.0,0.27118895907954965,0.0084683615540645,2.550532580027357,0.24298347919698368,0.18463340723746485,1.0,1.0,0.22957105486461565,0.16847444327296696,0.0,1.0,0.1922917224036577,2.6410525361541657,1250.0
256,256.0,0.2700728417719955,0.0083045479853739,3.2522556225769224,0.2419131784691555,0.18317199509203197,1.0,1.0,0.22905317852926443,0.16836104474096414,0.0,1.0,0.19211735323469284,3.7127977815456688,1300.0
257,257.0,0.2700447339629922,0.0083013679936872,2.3598580915946514,0.24190749304798276,0.18286042235376945,1.0,1.0,0.22916998004092579,0.16804242076311565,0.0,1.0,0.1921176441307336,2.3159712562337518,1301.0
258,258.0,0.2689897063993321,0.0080035579276831,2.5425253333989533,0.2410032582372846,0.18342368664829015,1.0,1.0,0.22956204472394037,0.16883197534013022,0.0,1.0,0.1939673248223944,3.012553275609389,1400.0
259,259.0,0.269003080459686,0.0080007112059399,3.0972402621991932,0.24078310836949343,0.18316423566691697,1.0,1.0,0.22929369772826985,0.16855307550205062,0.0,1.0,0.19392537759468462,2.152063336595893,1401.0
260,260.0,0.26629924417214723,0.0077356593469409,2.3490335011854766,0.24021704511962247,0.18188712922553618,1.0,1.0,0.22763622970391012,0.16684562562253788,0.0,1.0,0.1937971402648511,2.629571817582473,1499.0
261,261.0,0.2661426750780994,0.007733088933397,2.6022740023676305,0.2402170451196227,0.1818871292255359,1.0,1.0,0.22763622970408742,0.1668456256229946,0.0,1.0,0.1936683714008843,2.4450867175590245,1500.0
262,262.0,0.2662705077742957,0.007730521080451,1.8497618906199933,0.24012965028570443,0.1817939032008667,1.0,1.0,0.22768098470375908,0.16673511597737095,0.0,1.0,0.1938392072071469,1.6698670228011907,1501.0
263,263.0,0.2645238734544221,0.007488308644489699,1.9896710078697653,0.239095226917017,0.18144445946690074,1.0,1.0,0.2277178779199429,0.16879053946885167,0.0,1.0,0.1939215479679472,2.0604488862212746,1600.0
264,264.0,0.26438639447082685,0.0074859769275892,1.8875461087562144,0.23899998942320572,0.18146593497193378,1.0,1.0,0.22771787791993892,0.16879053946885292,0.0,1.0,0.1938007998060742,1.9414710596203804,1601.0
265,265.0,0.26242217403978535,0.0072653921954472,1.8321990673895925,0.2385419263945197,0.18166310715693323,1.0,1.0,0.22808452701651188,0.16988646951376601,0.0,1.0,0.19353915030376548,1.7049603269435465,1700.0
266,266.0,0.2623284970588805,0.0072632625186623,1.3301695387810468,0.2384334870733861,0.18140766692750848,1.0,1.0,0.22808452701323279,0.16988646951436298,0.0,1.0,0.19342570414312857,1.785953942174092,1701.0
267,267.0,0.26209964236505484,0.007163189826010901,2.710929499240592,0.23888653775512977,0.18172215255542318,1.0,1.0,0.2287819163876792,0.1698623606405188,0.0,0.8,0.1938348444051329,1.5398583504371346,1749.0
268,268.0,0.26226452495212244,0.007161148740394299,1.4316461561713367,0.2387514974165154,0.18184176757184142,1.0,1.0,0.22855537488883643,0.1699126614304936,0.0,0.8,0.19403958025832108,1.8738646757323294,1750.0
269,269.0,0.2609844008688377,0.0070612672973677,1.7935323579702527,0.23905893463208833,0.181360878515951,0.8,1.0,0.22939310289639017,0.16991734517835627,0.0,0.8,0.19357164732280124,1.84399129524827,1800.0
270,270.0,0.2609090620001103,0.0070593120800251,1.5144591921940447,0.23905021819328845,0.18130812962506046,0.8,1.0,0.2293576751929519,0.16981227419098693,0.0,0.8,0.19350092404924865,1.2581342614255846,1801.0
271,271.0,0.2585066235513017,0.0068734339662347,1.8026621668133884,0.23916034277960643,0.18078469715858853,0.8,1.0,0.22920193501233369,0.16908170759769542,0.0,0.8,0.19249629895780368,1.1555521733593195,1900.0
272,272.0,0.2585654990417789,0.0068716306252706,1.739882842777297,0.23894797129720372,0.18092022942394298,0.8,1.0,0.229009914707287,0.16910964883111623,0.0,0.8,0.19258209359510386,1.5122054270468652,1901.0
273,273.0,0.25692802228847694,0.0067015057741315,1.4839269015938044,0.2385136116021635,0.17985475116457847,0.8,1.0,0.22900049708203118,0.1683986401744733,0.0,0.8,0.19249221883714718,1.1906292336061597,1999.0
274,274.0,0.2568781151729004,0.006699834367253301,1.3823420054744928,0.23850558540772537,0.17983241749206452,0.8,1.0,0.22898553371141867,0.1683558771687157,0.0,0.8,0.19239997260591557,1.2648018313106149,2000.0
275,275.0,0.06664007172851254,0.0447213595499957,0.015881165815517278,0.9611937103622928,0.9595101187982499,0.0,0.0,5.0946435635190666,4.908744296509319,0.0,0.0,8.260059303211165e-16,0.00461970856413242,0.0
276,276.0,0.07595328478430563,0.0408248290463863,0.03319014948792752,0.9416085435424923,0.9391563309001898,0.0,0.0,4.2078609804805875,4.329497864178698,0.0,0.0,4.0708177569589076e-16,0.013236350379884201,1.0
277,277.0,0.07862095034548762,0.0333333333333333,0.06565933851525184,0.8744141597688835,0.9009916517924875,0.0,0.0,4.161794670181794,4.490824596472604,0.0,0.0,8.585724723767876e-16,0.0075463115703314,4.0
278,278.0,0.078528530547487,0.0316227766016838,0.34402028238400817,0.9484992529604701,0.9968824023426762,0.0,0.0,3.0369860076691366,3.1012870383663085,0.0,0.0,2.0183854587685346e-15,0.01826748959720128,5.0
279,279.0,0.09096903550089246,0.0267261241912424,1.074231229769066,0.8462636507332795,0.8786590626971547,0.0,0.0,2.6075479236201757,2.807522296604657,0.0,0.0,6.296550582516959e-16,0.9726172777824106,9.0
280,280.0,0.10193616822566758,0.0258198889747161,3.918153188424185,0.81824671895418,0.8309973189795425,0.0,0.0,1.7992220291299756,1.9402085425264795,0.0,0.0,9.459100169806333e-16,0.24823893820866944,10.0
281,281.0,0.11728519065671923,0.0229415733870561,5.086343862814829,0.8752369839696055,0.8716137677543163,0.0,0.0,2.432934694505356,2.3394703607926153,0.0,0.0,4.1487281446519013e-16,2.167116021551192,14.0
282,282.0,0.1608131642016361,0.0223606797749978,8.269640769157558,0.7695835327779438,0.793503177064674,0.0,0.0,2.1357695147309337,1.9429297276730957,0.0,0.0,5.81756864903582e-16,3.179925767565146,15.0
283,283.0,0.2176821785813808,0.0204124145231931,16.482666053948925,0.9131445902161156,0.8684154561558616,0.0,0.0,1.556471284619736,1.3976674453023752,0.0,0.0,1.7948605564773364e-16,10.530550574231892,19.0
284,284.0,0.23110159179093212,0.02,8.518795560766012,0.7070822346658818,0.674340030763832,0.0,0.0,1.737613248706067,1.6075240381160831,0.0,0.0,0.008619682791428225,7.430065399594605,20.0
285,285.0,0.27072212331332773,0.0097590007294853,2.9072139736264946,0.26147865117809765,0.20656685229443622,0.6,0.8,0.27490514333855637,0.2035622443506712,0.0,0.2,0.16504941441525206,2.553777314629406,100.0
286,286.0,0.26872380486037306,0.0097128586235726,1.9411911979317664,0.26129327783693607,0.20580381065162948,0.6,1.0,0.2749051433385584,0.20356224435067172,0.0,0.2,0.1634923444679389,2.567190237669274,101.0
287,287.0,0.2588374228254946,0.0069843029576957,1.9842191484291107,0.2493995958270708,0.1909540931729707,0.8,1.0,0.2577868028870967,0.1864021002517057,0.0,0.4,0.1863218951820741,1.3433889348525554,200.0
288,288.0,0.2577251757305299,0.006967330142916101,1.151328996848315,0.2493995958270699,0.1909540931729718,0.8,1.0,0.25778680288709893,0.18640210025170928,0.0,0.4,0.1854174199627443,2.5499523144215344,201.0
289,289.0,0.24220573552657515,0.0057259833431386,1.4979681327939034,0.24537008265122168,0.1919108604760154,0.4,0.8,0.2544098742731153,0.18516110814988607,0.0,0.4,0.18111257196507477,1.0655533039942384,300.0
290,290.0,0.24149982303890988,0.0057166195047502,1.264353826828301,0.2456384921553174,0.1921865364443877,0.4,0.8,0.2544098742731243,0.1851611081498875,0.0,0.4,0.18052070081486185,1.1019264000002296,301.0
291,291.0,0.2358227410242128,0.0049690399499995,0.9980395824182778,0.24066560733259684,0.17976777518212983,0.4,1.0,0.24356256833278334,0.1712055423186037,0.0,0.4,0.181864422536034,1.3639193556271494,400.0
292,292.0,0.2363650092629534,0.0049629166698546,0.7211077546700835,0.2407263440608431,0.18011289531008545,0.4,1.0,0.2427325765606277,0.17204853216315924,0.0,0.4,0.18275251708424656,1.5926356072071939,401.0
293,293.0,0.22894263160924755,0.0044499415948998,1.3447580588050188,0.24025584787272386,0.1819629385472405,0.2,1.0,0.238105103424467,0.17434939864243168,0.0,0.6,0.18105405038479078,1.0489375399891288,500.0
294,294.0,0.2285317081482149,0.0044455422447438,1.2821939459536225,0.24021320687364023,0.18199675541421279,0.2,1.0,0.23810510342446706,0.17434939864243318,0.0,0.6,0.1806962360559669,1.3004286231938749,501.0
295,295.0,0.23151894745651477,0.0040655781409087,1.8259340389166028,0.238284395450188,0.17895348251431764,0.4,1.0,0.2353461189819598,0.17187752339726914,0.0,0.8,0.18776913461836092,1.7399590590503067,600.0
296,296.0,0.23116872192368249,0.0040622223185119,1.5092545680236071,0.2382843954501886,0.1789534825143165,0.4,1.0,0.23534611898195684,0.17187752339726892,0.0,0.8,0.187459284561235,1.6224019886460155,601.0
297,297.0,0.22665466541785947,0.0037662178857734998,2.5485194697976112,0.23788796091112205,0.1765840630889004,0.0,1.0,0.23397469377182434,0.17056904958611985,0.0,0.8,0.1857397184299408,2.30968949184753,700.0
298,298.0,0.22659299464954183,0.0037635496474748994,2.960502515407279,0.23811368592422041,0.17652474613897243,0.0,1.0,0.2348714228162181,0.1699977658475925,0.0,0.8,0.1857071393863179,1.9814208580646664,701.0
299,299.0,0.2246054914635453,0.0035245368842512005,3.627123907394707,0.23745968765412115,0.17537856657509998,0.0,1.0,0.23496090287635746,0.17145801522823279,0.0,0.6,0.18609598292582927,2.2243505156598986,800.0
300,300.0,0.2247919935663742,0.0035223497683817004,2.4122471581213176,0.23695602608011096,0.1747522816907775,0.0,1.0,0.23435856365686103,0.17109816881079037,0.0,0.8,0.18632748783609188,1.409695917647332,801.0
301,301.0,0.22179475362503842,0.0033241124765726,2.8909926561638715,0.23556120303743294,0.1714180053618412,0.2,1.0,0.23200400561992787,0.16749721733885992,0.0,0.8,0.1856137313866125,2.2750319183804093,900.0
302,302.0,0.22226385169623386,0.0033222774709254,2.16664134520106,0.23566560643094983,0.17148178042508289,0.0,1.0,0.23202657471007396,0.16749320146600705,0.0,0.8,0.18621860502044263,1.6134100670460612,901.0
303,303.0,0.21906171601928195,0.0031544014893825,2.06629917579703,0.23570449514149394,0.17022462054806434,0.0,1.0,0.2316433714808989,0.16651297290550185,0.0,0.8,0.18469081178882463,2.1082733240909874,1000.0
304,304.0,0.21885933436221966,0.0031528333055970996,2.661521828407422,0.23570449514149344,0.1702246205480638,0.0,1.0,0.23164337148089306,0.1665129729054689,0.0,0.8,0.1845072225126923,2.3910920162219553,1001.0
305,305.0,0.22063514884051827,0.0030082841879809,2.387483541248366,0.2342527609500674,0.17207608728856671,0.0,1.0,0.22986719986310128,0.16868419713732372,0.0,0.8,0.1880058759437684,2.059193030791357,1100.0
306,306.0,0.22044911674594125,0.0030069238966213,2.390784822078422,0.23425276095006894,0.17207608728856782,0.0,1.0,0.22986719986310086,0.16868419713727764,0.0,0.8,0.18783588871416257,1.87887608660385,1101.0
307,307.0,0.2219894012700573,0.0028807560095783,2.2004276419524103,0.23433693054901647,0.17282547790850233,0.2,1.0,0.2303161115731042,0.16877756686723513,0.0,0.8,0.19110548127513396,2.458002492086962,1200.0
308,308.0,0.22181703506538267,0.0028795614186045,2.8304674567189068,0.23433693054906485,0.17282547790852365,0.2,1.0,0.23031611157310436,0.16877756686723427,0.0,0.8,0.19094701901868683,2.26254208390601,1201.0
309,309.0,0.2223597689953233,0.0028239124736245,3.0539188164286317,0.2334764291197589,0.17212276025011092,0.2,1.0,0.229957938081911,0.1682813375966058,0.0,1.0,0.19212564577976132,2.2738378531299532,1249.0
310,310.0,0.22249048213896536,0.0028227871846881,2.468308851402253,0.2336159659447521,0.17204113664980364,0.2,1.0,0.22957105486461565,0.16847444327296696,0.0,1.0,0.1922917224036577,2.4410934024024753,1250.0
311,311.0,0.22197510472622048,0.0027681826617913,2.0938684592954813,0.23294715287031126,0.17072055343270848,0.2,1.0,0.22905317852926443,0.16836104474096414,0.0,1.0,0.19211735323469284,2.749190588109195,1300.0
312,312.0,0.22195399441148095,0.0027671226645624,2.9938378018327056,0.2330050147804444,0.17070310984967169,0.2,1.0,0.22916998004092579,0.16804242076311565,0.0,1.0,0.1921176441307336,2.4964935737196354,1301.0
313,313.0,0.22246683953352756,0.002667852642561,2.4805242000613363,0.2326477961589158,0.17210471188552132,0.2,1.0,0.22956204472394037,0.16883197534013022,0.0,1.0,0.1939673248223944,2.7405383160337804,1400.0
314,314.0,0.22245512990776337,0.0026669037353133,2.518506891001016,0.23249931638649307,0.17188964084631947,0.2,1.0,0.22929369772826985,0.16855307550205062,0.0,1.0,0.19392537759468462,2.598137398855761,1401.0
315,315.0,0.22127074831082813,0.0025785531156469,1.8911491595208645,0.23245229709215498,0.171944350837917,0.2,1.0,0.22763622970391012,0.16684562562253788,0.0,1.0,0.1937971402648511,1.489624334592372,1499.0
316,316.0,0.2211320834174546,0.0025776963111323,2.698518487345427,0.23245229709214574,0.17194435083790519,0.2,1.0,0.22763622970408742,0.1668456256229946,0.0,1.0,0.1936683714008843,1.8637209192384034,1500.0
317,317.0,0.22128723905535627,0.0025768403601503,1.7307862501591444,0.23237101870152035,0.17172096536183473,0.2,1.0,0.22768098470375908,0.16673511597737095,0.0,1.0,0.1938392072071469,1.3767807898111641,1501.0
318,318.0,0.22055490709334086,0.0024961028814965,2.1275336991995575,0.23036485014606098,0.1724065471630855,0.2,1.0,0.2277178779199429,0.16879053946885167,0.0,1.0,0.1939215479679472,1.8246901359874754,1600.0
319,319.0,0.22042522653314656,0.0024953256425297,2.10552996234037,0.23036485014605307,0.17240654716308662,0.2,1.0,0.22771787791993892,0.16879053946885292,0.0,1.0,0.1938007998060742,1.2913792570121587,1601.0
320,320.0,0.21952174918612766,0.0024217973984824,1.472179555753246,0.2302002990866709,0.1728820046090016,0.2,1.0,0.22808452701651188,0.16988646951376601,0.0,1.0,0.19353915030376548,1.330871590739116,1700.0
321,321.0,0.21940368285070377,0.0024210875062207,1.740192362293601,0.23040210678295767,0.1728068907609212,0.2,1.0,0.22808452701323279,0.16988646951436298,0.0,1.0,0.19342570414312857,1.6172466249205173,1701.0
322,322.0,0.21958778147630223,0.0023877299420036,2.030898399790749,0.23059032613952662,0.1724304573536704,0.2,1.0,0.2287819163876792,0.1698623606405188,0.0,0.8,0.1938348444051329,1.6971058958675713,1749.0
323,323.0,0.21976103306247388,0.0023870495801314,1.2994453534018249,0.23035071634418652,0.17270136054054344,0.2,1.0,0.22855537488883643,0.1699126614304936,0.0,0.8,0.19403958025832108,1.1676438251510262,1750.0
324,324.0,0.21896165538158768,0.0023537557657892,1.2578480914700776,0.23080066077707856,0.17225689867001207,0.2,1.0,0.22939310289639017,0.16991734517835627,0.0,0.8,0.19357164732280124,1.2547384536359458,1800.0
325,325.0,0.21888982612656033,0.002353104026675,1.5660809658002108,0.23080232279452856,0.1722536912963914,0.2,1.0,0.2293576751929519,0.16981227419098693,0.0,0.8,0.19350092404924865,1.563078460469842,1801.0
326,326.0,0.21736276283694372,0.0022911446554115,1.402341906959191,0.23093438838359143,0.17176579550897214,0.2,1.0,0.22920193501233369,0.16908170759769542,0.0,0.8,0.19249629895780368,1.349441286083311,1900.0
327,327.0,0.21742814955019227,0.0022905435417568,1.6335028308909387,0.23078764843842653,0.17183274405857601,0.2,1.0,0.229009914707287,0.16910964883111623,0.0,0.8,0.19258209359510386,1.575988516630605,1901.0
328,328.0,0.21668697679506005,0.0022338352580438,1.1614493672735988,0.23106996952960301,0.1713668199386902,0.2,1.0,0.22900049708203118,0.1683986401744733,0.0,0.8,0.19249221883714718,1.4042226261924953,1999.0
329,329.0,0.2166083270573814,0.0022332781224177,1.262602583412081,0.2311402512877149,0.17119790068815693,0.2,1.0,0.22898553371141867,0.1683558771687157,0.0,0.8,0.19239997260591557,1.2236275300383568,2000.0
