,Unnamed: 0,DRO_tau,DRO_obj_values,epsilon,DRO_time,DRO_eval1,DRO_eval2,DRO_satisfy1,DRO_satisfy2,SA_eval1,SA_eval2,SA_satisfy1,SA_satisfy2,SA_obj_values,SA_time,SA_tau,t
0,0.0,-0.0030617344440261,0.00453422156619525,0.0033619696940535,0.16973334174690533,0.049082255255831306,0.040530373715252525,0.0,0.0,0.054415312644375255,0.0556844656050263,0.0,0.0,-0.00380273156491395,0.0811835382482968,-0.003802731564913975,0.0
1,1.0,-0.003064199034378825,0.0051333037458728996,0.0033466805760084,0.14386461349567978,0.04459335488064153,0.04033312702332055,0.0,0.0,0.050732367029114725,0.05235163526139462,0.0,0.0,-0.003802731564914025,0.07847277973996819,-0.00380273156491405,1.0
2,2.0,0.0016532457939334249,0.009059655380761249,0.0033129278792405,0.22289605375408422,0.03896708264998955,0.0298241112812271,0.0,0.0,0.04498052634702495,0.03789383223030868,0.0,0.0,0.00092732857535895,0.0841589824995026,0.000562030797997125,4.0
3,3.0,0.0032185577205925,0.0102797778549888,0.0033042130670007,0.40373777425338625,0.034841329588196704,0.029630898667465023,0.0,0.0,0.0421851921784502,0.037512173070200626,0.0,0.0,0.00262118811203645,0.08856886924695573,0.0009034372885982251,5.0
4,4.0,0.0037631101603353002,0.0117739151691942,0.0032765352414292,0.78840891924483,0.02412033840050375,0.0218842344711429,0.0,0.0,0.027515869459160427,0.028296826944275374,0.0,0.0,0.003556314722847175,0.13639011950726848,0.0031630832565785498,9.0
5,5.0,0.0037421625946487754,0.011763698493436225,0.0032708886731202,1.3638366300147027,0.02453108823833065,0.021947785928892925,0.0,0.0,0.02738806714923025,0.027104865306449823,0.0,0.0,0.003496147496714975,0.1264588664998882,0.0031630832565785498,10.0
6,6.0,0.004260715749419475,0.011346590788961525,0.0032516156438946,2.3773348349932344,0.019157795783832376,0.02088031659424945,0.0,0.0,0.023263474433462775,0.023673992746364926,0.0,0.0,0.00404902554380255,0.15763247651193518,0.0031926212722455495,14.0
7,7.0,0.003633278118131775,0.0111322120308004,0.0032474486642306,2.012914837265271,0.017493204852630624,0.02004484099078305,0.0,0.0,0.018834579700133976,0.020387199109467475,0.0,0.0,0.00401899443784705,0.2564074900037667,0.0036401069389994252,15.0
8,8.0,0.00377520348000465,0.0116408924218109,0.0032326803496737,4.080720919992018,0.018082067266754525,0.019546514579126026,0.0,0.0,0.021748080370483275,0.020763408204762475,0.0,0.0,0.005055358738904475,0.20500428250306862,0.0037058278804446,19.0
9,9.0,0.003414339996144775,0.011513731627276525,0.003229382921067,3.413625445751677,0.017406333769544348,0.019572568230906272,0.0,0.0,0.021652801280512578,0.0207169607116462,0.0,0.0,0.004969655014280025,0.2931440829925122,0.0035731063167657,20.0
10,10.0,0.0045043387675821,0.01415191456894015,0.0031663504240582,9.538669153498631,0.016137106676024977,0.015010477212071124,0.0,1.0,0.016120389049143376,0.015939784490968226,0.0,0.0,0.008079285041593725,0.4087011255032848,0.00503915947771795,50.0
11,11.0,0.00448940565322895,0.014100590461287425,0.003164924422699,17.50319120226777,0.016114324416406776,0.014872439267426875,0.0,1.0,0.015994319553404225,0.015608456321631324,0.0,0.0,0.0080392202890146,0.34285262675257394,0.00503915947771795,51.0
12,12.0,0.0055965723399198,0.015138350557669876,0.0031155757285666,58.41810756601625,0.014562139993764874,0.014155863403409125,1.0,1.0,0.014570559810991077,0.0143160879229059,0.0,0.0,0.009060244733113676,0.46853687474140315,0.0054549753982737,100.0
13,13.0,0.0052340620919186,0.015230054514196675,0.0031148375224208,46.706784086753025,0.014610880376363825,0.0141773709127873,1.0,1.0,0.014624850953003,0.01430655660323415,0.0,0.0,0.0090175993886827,0.9163591912511038,0.005181386887127401,101.0
14,14.0,0.0058890578552029,0.015546622287877399,0.0030853877570851,56.4007964339944,0.015218214485939276,0.0131811382164407,1.0,1.0,0.014935965100042074,0.01371898418370285,0.0,0.0,0.0099337860288937,0.9827045630008797,0.005892574123683625,150.0
15,15.0,0.00593659836432945,0.015564287650440201,0.0030848917522008,94.838998428997,0.015219405251968675,0.013180706323776275,1.0,1.0,0.014932664112116899,0.0136585112116997,0.0,0.0,0.0099066047695711,1.4465123672525808,0.005986763775993175,151.0
16,16.0,0.005942345288919225,0.01611159230631225,0.0030638972570351,261.93425896625195,0.014810732253136574,0.013236331590417951,1.0,1.0,0.014562764262504574,0.01343312541267315,0.0,0.0,0.01028458127126905,1.4032303399981172,0.005938479721783924,200.0
17,17.0,0.005865484586245575,0.0160903110161085,0.0030635245420788,301.5572635139979,0.014839512701007,0.0132367736087326,1.0,1.0,0.014562764262504574,0.01343312541267315,0.0,0.0,0.0102629589774837,4.904814845747751,0.0061082547671845,201.0
18,18.0,0.005873041127929924,0.016124368623101397,0.0030472251202578,901.7789945347467,0.0142052674603173,0.012586413517928175,1.0,1.0,0.01383772621325765,0.0128795007127101,0.0,0.0,0.010557046370928976,2.208507897757954,0.00589277119278845,250.0
19,19.0,0.00589997732873435,0.01610406340319305,0.0030469269715364,881.9129568742501,0.014204466670604026,0.012589351385594076,1.0,1.0,0.01383772621325765,0.012872952387600224,0.0,0.0,0.010538739422708976,3.191035348001605,0.00584537611112725,251.0
20,20.0,0.006073156667874825,0.016393575550446224,0.0030336155957825,1500.1966268277429,0.01286696228411255,0.01297974889740935,1.0,1.0,0.0137606237571897,0.012868469193018124,0.0,0.0,0.0108166328258861,3.1405607594970206,0.00580581888389985,300.0
21,21.0,0.00605853902090015,0.016376061815471774,0.0030333673556694,1445.7737052392513,0.01399377370366625,0.0126258832559644,1.0,1.0,0.0137684696579304,0.012868469193018124,0.0,0.0,0.010800770025843174,3.787348345234932,0.005791953439493275,301.0
22,22.0,0.0059985327797945,0.016387192929746625,0.0030221243878016,1432.0021388067507,0.013104156501607275,0.013067404493224076,1.0,1.0,0.01362303816516805,0.01331057173640125,0.0,0.0,0.010694120697532625,6.099634571004572,0.005767338341382125,350.0
23,23.0,0.005982037550546625,0.016372360719412025,0.0030219118688058,1428.5988706020107,0.013107917608017624,0.013070102064285775,1.0,1.0,0.013627482101588274,0.013309679839205599,0.0,0.0,0.010679664600026076,5.828672712992557,0.005736461468669075,351.0
24,24.0,0.005996870269033675,0.016328471495995926,0.0030121851891155,1287.6631842037677,0.013785471078644276,0.012679393379386974,1.0,1.0,0.013264378443010798,0.012786566738503825,0.0,0.0,0.010834735180866674,5.0611351004990865,0.00598823031396095,400.0
25,25.0,0.005992403507114675,0.01631434031700085,0.0030119994866578,1119.5268494170014,0.01315817109498725,0.012754264493634275,1.0,1.0,0.013264378443010798,0.0127811081744819,0.0,0.0,0.0108217800853026,5.283387847750419,0.005989677484103525,401.0
26,26.0,0.00607228846713305,0.016515016446497527,0.0030034316943192,1500.68782262901,0.013154834602682025,0.013115372351661873,1.0,1.0,0.01334785623077925,0.0133171894949103,0.75,0.0,0.010985468585681325,4.871346068757703,0.005978100209851275,450.0
27,27.0,0.0060610212810842745,0.016526514695305,0.0030032668562028,1500.4064791252495,0.01315540816636785,0.013132770659539375,1.0,1.0,0.013361861522508225,0.0133171894949103,0.75,0.0,0.01099531486597315,5.438925280494004,0.00601833570941775,451.0
28,28.0,0.0059017181226638,0.016776147459090375,0.0029956133675066,1500.3502026144924,0.013342581533807475,0.01336075106909785,1.0,1.0,0.013230345360833552,0.013306144035346777,0.75,0.0,0.011214000706121875,8.142799591249059,0.005889554953369475,500.0
29,29.0,0.0059041510655815505,0.0167645053534391,0.0029954652201144,1500.1396507752506,0.013342271761957025,0.013520442679447475,1.0,1.0,0.013229517876294375,0.01328927240742735,0.75,0.0,0.011203458895102474,3.9337166029981745,0.0058718354899301994,501.0
30,30.0,0.00627174352807475,0.016968452011136375,0.0029885513320212,1500.3810015142626,0.013316939653151175,0.013239345223485601,1.0,1.0,0.013757079679051425,0.01314514921486515,0.75,0.0,0.0114254446702166,5.909718967996014,0.005889682426780649,550.0
31,31.0,0.006269638363322275,0.016957809540143923,0.0029884168367515,1500.287573528498,0.0133171780938185,0.0132370648609971,1.0,1.0,0.013758768756252225,0.013153754409564525,0.75,0.0,0.011414824158263875,5.648010450753646,0.005877596256476725,551.0
32,32.0,0.006007104555938675,0.016938015602198875,0.0029821134395311,1500.432684418498,0.013325508986243476,0.013207679437336074,1.0,1.0,0.0134315773967746,0.013086925756163124,0.75,0.75,0.0114588499150376,5.170597584750794,0.005972721692003325,600.0
33,33.0,0.005989678078124075,0.016928291910770398,0.0029819903159739,1500.2486550147478,0.01332437762902315,0.0132084968610606,1.0,1.0,0.01344370423831285,0.013080408182060375,0.75,0.75,0.011449878465969274,7.244759010252892,0.00594756972269025,601.0
34,34.0,0.006181568225869426,0.0168993803579559,0.0029761993112796,1500.639669207998,0.013257318771162799,0.013190904421087874,1.0,1.0,0.013141085679992675,0.013233354467130774,0.75,0.75,0.011327869011770651,4.769673682756547,0.0060487145180375,650.0
35,35.0,0.006154928960178725,0.016916377358401576,0.0029760858046764,1500.3896721502572,0.0132597760835889,0.0132176940784162,1.0,1.0,0.013141085679992675,0.013234398868371699,0.75,1.0,0.011321118243557825,6.703490930496628,0.00604787491782795,651.0
36,36.0,0.0061249956235999,0.016982022382713874,0.0029707309196382,1500.5568955549934,0.01322638572901215,0.0130499725176331,1.0,1.0,0.013104314243371875,0.013360060910983573,0.75,1.0,0.0115034688987357,9.857804463248613,0.005857724303111275,700.0
37,37.0,0.0061208807860167495,0.016982968263959574,0.0029706256510775,1500.2906004739998,0.013231606428012,0.012897866328231125,1.0,1.0,0.01310114219230575,0.013360060910983573,0.75,1.0,0.01149547209335945,7.288778447000368,0.005857724303111275,701.0
38,38.0,0.00612815731260775,0.017090619526978327,0.0029656464176668,1500.299564663503,0.0131488422522395,0.01263443622757135,1.0,1.0,0.013074879141457324,0.013527920207187325,0.75,1.0,0.011522875874589125,9.670269240516062,0.005944750707637775,750.0
39,39.0,0.0061236117780557745,0.0170837611880943,0.0029655482840538,1500.31018458576,0.01315080643952545,0.012646256265702175,1.0,1.0,0.013074879141457324,0.013531843454857076,0.75,1.0,0.011515496481929524,12.951195523750357,0.005943325111067975,751.0
40,40.0,0.006180047795124725,0.01701845128838795,0.002960895959514,1500.2975261065003,0.0129343562886654,0.0126148874746553,1.0,1.0,0.01315109517958655,0.01344027583733405,0.75,1.0,0.011432030087242126,12.673396831498396,0.0061737033401011755,800.0
41,41.0,0.006193191170241,0.017030896383070523,0.002960804064716,1500.346991857499,0.013124412015620826,0.012613489160101824,1.0,1.0,0.0131503842534264,0.013442575817707775,0.75,1.0,0.01147818309077945,9.312411411745417,0.0061671423943075,801.0
42,42.0,0.0063032453008332505,0.01697883396431315,0.0029564387877593,1500.2782671114908,0.013480361284731474,0.012878121107097275,1.0,1.0,0.01336357991145385,0.013577972041026376,0.75,1.0,0.011535524659048125,12.005695249012206,0.00616520029746225,850.0
43,43.0,0.006300881288113775,0.016971630406777127,0.0029563523939566,1500.3665713270093,0.013482302189417449,0.012894203512337775,1.0,1.0,0.013378901899459825,0.0135317950241304,0.75,1.0,0.011529215241801725,13.713873815249826,0.006146415375818525,851.0
44,44.0,0.00638075270697965,0.017020449301925873,0.0029522411533115,1500.2710133434848,0.013596996034731175,0.013049606220023425,1.0,1.0,0.013321350466354825,0.013226325482941375,0.75,1.0,0.0115523567522994,16.099644643767533,0.00616137123347705,900.0
45,45.0,0.006380753142006225,0.017021773021227773,0.0029521596458378,1500.2035055287488,0.013595644540890024,0.013049352212418576,1.0,1.0,0.013321350466354825,0.013226325482941375,1.0,1.0,0.01159451307634945,10.943068622254943,0.0062680200137386,901.0
46,46.0,0.0064043043758913246,0.01695987426188725,0.0029482747978214,1500.6047502822512,0.012818423348817425,0.013010479421595575,1.0,1.0,0.01307653338957985,0.01343603508278665,0.75,1.0,0.01157899066322135,12.396597218503302,0.006183131667859225,950.0
47,47.0,0.006401328924865525,0.016955433940377726,0.0029481976592422,1500.3966490880011,0.012818606186660525,0.013001077333779375,1.0,1.0,0.013078373568383976,0.013450745519192625,0.75,1.0,0.01157314490422165,8.389977438244387,0.0061775370101236,951.0
48,48.0,0.0062148042142668,0.0169624499643274,0.0029445158254949,1500.2126438007508,0.013546427032435651,0.012857470056056374,1.0,1.0,0.012899639280912575,0.013305474063155326,1.0,1.0,0.011620834556372575,13.495077993997256,0.006243962780805275,1000.0
49,49.0,0.006211028794176576,0.016961873915970177,0.0029444426161597,1500.2348446687429,0.013344531894478175,0.01277759252556495,1.0,1.0,0.012899945669306549,0.0133436730724712,1.0,1.0,0.011615592707283375,11.471799872011614,0.006243962780805275,1001.0
50,50.0,0.006145703900312025,0.017082043541159976,0.0029282665461166,1500.2108681274913,0.012988198660499875,0.0131080813470762,1.0,1.0,0.013178613562715226,0.013004192405039075,1.0,1.0,0.011746958901760224,14.44174276848571,0.006115005384290325,1249.0
51,51.0,0.006141600447970375,0.017078039328639574,0.0029282081914429,1500.27385370274,0.01298848438764345,0.013107741529792351,1.0,1.0,0.013178613562715226,0.0130040024288216,1.0,1.0,0.011742468319182225,11.282219955501205,0.0061095161663024256,1250.0
52,52.0,0.0060981337719938754,0.017079187842234774,0.0029149885180713,1500.3113292425114,0.013122047493663599,0.013097482994265075,1.0,1.0,0.013122750473911326,0.0130742808533267,1.0,1.0,0.011780437045578475,27.452241009261343,0.0060545950818599,1499.0
53,53.0,0.006107289033956225,0.01707527832698445,0.0029149400806434,1500.1875793642394,0.012854123080183175,0.013083830626972999,1.0,1.0,0.013125740974720575,0.0130742808533267,1.0,1.0,0.011780044040273975,14.752896561501984,0.0060592368818118,1500.0
54,54.0,0.006225315618251975,0.01703577930087865,0.0029038040365885,1500.1872212977394,0.0128779000165595,0.013207709673757076,1.0,1.0,0.01279752615072405,0.012709049379048251,1.0,1.0,0.011728380857225475,18.248722082749737,0.006090506813387275,1749.0
55,55.0,0.0062244663727826,0.01702771457396305,0.0029037626603642,1500.3501685282538,0.012877862263848525,0.0132078215927856,1.0,1.0,0.012803522812029825,0.01270420376692015,1.0,1.0,0.011734622441758574,18.57209282149779,0.006090506813387275,1750.0
56,56.0,0.006197691688087325,0.016962593244269002,0.0028941471020858,1500.3238528087459,0.012802471172636975,0.01246996486074145,1.0,1.0,0.013123502487099575,0.012913999030927825,1.0,1.0,0.011720976497453874,17.932843379498085,0.0060267793511956,1999.0
57,57.0,0.00619906469459845,0.016961453021405525,0.0028941110066865,1500.2802964137481,0.012802745156308774,0.012469524943809776,1.0,1.0,0.013123975770579424,0.012913692079943525,1.0,1.0,0.011718055609475475,20.099806301266653,0.006028180931689876,2000.0
58,58.0,-0.0030975027004754,0.004061661284712825,0.0031218290016211,0.1377242717608169,0.049504358839293425,0.04104347935915803,0.0,0.0,0.054415312644375255,0.0556844656050263,0.0,0.0,-0.00380273156491395,0.08969097824592605,-0.003802731564913975,0.0
59,59.0,-0.0030989198878579,0.0046568232290541,0.0031076319634364,0.1530089472471445,0.04482246927435358,0.0416509008286458,0.0,0.0,0.050732367029114725,0.05235163526139462,0.0,0.0,-0.003802731564914025,0.11578965523949587,-0.00380273156491405,1.0
60,60.0,0.0016379811426194,0.008583237565951175,0.0030762901735805,0.2372272280081233,0.039150605548909624,0.029947939560219974,0.0,0.0,0.04498052634702495,0.03789383223030868,0.0,0.0,0.00092732857535895,0.0838316412555286,0.000562030797997125,4.0
61,61.0,0.0032009713416276003,0.009823138671297,0.0030681978479292,0.37663064648950234,0.03503803732916603,0.029681926571716477,0.0,0.0,0.0421851921784502,0.037512173070200626,0.0,0.0,0.00262118811203645,0.09901285949672448,0.0009034372885982251,5.0
62,62.0,0.0037452895875628753,0.0113505682225118,0.0030424970098985,0.7720871685014572,0.0242615245381032,0.021919597911537726,0.0,0.0,0.027515869459160427,0.028296826944275374,0.0,0.0,0.003556314722847175,0.15163431824475992,0.0031630832565785498,9.0
63,63.0,0.0037233239093074,0.011341086198400924,0.0030372537678973,1.119551092502661,0.024669638312167425,0.021987277600681976,0.0,0.0,0.02738806714923025,0.027104865306449823,0.0,0.0,0.003496147496714975,0.16581393524029406,0.0031630832565785498,10.0
64,64.0,0.004082874196781875,0.010886993413269326,0.0030193573836165,2.022850620742247,0.019178898291754124,0.02060704812773265,0.0,0.0,0.023263474433462775,0.023673992746364926,0.0,0.0,0.00404902554380255,0.17926676025308552,0.0031926212722455495,14.0
65,65.0,0.003628374852288875,0.010676088446772224,0.003015488045357,1.5706086239879369,0.017506115168653774,0.020114101325323652,0.0,0.0,0.018834579700133976,0.020387199109467475,0.0,0.0,0.00401899443784705,0.4395538297430903,0.0036401069389994252,15.0
66,66.0,0.003786065057088975,0.011203015034000924,0.0030017746104113,2.172092113254621,0.0180439493573143,0.019721151604772426,0.0,0.0,0.021748080370483275,0.020763408204762475,0.0,0.0,0.005055358738904475,0.2045430240068526,0.0037058278804446,19.0
67,67.0,0.0034139064637848998,0.011076702011565449,0.0029987127124194,4.473679298254865,0.0174622358321461,0.01947126610521295,0.0,0.0,0.021652801280512578,0.0207169607116462,0.0,0.0,0.004969655014280025,0.2369553437492868,0.0035731063167657,20.0
68,68.0,0.004493432000110275,0.013741146085728774,0.0029401825366254,9.370889668745804,0.01616882470333585,0.01502295815820745,0.0,1.0,0.016120389049143376,0.015939784490968226,0.0,0.0,0.008079285041593725,0.49949009800184285,0.00503915947771795,50.0
69,69.0,0.004466570423601075,0.013690765788049975,0.0029388583925062,9.130765240246546,0.016129728927960076,0.014870790733739725,0.0,1.0,0.015994319553404225,0.015608456321631324,0.0,0.0,0.0080392202890146,0.46509102925119805,0.00503915947771795,51.0
70,70.0,0.0052007325730502995,0.01472826220632855,0.0028930346050975,44.86534333449163,0.01453345909238735,0.01413383937826595,1.0,1.0,0.014570559810991077,0.0143160879229059,0.0,0.0,0.009060244733113676,0.7980501624952012,0.0054549753982737,100.0
71,71.0,0.0052378619779707,0.014823823486976924,0.0028923491279622,51.750380535744625,0.014604625647047374,0.0141759443683329,1.0,1.0,0.014624850953003,0.01430655660323415,0.0,0.0,0.0090175993886827,0.9542576974963595,0.005181386887127401,101.0
72,72.0,0.005891523498530775,0.01515239839282515,0.0028650029172933,67.51766715350095,0.015171977825867874,0.013188731133108426,1.0,1.0,0.014935965100042074,0.01371898418370285,0.0,0.0,0.0099337860288937,1.2562213717574195,0.005892574123683625,150.0
73,73.0,0.00592611541043475,0.015167085112353826,0.0028645423413293,53.18388163450436,0.015173126126854775,0.01318867813651715,1.0,1.0,0.014932664112116899,0.0136585112116997,0.0,0.0,0.0099066047695711,1.1684547374970862,0.005986763775993175,151.0
74,74.0,0.0059455467240509,0.015716390917572,0.0028450474529612,190.26373896899898,0.01478750337061515,0.013237621101761875,1.0,1.0,0.014562764262504574,0.01343312541267315,0.0,0.0,0.01028458127126905,1.5662256562500263,0.005938479721783924,200.0
75,75.0,0.005917672090377925,0.015695091945899048,0.0028447013605017,205.58457052424637,0.01480378349258165,0.013238228325208351,1.0,1.0,0.014562764262504574,0.01343312541267315,0.0,0.0,0.0102629589774837,1.4796238544986409,0.0061082547671845,201.0
76,76.0,0.005862423057979325,0.01573225190349975,0.0028295661830966,483.73032429400337,0.014192317673080174,0.012588122631384601,1.0,1.0,0.01383772621325765,0.0128795007127101,0.0,0.0,0.010557046370928976,4.8137042042544635,0.00589277119278845,250.0
77,77.0,0.00588066586955215,0.015712579866012724,0.0028292893307124,545.1827357307557,0.0141942869477572,0.01259186471303235,1.0,1.0,0.01383772621325765,0.012872952387600224,0.0,0.0,0.010538739422708976,3.6960093369998503,0.00584537611112725,251.0
78,78.0,0.0060439463623797,0.016008039385967975,0.0028169287675124,826.7283643874835,0.0140036833320701,0.012617221550402626,1.0,1.0,0.0137606237571897,0.012868469193018124,0.0,0.0,0.0108166328258861,3.111594449754193,0.00580581888389985,300.0
79,79.0,0.0061203597070161,0.015990141711140653,0.0028166982588359,877.9076270802542,0.01400074860780685,0.01261744169578795,1.0,1.0,0.0137684696579304,0.012868469193018124,0.0,0.0,0.010800770025843174,1.9554240777506493,0.005791953439493275,301.0
80,80.0,0.005971406964163576,0.015994333439715624,0.0028062583601015,1003.8281681954975,0.013111750052276749,0.013101704877826475,1.0,1.0,0.01362303816516805,0.01331057173640125,0.0,0.0,0.010694120697532625,4.656945273010933,0.005767338341382125,350.0
81,81.0,0.005961927187411175,0.01598000227969245,0.002806061021034,1105.4756034257298,0.013116044337051075,0.01309947411285265,1.0,1.0,0.013627482101588274,0.013309679839205599,0.0,0.0,0.010679664600026076,3.890427331250976,0.005736461468669075,351.0
82,82.0,0.00600410429261465,0.015941099200456325,0.0027970291041787,768.6106418204945,0.0138914753999034,0.0127509492753609,1.0,1.0,0.013264378443010798,0.012786566738503825,0.0,0.0,0.010834735180866674,10.703754593741905,0.00598823031396095,400.0
83,83.0,0.005999294550370425,0.0159270336188373,0.0027968566661823,674.5657497437351,0.013932472887204875,0.012754794126842824,1.0,1.0,0.013264378443010798,0.0127811081744819,0.0,0.0,0.0108217800853026,6.335692455002572,0.005989677484103525,401.0
84,84.0,0.006081372158226576,0.016130689128662525,0.0027889008590107,1500.3021477869988,0.013162386536905825,0.013122795107656276,1.0,1.0,0.01334785623077925,0.0133171894949103,0.75,0.0,0.010985468585681325,4.478001272993424,0.005978100209851275,450.0
85,85.0,0.0060649689432364,0.01613638118420435,0.0027887477950455,1357.2446026324978,0.013163613963292176,0.013151513640982024,1.0,1.0,0.013361861522508225,0.0133171894949103,0.75,0.0,0.01099531486597315,11.063723442504854,0.00601833570941775,451.0
86,86.0,0.00588669393481925,0.016390935048239824,0.0027816409841132,1500.2647869684988,0.013337548130544224,0.01336700912621545,1.0,1.0,0.013230345360833552,0.013306144035346777,0.75,0.0,0.011214000706121875,9.98190022775816,0.005889554953369475,500.0
87,87.0,0.00589847377155455,0.016379433413384124,0.0027815034186776,1500.421384899004,0.0133385929532049,0.013524848034178675,1.0,1.0,0.013229517876294375,0.01328927240742735,0.75,0.0,0.011203458895102474,5.7802998129991465,0.0058718354899301994,501.0
88,88.0,0.0062712224560954,0.0165845305017315,0.0027750833797339,1500.5828245520097,0.013320990762365476,0.01323575901228465,1.0,1.0,0.013757079679051425,0.01314514921486515,0.75,0.0,0.0114254446702166,11.383415417494687,0.005889682426780649,550.0
89,89.0,0.006266720751338925,0.016574048397280675,0.0027749584912693,1500.4039363405027,0.013321042472038299,0.01323773428819745,1.0,1.0,0.013758768756252225,0.013153754409564525,0.75,0.0,0.011414824158263875,8.174930658242374,0.005877596256476725,551.0
90,90.0,0.0060029518160009,0.016556818124372076,0.0027691053367075,1500.1659799635127,0.013326056568023551,0.013225304388257749,1.0,1.0,0.0134315773967746,0.013086925756163124,0.75,0.75,0.0114588499150376,11.52089663674269,0.005972721692003325,600.0
91,91.0,0.005997111736791,0.016547111166267375,0.0027689910076901,1500.1728912847466,0.01332506913074685,0.013224852739419776,1.0,1.0,0.01344370423831285,0.013080408182060375,0.75,0.75,0.011449878465969274,8.2874890582425,0.00594756972269025,601.0
92,92.0,0.006185444133423875,0.0165115884675761,0.0027636136461882,1500.2895377547466,0.0132475479083766,0.0132228302465939,1.0,1.0,0.013141085679992675,0.013233354467130774,0.75,0.75,0.011327869011770651,7.1735282324989385,0.0060487145180375,650.0
93,93.0,0.00616195836302125,0.016528402788516375,0.0027635082471995,1500.1106697267494,0.013249174966235625,0.01325615347380395,1.0,1.0,0.013141085679992675,0.013234398868371699,0.75,1.0,0.011321118243557825,7.4010339472479245,0.00604787491782795,651.0
94,94.0,0.006119286588393425,0.016602722779775824,0.0027585358539498,1500.2508709770118,0.0132345912122095,0.013075826929786101,1.0,1.0,0.013104314243371875,0.013360060910983573,0.75,1.0,0.0115034688987357,9.91535934749845,0.005857724303111275,700.0
95,95.0,0.0061055338955434005,0.016605350982812725,0.002758438104572,1500.3287446445065,0.013238498772702676,0.01292486063326545,1.0,1.0,0.01310114219230575,0.013360060910983573,0.75,1.0,0.01149547209335945,8.903646687245782,0.005857724303111275,701.0
96,96.0,0.0061093368018039496,0.0167141811781008,0.0027538145306906,1500.1867392717431,0.0131426395687156,0.0126387050669518,1.0,1.0,0.013074879141457324,0.013527920207187325,0.75,1.0,0.011522875874589125,9.004590656240905,0.005944750707637775,750.0
97,97.0,0.006104946888829575,0.016707512284947122,0.0027537234066214,1500.2564801257433,0.013144526910399398,0.0126376099426041,1.0,1.0,0.013074879141457324,0.013531843454857076,0.75,1.0,0.011515496481929524,9.67208058449978,0.005943325111067975,751.0
98,98.0,0.0061357286216803504,0.0166333641678012,0.0027494033909773,1500.258409031252,0.0131122106689748,0.0126325617212255,1.0,1.0,0.01315109517958655,0.01344027583733405,0.75,1.0,0.011432030087242126,21.183249980254914,0.0061737033401011755,800.0
99,99.0,0.0061726637803489,0.0166463814312591,0.0027493180600934,1500.3554179844975,0.013114179356178875,0.012630745386681224,1.0,1.0,0.0131503842534264,0.013442575817707775,0.75,1.0,0.01147818309077945,17.270791157250642,0.0061671423943075,801.0
100,100.0,0.006298942880203475,0.01660034131293895,0.0027452645886336,1500.3766624932505,0.013483855390062924,0.012899385831280676,1.0,1.0,0.01336357991145385,0.013577972041026376,0.75,1.0,0.011535524659048125,17.32152599701658,0.00616520029746225,850.0
101,101.0,0.0062974823906822,0.016593780701560402,0.0027451843658169,1500.3186450479989,0.013486098844691825,0.012916226653500298,1.0,1.0,0.013378901899459825,0.0135317950241304,0.75,1.0,0.011529215241801725,12.863367361245762,0.006146415375818525,851.0
102,102.0,0.006378956419912175,0.01664390131706545,0.0027413667852178,1500.2607547287407,0.013585971516310226,0.01306762890218105,1.0,1.0,0.013321350466354825,0.013226325482941375,0.75,1.0,0.0115523567522994,19.57106842324356,0.00616137123347705,900.0
103,103.0,0.00637437200814745,0.0166461178726453,0.0027412910997065,1500.3596433722523,0.01358480624350685,0.0130687404279323,1.0,1.0,0.013321350466354825,0.013226325482941375,1.0,1.0,0.01159451307634945,12.879327098744398,0.0062680200137386,901.0
104,104.0,0.006401731946596425,0.01658288619209515,0.0027376837408342,1500.526963012002,0.012819875942692275,0.013025368947138976,1.0,1.0,0.01307653338957985,0.01343603508278665,0.75,1.0,0.01157899066322135,27.45377287549127,0.006183131667859225,950.0
105,105.0,0.006400262728078325,0.0165772218372435,0.0027376121121535,1500.4563268295096,0.0128201107105469,0.01301496704285465,1.0,1.0,0.013078373568383976,0.013450745519192625,0.75,1.0,0.01157314490422165,17.152811523494165,0.0061775370101236,951.0
106,106.0,0.006216949225985599,0.016583786110529474,0.002734193266531,1500.4287137332467,0.0135342693275418,0.01288785120192785,1.0,1.0,0.012899639280912575,0.013305474063155326,1.0,1.0,0.011620834556372575,10.891888940743229,0.006243962780805275,1000.0
107,107.0,0.00631884816725165,0.01658459821199445,0.002734125286434,1500.2516081649956,0.013333324362825374,0.0128048700876475,1.0,1.0,0.012899945669306549,0.0133436730724712,1.0,1.0,0.011615592707283375,15.094379102240055,0.006243962780805275,1001.0
108,108.0,0.006155640419371075,0.016707071277792973,0.0027191046499654,1500.3786826979995,0.012991622808894501,0.0131145079894786,1.0,1.0,0.013178613562715226,0.013004192405039075,1.0,1.0,0.011746958901760224,19.184540050253418,0.006115005384290325,1249.0
109,109.0,0.00615349465798195,0.016698727424790373,0.0027190504634827,1500.3937282107545,0.012991807012897275,0.01311366453880845,1.0,1.0,0.013178613562715226,0.0130040024288216,1.0,1.0,0.011742468319182225,18.19474395726866,0.0061095161663024256,1250.0
110,110.0,0.0061020817997901496,0.016705818061623724,0.0027067750524947,1500.2398436074945,0.013125417765245775,0.013105918635970826,1.0,1.0,0.013122750473911326,0.0130742808533267,1.0,1.0,0.011780437045578475,18.619415167988336,0.0060545950818599,1499.0
111,111.0,0.006104606750888425,0.016702800975393575,0.0027067300748832,1500.364919073745,0.01312205206727695,0.013104842996216726,1.0,1.0,0.013125740974720575,0.0130742808533267,1.0,1.0,0.011780044040273975,15.456309631004842,0.0060592368818118,1500.0
112,112.0,0.006220523155365925,0.016658651268659074,0.0026963894625465,1500.5710273920013,0.012869255878918125,0.013202861639070675,1.0,1.0,0.01279752615072405,0.012709049379048251,1.0,1.0,0.011728380857225475,24.99824858449574,0.006090506813387275,1749.0
113,113.0,0.006224961969854099,0.016653750515632976,0.0026963510417667,1500.4488919934956,0.012869052708975901,0.01320235933185215,1.0,1.0,0.012803522812029825,0.01270420376692015,1.0,1.0,0.011734622441758574,20.432199895265512,0.006090506813387275,1750.0
114,114.0,0.006190822301382925,0.01659877901866015,0.0026874223090797,1500.3702451882455,0.012803066828809275,0.012483255081818476,1.0,1.0,0.013123502487099575,0.012913999030927825,1.0,1.0,0.011720976497453874,19.642432611755797,0.0060267793511956,1999.0
115,115.0,0.0061883892387207,0.016594919984486877,0.0026873887919232,1500.1454150907448,0.0129815938017785,0.0124739128404351,1.0,1.0,0.013123975770579424,0.012913692079943525,1.0,1.0,0.011718055609475475,26.86018440324915,0.006028180931689876,2000.0
116,116.0,-0.003138658097712,0.0035851011238123,0.0028816883091887,0.14123852599732342,0.049674409506495126,0.04127306315116385,0.0,0.0,0.054415312644375255,0.0556844656050263,0.0,0.0,-0.00380273156491395,0.09822762700423475,-0.003802731564913975,0.0
117,117.0,-0.003141295712076675,0.00406124051181135,0.0028685833508644,0.10473591373738592,0.04491329971344015,0.04069287635054772,0.0,0.0,0.050732367029114725,0.05235163526139462,0.0,0.0,-0.003802731564914025,0.1208071757464495,-0.00380273156491405,1.0
118,118.0,0.001619985750832775,0.00810524072005735,0.0028396524679204,0.18004814299638378,0.0393790257359916,0.030105119048659174,0.0,0.0,0.04498052634702495,0.03789383223030868,0.0,0.0,0.00092732857535895,0.08092331425359582,0.000562030797997125,4.0
119,119.0,0.0034569740626860246,0.0093602502689624,0.0028321826288577,0.16017818350155716,0.035591032223573627,0.029981159141484526,0.0,0.0,0.0421851921784502,0.037512173070200626,0.0,0.0,0.00262118811203645,0.10128945624455807,0.0009034372885982251,5.0
120,120.0,0.003725062746033875,0.010927065060367551,0.0028084587783678,0.508700801001396,0.024421162023845498,0.021991853117212974,0.0,0.0,0.027515869459160427,0.028296826944275374,0.0,0.0,0.003556314722847175,0.12890380300450482,0.0031630832565785498,9.0
121,121.0,0.0037004723861002497,0.010918326593026174,0.0028036188626745,0.7709723289954127,0.02483689908201655,0.022037891035188176,0.0,0.0,0.02738806714923025,0.027104865306449823,0.0,0.0,0.003496147496714975,0.09025275300518837,0.0031630832565785498,10.0
122,122.0,0.0040845009955805,0.010420471081794625,0.0027870991233383,0.9662857777439059,0.01920619803416065,0.020445280371091324,0.0,0.0,0.023263474433462775,0.023673992746364926,0.0,0.0,0.00404902554380255,0.18048998276208295,0.0031926212722455495,14.0
123,123.0,0.0036248148849456,0.0102148377407045,0.0027835274264834,0.922758403008629,0.0174722646889451,0.020142336226671,0.0,0.0,0.018834579700133976,0.020387199109467475,0.0,0.0,0.00401899443784705,0.18162340751223377,0.0036401069389994252,15.0
124,124.0,0.0037992039793693,0.01076415711202745,0.0027708688711488,1.9074138377582133,0.017391454895488427,0.0189376594559128,0.0,0.0,0.021748080370483275,0.020763408204762475,0.0,0.0,0.005055358738904475,0.23000671724730637,0.0037058278804446,19.0
125,125.0,0.0035842848774090496,0.01063859565381345,0.0027680425037717,1.4752134817608749,0.0175345455832657,0.019370592815921024,0.0,0.0,0.021652801280512578,0.0207169607116462,0.0,0.0,0.004969655014280025,0.21996257050341222,0.0035731063167657,20.0
126,126.0,0.004469677769673826,0.01332971125559175,0.0027140146491927,16.392035932,0.0162002151851098,0.015065518669516099,0.0,1.0,0.016120389049143376,0.015939784490968226,0.0,0.0,0.008079285041593725,0.7920910397624539,0.00503915947771795,50.0
127,127.0,0.004440107605817625,0.013280099451414375,0.0027127923623134,9.661329326761916,0.016131252733501425,0.01486901942999585,0.0,1.0,0.015994319553404225,0.015608456321631324,0.0,0.0,0.0080392202890146,0.484181789739523,0.00503915947771795,51.0
128,128.0,0.0051972030720489,0.0143171190236558,0.0026704934816285,32.345213727487135,0.014531484111970725,0.014127452447704926,1.0,1.0,0.014570559810991077,0.0143160879229059,0.0,0.0,0.009060244733113676,0.6359381157490134,0.0054549753982737,100.0
129,129.0,0.00524133964733415,0.014417315666746151,0.0026698607335035,37.36980785324704,0.014607933543795824,0.014172406212820425,1.0,1.0,0.014624850953003,0.01430655660323415,0.0,0.0,0.0090175993886827,1.0231370574911123,0.005181386887127401,101.0
130,130.0,0.00588815647161085,0.014757969242229475,0.0026446180775015,82.52518825827063,0.015125707528686526,0.013197874410472675,1.0,1.0,0.014935965100042074,0.01371898418370285,0.0,0.0,0.0099337860288937,2.182749749506911,0.005892574123683625,150.0
131,131.0,0.0059095386771860995,0.014769143058639574,0.0026441929304578,44.67649635899215,0.015122940228809474,0.0131972656860945,1.0,1.0,0.014932664112116899,0.0136585112116997,0.0,0.0,0.0099066047695711,1.5197307662529054,0.005986763775993175,151.0
132,132.0,0.00595231011380035,0.015320381848071175,0.0026261976488873,90.37097228749553,0.0147698966832074,0.013313090418921224,1.0,1.0,0.014562764262504574,0.01343312541267315,0.0,0.0,0.01028458127126905,1.5519704569996975,0.005938479721783924,200.0
133,133.0,0.005791033692621175,0.015298584248446226,0.0026258781789247,107.66997567200087,0.014775768834356424,0.013930989911928749,1.0,1.0,0.014562764262504574,0.01343312541267315,0.0,0.0,0.0102629589774837,2.6326321355008986,0.0061082547671845,201.0
134,134.0,0.0058709252627510995,0.01534003183799925,0.0026119072459353,356.483390322006,0.014190824805216174,0.012585951260616374,1.0,1.0,0.01383772621325765,0.0128795007127101,0.0,0.0,0.010557046370928976,4.382869188011682,0.00589277119278845,250.0
135,135.0,0.00588417373129815,0.015320374930388275,0.0026116516898883,395.368554755747,0.014193271162993026,0.01258870708577795,1.0,1.0,0.01383772621325765,0.012872952387600224,0.0,0.0,0.010538739422708976,2.769531082496542,0.00584537611112725,251.0
136,136.0,0.00613496690769685,0.0156220315150332,0.0026002419392422,682.6106203485033,0.013860421568082199,0.01265169670311035,1.0,1.0,0.0137606237571897,0.012868469193018124,0.0,0.0,0.0108166328258861,3.6712242747453274,0.00580581888389985,300.0
137,137.0,0.00613264273876575,0.015604435426596251,0.0026000291620023,669.4992882735023,0.01353887605293645,0.012785278012334476,1.0,1.0,0.0137684696579304,0.012868469193018124,0.0,0.0,0.010800770025843174,5.104269827243115,0.005791953439493275,301.0
138,138.0,0.005980768998344725,0.015600839709586225,0.0025903923324014,602.5852822787419,0.013122290256979125,0.013117763208400326,1.0,1.0,0.01362303816516805,0.01331057173640125,0.0,0.0,0.010694120697532625,4.367882943250152,0.005767338341382125,350.0
139,139.0,0.005972458144934125,0.015586530553337651,0.0025902101732621,549.4475604332547,0.013129455997204826,0.013115114481744999,1.0,1.0,0.013627482101588274,0.013309679839205599,0.0,0.0,0.010679664600026076,5.825284007249138,0.005736461468669075,351.0
140,140.0,0.006001837103876425,0.015553708300615325,0.0025818730192419,579.4724247444974,0.01411619005601555,0.0126795558996234,1.0,1.0,0.013264378443010798,0.012786566738503825,0.0,0.0,0.010834735180866674,3.49126722325309,0.00598823031396095,400.0
141,141.0,0.0059971790818241,0.015539749199736925,0.0025817138457067,596.4107673762337,0.014160971022471476,0.012680472979890575,1.0,1.0,0.013264378443010798,0.0127811081744819,0.0,0.0,0.0108217800853026,3.981151146504999,0.005989677484103525,401.0
142,142.0,0.0060920135294277745,0.01574618499661475,0.0025743700237022,934.8837991239925,0.013180591105056474,0.013142464837173426,1.0,1.0,0.01334785623077925,0.0133171894949103,0.75,0.0,0.010985468585681325,4.561487639246479,0.005978100209851275,450.0
143,143.0,0.0060688477532126,0.0157468453293597,0.0025742287338881,833.3686606342308,0.013180493668958125,0.01316416943347555,1.0,1.0,0.013361861522508225,0.0133171894949103,0.75,0.0,0.01099531486597315,7.4086882369956575,0.00601833570941775,451.0
144,144.0,0.005870329468220075,0.016004765932505827,0.0025676686007199,1422.4170156072432,0.0133305187324949,0.01337387074908025,1.0,1.0,0.013230345360833552,0.013306144035346777,0.75,0.0,0.011214000706121875,5.363093890005985,0.005889554953369475,500.0
145,145.0,0.00588720229416665,0.01599319697800445,0.0025675416172409,1407.4526635859875,0.013337581481805775,0.013530576315080499,1.0,1.0,0.013229517876294375,0.01328927240742735,0.75,0.0,0.011203458895102474,9.94050984950809,0.0058718354899301994,501.0
146,146.0,0.00626768192956395,0.0161999156341374,0.0025616154274467,1317.1092159287473,0.013323979176052275,0.01321167919224435,1.0,1.0,0.013757079679051425,0.01314514921486515,0.75,0.0,0.0114254446702166,5.886043493756006,0.005889682426780649,550.0
147,147.0,0.0062622314850080745,0.01618938892438835,0.002561500145787,1372.1190283917604,0.0133238529873198,0.0132324306674292,1.0,1.0,0.013758768756252225,0.013153754409564525,0.75,0.0,0.011414824158263875,13.61267284700807,0.005877596256476725,551.0
148,148.0,0.006014383985004375,0.0161750351816681,0.0025560972338838,1394.5593861049929,0.013334750503866726,0.013270715235004575,1.0,1.0,0.0134315773967746,0.013086925756163124,0.75,0.75,0.0114588499150376,7.9704187079914846,0.005972721692003325,600.0
149,149.0,0.0060089502361703505,0.0161653610209678,0.0025559916994062,1470.8001256207426,0.013335105642438425,0.01327039099309015,1.0,1.0,0.01344370423831285,0.013080408182060375,0.75,0.75,0.011449878465969274,6.599037767249683,0.00594756972269025,601.0
150,150.0,0.00616848319993685,0.016122913991560576,0.0025510279810968,1500.1518666937518,0.013243100556916925,0.013266923924756925,1.0,1.0,0.013141085679992675,0.013233354467130774,0.75,0.75,0.011327869011770651,3.9092577509945836,0.0060487145180375,650.0
151,151.0,0.00616216947025515,0.016138813916399826,0.0025509306897227,1500.1596959945127,0.013244479158278725,0.013289859432765075,1.0,1.0,0.013141085679992675,0.013234398868371699,0.75,1.0,0.011321118243557825,12.126141499495134,0.00604787491782795,651.0
152,152.0,0.006101059772276575,0.016222107906834024,0.0025463407882613,1500.2875416485076,0.0132441898104679,0.013108190830315425,1.0,1.0,0.013104314243371875,0.013360060910983573,0.75,1.0,0.0115034688987357,15.999740438761364,0.005857724303111275,700.0
153,153.0,0.00609693440443685,0.016227199727067224,0.0025462505580665,1500.1717383602481,0.01324481647456925,0.0129614112840159,1.0,1.0,0.01310114219230575,0.013360060910983573,0.75,1.0,0.01149547209335945,8.57303555974795,0.005857724303111275,701.0
154,154.0,0.006101535334513025,0.016337054366729598,0.0025419826437144,1500.0884193839993,0.013138613137729849,0.012652493313669,1.0,1.0,0.013074879141457324,0.013527920207187325,0.75,1.0,0.011522875874589125,8.959460130005027,0.005944750707637775,750.0
155,155.0,0.006093582458037125,0.01633004177264515,0.002541898529189,1500.1477845604968,0.0131419719231795,0.012642597889989076,1.0,1.0,0.013074879141457324,0.013531843454857076,0.75,1.0,0.011515496481929524,14.346296349500335,0.005943325111067975,751.0
156,156.0,0.00610807469055645,0.016249222795790098,0.0025379108224406,1500.1452399687548,0.013101261190585176,0.012656981479204925,1.0,1.0,0.01315109517958655,0.01344027583733405,0.75,1.0,0.011432030087242126,11.41258299375113,0.0061737033401011755,800.0
157,157.0,0.0061577208812515,0.016261961757139974,0.0025378320554708,1500.152536881491,0.013102389546586424,0.0126552812401764,1.0,1.0,0.0131503842534264,0.013442575817707775,0.75,1.0,0.01147818309077945,15.390233704492857,0.0061671423943075,801.0
158,158.0,0.00630241000656545,0.016220988194877974,0.002534090389508,1500.329509283496,0.013483266560463576,0.0129216901251642,1.0,1.0,0.01336357991145385,0.013577972041026376,0.75,1.0,0.011535524659048125,16.4388107232553,0.00616520029746225,850.0
159,159.0,0.0063002553725209,0.016214762511621024,0.0025340163376771,1500.2189586250024,0.013485524945120099,0.012951519450353076,1.0,1.0,0.013378901899459825,0.0135317950241304,0.75,1.0,0.011529215241801725,8.89757075200032,0.006146415375818525,851.0
160,160.0,0.0063689632615011255,0.016266109230653275,0.0025304924171242,1500.2288747702587,0.01357482563610005,0.013081377851013449,1.0,1.0,0.013321350466354825,0.013226325482941375,0.75,1.0,0.0115523567522994,19.881691205744573,0.00616137123347705,900.0
161,161.0,0.0063667104096009,0.0162712401965611,0.0025304225535752,1500.1447722749945,0.013572575697728425,0.013081336482540975,1.0,1.0,0.013321350466354825,0.013226325482941375,1.0,1.0,0.01159451307634945,21.06329242299398,0.0062680200137386,901.0
162,162.0,0.0063856576010965505,0.016204963120191422,0.0025270926838469,1500.3202914537542,0.012821442299375775,0.0130532186899297,1.0,1.0,0.01307653338957985,0.01343603508278665,0.75,1.0,0.01157899066322135,15.190288077501464,0.006183131667859225,950.0
163,163.0,0.006383320551829775,0.01619893870622455,0.0025270265650648,1500.3805263650065,0.0128209916263065,0.013030682355091524,1.0,1.0,0.013078373568383976,0.013450745519192625,0.75,1.0,0.01157314490422165,13.101686499503558,0.0061775370101236,951.0
164,164.0,0.006310401480973925,0.016207179329617825,0.0025238707075671,1500.279555254754,0.013511593186381026,0.012915433223649176,1.0,1.0,0.012899639280912575,0.013305474063155326,1.0,1.0,0.011620834556372575,18.189062980738527,0.006243962780805275,1000.0
165,165.0,0.006303966163049275,0.01620818086717405,0.0025238079567083,1500.4263175839806,0.013323779188077225,0.01293398134127125,1.0,1.0,0.012899945669306549,0.0133436730724712,1.0,1.0,0.011615592707283375,14.595869301250787,0.006243962780805275,1001.0
166,166.0,0.006165506722242025,0.016328831146248474,0.0025099427538142,1500.2113925624978,0.012996538282196001,0.013121165065374474,1.0,1.0,0.013178613562715226,0.013004192405039075,1.0,1.0,0.011746958901760224,14.811812941239623,0.006115005384290325,1249.0
167,167.0,0.0061629526371130006,0.016326514916288327,0.0025098927355225,1500.1923525804887,0.012996610604317975,0.013119991214844001,1.0,1.0,0.013178613562715226,0.0130040024288216,1.0,1.0,0.011742468319182225,12.696587470007216,0.0061095161663024256,1250.0
168,168.0,0.006106598420973825,0.016332637256506227,0.0024985615869182,1500.2742527467346,0.012846695208502875,0.013111482843315175,1.0,1.0,0.013122750473911326,0.0130742808533267,1.0,1.0,0.011780437045578475,29.267786080505175,0.0060545950818599,1499.0
169,169.0,0.006104935704522025,0.016329178029887124,0.0024985200691229,1500.443081508507,0.013126528175747176,0.0131107963079789,1.0,1.0,0.013125740974720575,0.0130742808533267,1.0,1.0,0.011780044040273975,16.015665150989662,0.0060592368818118,1500.0
170,170.0,0.006218483765131075,0.016289785956527098,0.0024889748885045,1500.4321755594938,0.0128580811980477,0.013199239090487449,1.0,1.0,0.01279752615072405,0.012709049379048251,1.0,1.0,0.011728380857225475,29.27165719999175,0.006090506813387275,1749.0
171,171.0,0.006239092650341525,0.0162823766893689,0.0024889394231693,1500.4260432152478,0.012857553342149726,0.013197528679679674,1.0,1.0,0.012803522812029825,0.01270420376692015,1.0,1.0,0.011734622441758574,30.152307578267937,0.006090506813387275,1750.0
172,172.0,0.0061829524535528,0.0162315313388978,0.0024806975160735,1500.7848902407422,0.012800382669023025,0.0124984045159372,1.0,1.0,0.013123502487099575,0.012913999030927825,1.0,1.0,0.011720976497453874,38.69541993650273,0.0060267793511956,1999.0
173,173.0,0.00617926308433725,0.0162279506928208,0.0024806665771599,1500.3460719930008,0.0128006171726555,0.012498391639579874,1.0,1.0,0.013123975770579424,0.012913692079943525,1.0,1.0,0.011718055609475475,28.118561247996695,0.006028180931689876,2000.0
174,174.0,-0.003249639724791175,0.00260512896455185,0.0024014069243239,0.14234057249268514,0.0501428100046893,0.041910064197563546,0.0,0.0,0.054415312644375255,0.0556844656050263,0.0,0.0,-0.00380273156491395,0.09566127349535233,-0.003802731564913975,0.0
175,175.0,-0.003252861155483325,0.0028455795521646,0.0023904861257203,0.12149961425529905,0.045188827303757576,0.040516037808653975,0.0,0.0,0.050732367029114725,0.05235163526139462,0.0,0.0,-0.003802731564914025,0.06292656325967978,-0.00380273156491405,1.0
176,176.0,0.0015719707358658,0.0071425258396522,0.0023663770566003,0.1431444499903591,0.03964150787399277,0.03049103830298775,0.0,0.0,0.04498052634702495,0.03789383223030868,0.0,0.0,0.00092732857535895,0.07132053150417048,0.000562030797997125,4.0
177,177.0,0.003513567935388075,0.008406047453067798,0.0023601521907148,0.098067121249187,0.036067068135195376,0.030302134202674375,0.0,0.0,0.0421851921784502,0.037512173070200626,0.0,0.0,0.00262118811203645,0.0788539947607205,0.0009034372885982251,5.0
178,178.0,0.0036703434041609,0.010079469260674349,0.0023403823153065,0.27899533152231015,0.0243490127259129,0.020996717830892353,0.0,0.0,0.027515869459160427,0.028296826944275374,0.0,0.0,0.003556314722847175,0.1307099752484646,0.0031630832565785498,9.0
179,179.0,0.003582584136200575,0.0098843195802875,0.0023363490522287,0.29035170875431504,0.024639218034065574,0.0213144010152133,0.0,0.0,0.02738806714923025,0.027104865306449823,0.0,0.0,0.003496147496714975,0.09245156474207755,0.0031630832565785498,10.0
180,180.0,0.004086230350960925,0.00945303216645115,0.0023225826027819,0.5643571912369225,0.019300550242578752,0.020541716105820125,0.0,0.0,0.023263474433462775,0.023673992746364926,0.0,0.0,0.00404902554380255,0.12827415075298626,0.0031926212722455495,14.0
181,181.0,0.0036146228926484,0.009269217692908626,0.0023196061887362,0.37780565250068315,0.017339834701762598,0.020220566597288353,0.0,0.0,0.018834579700133976,0.020387199109467475,0.0,0.0,0.00401899443784705,0.2538015207646822,0.0036401069389994252,15.0
182,182.0,0.0038146950350248,0.00988323430841815,0.002309057392624,1.1190962912442046,0.01756179571651335,0.019129093051995876,0.0,0.0,0.021748080370483275,0.020763408204762475,0.0,0.0,0.005055358738904475,0.2539676862470514,0.0037058278804446,19.0
183,183.0,0.00360594207739655,0.0097587889761325,0.0023067020864764,0.6755445890121337,0.0177135999968008,0.0173887188686044,0.0,0.0,0.021652801280512578,0.0207169607116462,0.0,0.0,0.004969655014280025,0.24617075599962845,0.0035731063167657,20.0
184,184.0,0.004405044860931925,0.012502492948276975,0.0022616788743272,4.986669953999808,0.016276500252838052,0.015175085608776425,0.0,0.0,0.016120389049143376,0.015939784490968226,0.0,0.0,0.008079285041593725,0.4199063894848223,0.00503915947771795,50.0
185,185.0,0.00438260831928905,0.012455557210540626,0.0022606603019278,5.682157620751241,0.016253355262331425,0.014887222823031974,0.0,0.0,0.015994319553404225,0.015608456321631324,0.0,0.0,0.0080392202890146,0.35904760726771195,0.00503915947771795,51.0
186,186.0,0.00519797357037295,0.01349122838591805,0.0022254112346904,19.05976150850256,0.014521891409434025,0.014101056617756175,0.75,1.0,0.014570559810991077,0.0143160879229059,0.0,0.0,0.009060244733113676,0.7373923057457432,0.0054549753982737,100.0
187,187.0,0.0052887420653234,0.013601385708868074,0.0022248839445863,10.251728209008432,0.01461141383597055,0.014153919007241474,0.75,1.0,0.014624850953003,0.01430655660323415,0.0,0.0,0.0090175993886827,0.8245579005124455,0.005181386887127401,101.0
188,188.0,0.005886910728058175,0.013967678906681723,0.0022038483979179,28.288187478996406,0.0151166276990169,0.01322335977616095,1.0,1.0,0.014935965100042074,0.01371898418370285,0.0,0.0,0.0099337860288937,1.1424834227436804,0.005892574123683625,150.0
189,189.0,0.005991076803544651,0.013969145335918,0.0022034941087148,21.21827591250621,0.015120787257544,0.013222657854483425,1.0,1.0,0.014932664112116899,0.0136585112116997,0.0,0.0,0.0099066047695711,0.9327196812482725,0.005986763775993175,151.0
190,190.0,0.0059632007592617,0.014524037402863624,0.0021884980407394,44.053880076255155,0.01479040568399655,0.013854991360280199,1.0,1.0,0.014562764262504574,0.01343312541267315,0.0,0.0,0.01028458127126905,1.5471197967635817,0.005938479721783924,200.0
191,191.0,0.0059472685768124,0.0145023249171027,0.0021882318157705,55.77079421624512,0.014794183038799875,0.013860169344742726,1.0,1.0,0.014562764262504574,0.01343312541267315,0.0,0.0,0.0102629589774837,1.457839401500678,0.0061082547671845,201.0
192,192.0,0.00589645240304585,0.014555455322314524,0.0021765893716127,131.98288118726487,0.014180039972965375,0.0125777695573622,1.0,1.0,0.01383772621325765,0.0128795007127101,0.0,0.0,0.010557046370928976,2.7259414650143294,0.00589277119278845,250.0
193,193.0,0.005898971912396325,0.014535768178439625,0.0021763764082403,149.26971255875833,0.014182901156959176,0.012580820038437399,1.0,1.0,0.01383772621325765,0.012872952387600224,0.0,0.0,0.010538739422708976,2.914089989499189,0.00584537611112725,251.0
194,194.0,0.006128949238767875,0.014848313308459326,0.0021668682827018,195.88010900324295,0.013526100030632125,0.0127507818971084,1.0,1.0,0.0137606237571897,0.012868469193018124,0.0,0.0,0.0108166328258861,3.0101410169991145,0.00580581888389985,300.0
195,195.0,0.0061829182187342,0.0148308345084288,0.0021666909683353,205.18846337226566,0.01353073978117345,0.01275337570645315,1.0,1.0,0.0137684696579304,0.012868469193018124,0.0,0.0,0.010800770025843174,11.175534735259134,0.005791953439493275,301.0
196,196.0,0.005984926049864624,0.014814593531398326,0.0021586602770011,206.37253030025386,0.0131721583576603,0.013168722160961125,1.0,1.0,0.01362303816516805,0.01331057173640125,0.0,0.0,0.010694120697532625,3.357609750251868,0.005767338341382125,350.0
197,197.0,0.0059636385950516246,0.0148002765662427,0.0021585084777184,290.62267246349074,0.013178395496065176,0.013173618325798825,1.0,1.0,0.013627482101588274,0.013309679839205599,0.0,0.0,0.010679664600026076,3.7086001970019424,0.005736461468669075,351.0
198,198.0,0.005967105810152575,0.014777606585410524,0.0021515608493682,335.9111228120092,0.0141149721879815,0.0126809375759078,1.0,1.0,0.013264378443010798,0.012786566738503825,0.0,0.0,0.010834735180866674,3.414323721004621,0.00598823031396095,400.0
199,199.0,0.0059646369956771255,0.01476386933983945,0.0021514282047556,240.01874828324068,0.01414328715093085,0.012680519977034226,1.0,1.0,0.013264378443010798,0.0127811081744819,0.0,0.0,0.0108217800853026,3.254490704755881,0.005989677484103525,401.0
200,200.0,0.00612153266243575,0.014975329294367375,0.0021453083530851,440.6030277462414,0.013198035486979126,0.013227538590252424,1.0,1.0,0.01334785623077925,0.0133171894949103,0.75,0.0,0.010985468585681325,6.999114412996278,0.005978100209851275,450.0
201,201.0,0.006144843888863025,0.01497493839668525,0.0021451906115734,358.7019560827467,0.013198394037158175,0.013240781078575375,1.0,1.0,0.013361861522508225,0.0133171894949103,0.75,0.0,0.01099531486597315,8.035661091489601,0.00601833570941775,451.0
202,202.0,0.005878388089109,0.015229391388850749,0.0021397238339333,558.826101255745,0.01332062771269405,0.013474393361833724,1.0,1.0,0.013230345360833552,0.013306144035346777,0.75,0.0,0.011214000706121875,5.871729632741335,0.005889554953369475,500.0
203,203.0,0.0058699599433945995,0.0152182975884455,0.0021396180143674,680.0504941635008,0.013323580483768149,0.013468282253670725,1.0,1.0,0.013229517876294375,0.01328927240742735,0.75,0.0,0.011203458895102474,5.23573071699866,0.0058718354899301994,501.0
204,204.0,0.00622230894439825,0.015428384557185124,0.0021346795228722,523.4414510265087,0.013327468319812125,0.013208922095559525,1.0,1.0,0.013757079679051425,0.01314514921486515,0.75,0.0,0.0114254446702166,5.5046606767464255,0.005889682426780649,550.0
205,205.0,0.0062168193647642745,0.015417706804365926,0.0021345834548225,471.2517130087399,0.013327052736317974,0.0132356796855362,1.0,1.0,0.013758768756252225,0.013153754409564525,0.75,0.0,0.011414824158263875,4.844145354501961,0.005877596256476725,551.0
206,206.0,0.0060902079914262755,0.015408288067076874,0.0021300810282365,712.4842720130036,0.013351275389175101,0.013129447045304525,1.0,1.0,0.0134315773967746,0.013086925756163124,0.75,0.75,0.0114588499150376,6.118525797752227,0.005972721692003325,600.0
207,207.0,0.0060838911321693,0.015398562520296675,0.0021299930828385,499.97287495724595,0.013351802072845325,0.013133744739963326,1.0,1.0,0.01344370423831285,0.013080408182060375,0.75,0.75,0.011449878465969274,5.408079842978623,0.00594756972269025,601.0
208,208.0,0.0061375935264613,0.015342116101515577,0.002125856650914,597.9100605339991,0.0132458523256629,0.013364995090352449,1.0,1.0,0.013141085679992675,0.013233354467130774,0.75,0.75,0.011327869011770651,12.562764981754299,0.0060487145180375,650.0
209,209.0,0.00616112817896835,0.015355680205815951,0.0021257755747689,736.740615812254,0.01324448223003985,0.013367334752610776,1.0,1.0,0.013141085679992675,0.013234398868371699,0.75,1.0,0.011321118243557825,13.052646366009869,0.00604787491782795,651.0
210,210.0,0.006097547733303025,0.015461680120691575,0.0021219506568844,1202.757918422758,0.013251912779613675,0.013291131012924451,1.0,1.0,0.013104314243371875,0.013360060910983573,0.75,1.0,0.0115034688987357,14.551406143997156,0.005857724303111275,700.0
211,211.0,0.00609075182094085,0.015468911442957724,0.0021218754650554,932.935866809501,0.013254407818521925,0.0131461487850661,1.0,1.0,0.01310114219230575,0.013360060910983573,0.75,1.0,0.01149547209335945,9.432654497250041,0.005857724303111275,701.0
212,212.0,0.006099477427784825,0.01558180697401535,0.002118318869762,1074.2519214937458,0.013141864591581275,0.01291313693206875,1.0,1.0,0.013074879141457324,0.013527920207187325,0.75,1.0,0.011522875874589125,6.7001749847586325,0.005944750707637775,750.0
213,213.0,0.006097892242548499,0.015574843337757901,0.0021182487743241,1345.4255661547543,0.01314579869024615,0.012913736579758325,1.0,1.0,0.013074879141457324,0.013531843454857076,0.75,1.0,0.011515496481929524,16.888313143252162,0.005943325111067975,751.0
214,214.0,0.0060932961864631745,0.01547700077177055,0.0021149256853671,1214.406948613254,0.01309772116809205,0.01271892834113225,1.0,1.0,0.01315109517958655,0.01344027583733405,0.75,1.0,0.011432030087242126,8.440331694004271,0.0061737033401011755,800.0
215,215.0,0.006166202207977525,0.015490830223882774,0.0021148600462257,1424.2640545540053,0.013099805166084525,0.01271475606741915,1.0,1.0,0.0131503842534264,0.013442575817707775,0.75,1.0,0.01147818309077945,9.432766927238843,0.0061671423943075,801.0
216,216.0,0.00631099827609425,0.015461431728342776,0.0021117419912566,1464.4954508355004,0.013469807162323075,0.0129719101351776,1.0,1.0,0.01336357991145385,0.013577972041026376,0.75,1.0,0.011535524659048125,10.49057418749362,0.00616520029746225,850.0
217,217.0,0.0063081044645859,0.015454692494982724,0.0021116802813976,1498.117180790734,0.013476069881756075,0.0129670853059707,1.0,1.0,0.013378901899459825,0.0135317950241304,0.75,1.0,0.011529215241801725,16.723111530252936,0.006146415375818525,851.0
218,218.0,0.006352683719412,0.015513437086849175,0.0021087436809368,1488.707315594751,0.01355307828956905,0.012778343743783324,1.0,1.0,0.013321350466354825,0.013226325482941375,0.75,1.0,0.0115523567522994,22.352111157502804,0.00616137123347705,900.0
219,219.0,0.0063659683314811,0.01552048982797845,0.0021086854613127,1450.612214455512,0.01355444107693545,0.013135142156353974,1.0,1.0,0.013321350466354825,0.013226325482941375,1.0,1.0,0.01159451307634945,21.583162241997343,0.0062680200137386,901.0
220,220.0,0.00637273843178795,0.01544557408107885,0.0021059105698724,1500.4110103502499,0.0128113461517218,0.012971234049057999,1.0,1.0,0.01307653338957985,0.01343603508278665,0.75,1.0,0.01157899066322135,12.011223603502003,0.006183131667859225,950.0
221,221.0,0.006371423415107999,0.015439635162413375,0.0021058554708873,1387.7103021455114,0.0128115403266281,0.013076038632292026,1.0,1.0,0.013078373568383976,0.013450745519192625,0.75,1.0,0.01157314490422165,14.30427397049425,0.0061775370101236,951.0
222,222.0,0.006313966039367826,0.015455186786997976,0.0021032255896392,1500.2632902914993,0.013493336252191426,0.0129655697718934,1.0,1.0,0.012899639280912575,0.013305474063155326,1.0,1.0,0.011620834556372575,19.161711900251248,0.006243962780805275,1000.0
223,223.0,0.00630883227830405,0.015454075618730774,0.0021031732972569,1490.7438967662529,0.013316994516300374,0.01297691666955105,1.0,1.0,0.012899945669306549,0.0133436730724712,1.0,1.0,0.011615592707283375,17.428138210503676,0.006243962780805275,1001.0
224,224.0,0.006162988827317126,0.015578407891863825,0.0020916189615118,1500.3426556817503,0.013104945379997325,0.013125575696765202,1.0,1.0,0.013178613562715226,0.013004192405039075,1.0,1.0,0.011746958901760224,27.867214690500987,0.006115005384290325,1249.0
225,225.0,0.006145783623384975,0.01557396555507445,0.0020915772796021,1500.3716287152565,0.012992628018896675,0.013125694392736025,1.0,1.0,0.013178613562715226,0.0130040024288216,1.0,1.0,0.011742468319182225,18.502967564250866,0.0061095161663024256,1250.0
226,226.0,0.006086358517158349,0.015588613830837475,0.0020821346557652,1500.3872217594944,0.013131415883189874,0.013111694299735351,1.0,1.0,0.013122750473911326,0.0130742808533267,1.0,1.0,0.011780437045578475,33.96006266248878,0.0060545950818599,1499.0
227,227.0,0.006086345599107075,0.015585621115963299,0.0020821000576024,1500.209952058256,0.01313013265777085,0.01311420109983185,1.0,1.0,0.013125740974720575,0.0130742808533267,1.0,1.0,0.011780044040273975,17.36137152725496,0.0060592368818118,1500.0
228,228.0,0.0062133692140252,0.015535059234378024,0.0020741457404204,1500.613794511999,0.012837028654347701,0.01317336010308545,1.0,1.0,0.01279752615072405,0.012709049379048251,1.0,1.0,0.011728380857225475,34.912207038505585,0.006090506813387275,1749.0
229,229.0,0.0062247135061945505,0.015534066385639174,0.0020741161859744,1500.434529794762,0.01283719377188705,0.013168679163093425,1.0,1.0,0.012803522812029825,0.01270420376692015,1.0,1.0,0.011734622441758574,35.90087937023054,0.006090506813387275,1750.0
230,230.0,0.006288490476537199,0.015492485237772975,0.0020672479300613,1500.6023726890053,0.013003988943068425,0.012725210890582575,1.0,1.0,0.013123502487099575,0.012913999030927825,1.0,1.0,0.011720976497453874,39.09195460549381,0.0060267793511956,1999.0
231,231.0,0.006171609189364275,0.015492476092679924,0.0020672221476332,1500.488707672754,0.012794644318477625,0.012540639413626374,1.0,1.0,0.013123975770579424,0.012913692079943525,1.0,1.0,0.011718055609475475,26.774569875993624,0.006028180931689876,2000.0
