,obj_values,MRO_obj_values,epsilon,weights,MRO_weights,online_time,MRO_time,MRO_mean_val,MRO_square_val,MRO_sig_val,mean_val,square_val,sig_val,worst_values,MRO_worst_values,worst_times,MRO_worst_times,worst_values_regret,MRO_worst_values_regret,worst_times_regret,MRO_worst_times_regret,t,regret_bound,MRO_regret_bound,MRO_eval0,MRO_eval1,MRO_satisfy0,MRO_satisfy1,O_eval0,O_eval1,O_satisfy0,O_satisfy1,O_worst_satisfy0,O_worst_satisfy1,MRO_worst_satisfy0,MRO_worst_satisfy1
0,0.005726142903889615,0.005726142903960188,0.0038422510789183745,"[0.16666667 0.16666667 0.16666667 0.16666667 0.16666667 0.16666667
 0.         0.         0.         0.         0.         0.
 0.         0.         0.        ]",[0.2 0.2 0.2 0.2 0.2],0.3114885166287422,0.21172223868779838,7.450580596923829e-10,1.982685199367836e-35,9.949697612619011e-21,7.450580596923829e-10,1.982685199367836e-35,9.949697601715483e-21,0.005726168338422865,0.00572616833861134,0.00042510381899774075,8.915085345506668e-05,0.0,0.0,8.332100696861744e-05,7.881107740104198e-05,0,0.052874320168152245,0.015369005433260589,0.022693618218096203,0.029045552294890777,0.0,0.0,0.02269361821957329,0.02904555229616755,0.0,0.0,0.0,0.0,0.0,0.0
1,0.011986527092075863,0.011986527092281669,0.003824777801152538,"[0.14285714 0.14285714 0.14285714 0.14285714 0.14285714 0.14285714
 0.14285714 0.         0.         0.         0.         0.
 0.         0.         0.        ]",[0.16666667 0.16666667 0.16666667 0.16666667 0.16666667 0.16666667],2.6020919191651046,3.448576089227572,9.313225746154785e-10,1.2089293590860082e-35,7.364529077961843e-20,9.313225746154785e-10,1.6522376661398633e-35,5.158238861722805e-20,0.011986529247103585,0.011986529247661137,0.00013996101915836334,0.00011298106983304024,0.023658197415723472,0.023658197415222106,0.0002428530715405941,8.807098492980003e-05,1,0.06053158150920119,0.039818300277529514,0.018510324518553015,0.020542220558258065,0.0,0.0,0.01851032451859803,0.020542220558649387,0.0,0.0,0.0,0.0,0.0,0.0
2,0.011913772472850668,0.011913772473157423,0.0037862032905606365,[0.1 0.1 0.1 0.1 0.1 0.1 0.1 0.1 0.1 0.1 0.  0.  0.  0.  0. ],"[0.11111111 0.11111111 0.11111111 0.11111111 0.11111111 0.11111111
 0.11111111 0.11111111 0.11111111]",8.669611524790525,4.081256422912702,1.0599113883987985e-09,1.782462185382098e-35,1.175849038078148e-19,1.0599113883987985e-09,1.1014917774265755e-35,3.454792462417001e-20,0.0119137949731835,0.011913794973027731,0.00016167107969522476,9.776093065738678e-05,0.011913823710239177,0.011913823710797113,8.531101047992706e-05,9.180116467177868e-05,4,0.04900105567278269,0.04154122085133711,0.01851866004996757,0.020550890233796807,0.0,0.0,0.018518660049944465,0.020550890234009352,0.0,0.0,0.0,0.0,0.0,0.0
3,0.015295321475748656,0.015295321475713436,0.0037762435051436937,"[0.09090909 0.09090909 0.09090909 0.09090909 0.09090909 0.09090909
 0.09090909 0.09090909 0.09090909 0.09090909 0.09090909 0.
 0.         0.         0.        ]",[0.1 0.1 0.1 0.1 0.1 0.1 0.1 0.1 0.1 0.1],5.3659240358974785,2.489006539573893,1.5021292683195287e-09,4.668377091132345e-35,3.964623605636224e-20,1.3264492794051101e-09,9.91342599683918e-36,1.376460384042484e-20,0.015295320013874786,0.01529532001387417,0.00014977180399000645,0.0001280209980905056,0.022962252927621073,0.022962252927906476,0.000118571100756526,8.973083458840847e-05,5,0.04723649506609023,0.04129104263487812,0.017661586105975,0.017620087928475324,0.0,0.0,0.017661586105978278,0.017620087928479498,0.0,0.0,0.0,0.0,0.0,0.0
4,0.01553668584781838,0.015536684922532438,0.0037446117044905246,"[0.06666667 0.06666667 0.06666667 0.06666667 0.06666667 0.06666667
 0.06666667 0.06666667 0.06666667 0.06666667 0.06666667 0.06666667
 0.06666667 0.06666667 0.06666667]","[0.07142857 0.07142857 0.07142857 0.07142857 0.07142857 0.07142857
 0.07142857 0.07142857 0.07142857 0.07142857 0.07142857 0.07142857
 0.07142857 0.07142857]",6.1894062391947955,6.332506470382214,1.3780099367801941e-09,4.1651730175164183e-35,6.061437325571551e-20,1.213555935179501e-09,7.081018569170843e-36,1.0347750942311487e-20,0.015536684592564865,0.015536684496228297,0.00017414195463061333,0.00011281110346317291,0.017263816134421118,0.01726381613442131,0.00010719103738665581,0.0005726551171392202,9,0.03987392604614525,0.037335488120351576,0.015700786722338694,0.016366078907807387,0.0,0.0,0.01570083816881013,0.016366344127884583,0.0,0.0,0.0,0.0,0.0,0.0
5,0.0155158948064386,0.015515871932824337,0.0037381584835660038,"[0.0625 0.0625 0.0625 0.0625 0.0625 0.0625 0.125  0.0625 0.0625 0.0625
 0.0625 0.0625 0.0625 0.0625 0.0625]","[0.06666667 0.06666667 0.06666667 0.06666667 0.06666667 0.06666667
 0.06666667 0.06666667 0.06666667 0.06666667 0.06666667 0.06666667
 0.06666667 0.06666667 0.06666667]",4.802199594909325,10.375070015667006,1.2674811955773019e-09,2.60777329975346e-35,8.983527440476574e-20,1.1326522061675342e-09,6.608950664559454e-36,9.567109633596695e-21,0.01551586170648323,0.01551585942777736,0.0002096518874168396,0.000217091990634799,0.015517916712990522,0.015517920605511272,0.00021371198818087578,0.00020334194414317608,10,0.037962634093652886,0.03709753030289351,0.015662428252562505,0.016388938834970276,0.0,0.0,0.01566239329714325,0.01638938700248017,0.0,0.0,0.0,0.0,0.0,0.0
6,0.015210664236372975,0.015470533259765204,0.0037161321644510813,"[0.1  0.15 0.05 0.05 0.1  0.05 0.1  0.05 0.05 0.05 0.05 0.05 0.05 0.05
 0.05]","[0.05263158 0.05263158 0.05263158 0.21052632 0.05263158 0.05263158
 0.05263158 0.10526316 0.05263158 0.05263158 0.05263158 0.05263158
 0.05263158 0.05263158 0.05263158]",9.197573509300128,10.900412667775527,0.020791302894875033,0.0014071741393251297,0.00032310721530717193,0.030717012677896265,0.0024558683955877695,0.0007587630300836231,0.016902272634826788,0.015599957059474435,0.00014347094111144543,0.00010133115574717522,0.016285458201471533,0.01628503500967165,9.680096991360188e-05,9.437114931643009e-05,14,0.03014608332965806,0.03227791007644666,0.015736793080579795,0.016692143708617938,0.0,0.0,0.015422214515944338,0.017177094535494843,0.0,0.0,1.0,0.0,0.0,0.0
7,0.015103060065987784,0.01454637211895251,0.0037113699019779415,"[0.0952381  0.19047619 0.04761905 0.04761905 0.0952381  0.04761905
 0.0952381  0.04761905 0.04761905 0.04761905 0.04761905 0.04761905
 0.04761905 0.04761905 0.04761905]","[0.1  0.05 0.1  0.05 0.1  0.1  0.05 0.05 0.1  0.05 0.05 0.05 0.05 0.05
 0.05]",6.56658690655604,6.667750726221129,0.028132001689416212,0.0016204407239579113,0.0010451752149290272,0.035114816616059225,0.0029182309274776554,0.0009697352191922429,0.01669162634897458,0.018679429064285904,0.0001383607741445303,0.00011014100164175034,0.01671287964502809,0.015542984276244077,9.501120075583458e-05,0.00013896101154386997,15,0.02889390229457465,0.03717903646233686,0.016641019226383027,0.017391461808641553,0.0,0.0,0.015465952696277468,0.017241264896145796,0.0,0.0,1.0,0.0,1.0,1.0
8,0.01632184529300768,0.015137813882003946,0.003694491828198526,"[0.12 0.24 0.08 0.04 0.08 0.04 0.08 0.04 0.04 0.04 0.04 0.04 0.04 0.04
 0.04]","[0.04166667 0.125      0.08333333 0.04166667 0.04166667 0.04166667
 0.04166667 0.04166667 0.04166667 0.04166667 0.25       0.04166667
 0.08333333 0.04166667 0.04166667]",10.32680603559129,14.126574493013322,0.04093135912820232,0.003336663364189413,0.0010880483980678132,0.0455553131673827,0.0037363057972409977,0.0009023638397355244,0.017862039637246918,0.01803839694040469,0.0001453910954296589,0.00010447087697684765,0.018814243940500526,0.020810333630138504,9.773112833499908e-05,0.00015976210124790668,19,0.023795741476297465,0.034985992742473285,0.015765209997089892,0.017727875018175118,0.0,0.0,0.015956170718421297,0.015994391382040687,1.0,1.0,1.0,1.0,1.0,1.0
9,0.01624384029698161,0.015863378078147666,0.0036907233383623537,"[0.11538462 0.23076923 0.11538462 0.03846154 0.07692308 0.03846154
 0.07692308 0.03846154 0.03846154 0.03846154 0.03846154 0.03846154
 0.03846154 0.03846154 0.03846154]","[0.28 0.04 0.04 0.04 0.08 0.04 0.04 0.04 0.12 0.04 0.08 0.04 0.04 0.04
 0.04]",20.224007080774754,24.46534126577899,0.04116388336420668,0.003151317452396843,0.0008979569001014204,0.04758834613631834,0.0039528922361126125,0.0008641339893473193,0.01739395676926347,0.017768978364782504,0.00015259115025401115,0.00011223182082176208,0.017747298549382888,0.01787982628131718,0.00010436098091304302,9.931111708283424e-05,20,0.023108315588548745,0.04012456505923545,0.015501617296914193,0.01658540774798784,1.0,0.0,0.01582154386514433,0.01552751085893565,1.0,1.0,1.0,1.0,1.0,1.0
10,0.012884899706368032,0.013019328271371897,0.003618686198923674,"[0.16071429 0.35714286 0.10714286 0.03571429 0.10714286 0.01785714
 0.03571429 0.01785714 0.01785714 0.01785714 0.01785714 0.01785714
 0.05357143 0.01785714 0.01785714]","[0.01818182 0.14545455 0.16363636 0.01818182 0.12727273 0.09090909
 0.05454545 0.01818182 0.25454545 0.01818182 0.01818182 0.01818182
 0.01818182 0.01818182 0.01818182]",2.3444644592236727,2.274096841458231,0.07882862574303444,0.00779145270828059,0.0016096639156318322,0.08781866440227085,0.009680417732968537,0.0021312816362252583,0.017650419224761182,0.017599222162317546,0.00015945197083055973,0.00012973090633749962,0.017501602880236874,0.017633330692046922,0.00014700181782245636,0.00012059113942086697,50,0.010440648113055435,0.020415283636865116,0.01879277562392335,0.01614585909164308,0.0,0.0,0.01693104978168688,0.015797368868142075,0.0,0.0,1.0,1.0,0.0,1.0
11,0.012849856846034484,0.012968340051659873,0.003617056483084585,"[0.15789474 0.36842105 0.10526316 0.03508772 0.10526316 0.01754386
 0.03508772 0.01754386 0.01754386 0.01754386 0.01754386 0.01754386
 0.05263158 0.01754386 0.01754386]","[0.01785714 0.14285714 0.16071429 0.01785714 0.125      0.08928571
 0.05357143 0.01785714 0.26785714 0.01785714 0.01785714 0.01785714
 0.01785714 0.01785714 0.01785714]",2.4758995461743325,3.5460043211933225,0.07905766673033578,0.007805857653168976,0.001668759474312642,0.08778945949875877,0.009639984619489018,0.0021399906594783678,0.017541958893601214,0.01747263400420277,0.0001742909662425518,0.0001320608425885439,0.01753058763829027,0.017466634920677925,0.0001271311193704605,0.00012183096259832382,51,0.010385342387716757,0.020168627612790056,0.0187910347300274,0.01615058171020806,0.0,0.0,0.016947658781875513,0.01580620803920043,0.0,0.0,1.0,1.0,0.0,1.0
12,0.0136517064187642,0.013683247635394021,0.0035606579755046996,"[0.1509434  0.45283019 0.0754717  0.02830189 0.09433962 0.04716981
 0.00943396 0.01886792 0.00943396 0.00943396 0.01886792 0.00943396
 0.05660377 0.00943396 0.00943396]","[0.00952381 0.17142857 0.23809524 0.00952381 0.11428571 0.07619048
 0.04761905 0.00952381 0.20952381 0.00952381 0.00952381 0.00952381
 0.00952381 0.06666667 0.00952381]",3.514377536252141,4.329829269787297,0.09444391628681889,0.01020855784738129,0.0023842145377619708,0.10054802996374633,0.011703721599933112,0.002241839974650448,0.01884227741656855,0.018309941174219718,0.00022498192265629768,0.00016914191655814648,0.018308572634188745,0.019236004887133864,0.00016077212058007717,0.00015530199743807316,100,0.005727254921246675,0.010740323218539039,0.017826328315384984,0.015580519011300711,0.0,0.0,0.016061802080690114,0.015774236218034067,0.0,0.0,1.0,1.0,1.0,1.0
13,0.014107291111851092,0.013875591994373968,0.003559814311338118,"[0.1588785  0.44859813 0.07476636 0.02803738 0.09345794 0.04672897
 0.00934579 0.01869159 0.00934579 0.00934579 0.01869159 0.00934579
 0.05607477 0.00934579 0.00934579]","[0.00943396 0.16981132 0.23584906 0.00943396 0.11320755 0.0754717
 0.04716981 0.00943396 0.20754717 0.00943396 0.00943396 0.01886792
 0.00943396 0.06603774 0.00943396]",2.27420794358477,2.484300143783912,0.09483262209460264,0.010199043324712715,0.0023433808595306515,0.10087914979344588,0.01168010175884424,0.0023269655154276865,0.01941441660947724,0.018591324728045706,0.00019724201411008835,0.00017381110228598118,0.01931217993356892,0.018541955507861592,0.00016636191867291927,0.00015888107009232044,101,0.005741788432741924,0.01071141895112007,0.017236150065822842,0.01479067900807048,0.0,0.0,0.01710203682473157,0.016010422662845067,0.0,0.0,1.0,1.0,1.0,1.0
14,0.013380013715322436,0.013223554316653955,0.0035261574366687466,"[0.16025641 0.45512821 0.06410256 0.03205128 0.08974359 0.07051282
 0.00641026 0.01282051 0.00641026 0.00641026 0.01282051 0.01923077
 0.04487179 0.00641026 0.01282051]","[0.00645161 0.18064516 0.23225806 0.00645161 0.08387097 0.10967742
 0.03870968 0.00645161 0.21935484 0.00645161 0.00645161 0.01290323
 0.00645161 0.07741935 0.00645161]",3.3930538571439683,1.8515525315888226,0.09973264260112535,0.011014830510492846,0.002568796142102119,0.10413258121144955,0.012021312215869632,0.0026552913595579027,0.020145363193314884,0.018067373796208083,0.0002333128359168768,0.0002134928945451975,0.01918792185024506,0.018109229023788254,0.0001997819636017084,0.00018993206322193146,150,0.003942780067913553,0.007300233689918417,0.017176238878430988,0.014271303602988068,0.0,0.0,0.018874678915761913,0.01791867104232493,0.0,0.0,1.0,1.0,1.0,1.0
15,0.013389212446302468,0.013208638665794272,0.003525590573943804,"[0.15923567 0.45859873 0.06369427 0.03184713 0.08917197 0.07006369
 0.00636943 0.01273885 0.00636943 0.00636943 0.01273885 0.01910828
 0.04458599 0.00636943 0.01273885]","[0.00641026 0.17948718 0.23076923 0.00641026 0.08974359 0.10897436
 0.03846154 0.00641026 0.21794872 0.00641026 0.00641026 0.01282051
 0.00641026 0.07692308 0.00641026]",5.090584016172215,1.384416843065992,0.09979766944633908,0.011026381780738578,0.002561511932293924,0.10420077167830405,0.012030505800191885,0.002652216192221297,0.020036822661033103,0.018011788622006242,0.0002308730036020279,0.00021763215772807598,0.02024497371491628,0.018036108017005305,0.0001920319627970457,0.0001938419882208109,151,0.0039619089938778065,0.007297563835681191,0.017016739849234384,0.01413786345698214,0.0,0.0,0.018672294845056295,0.017704472053462646,0.0,0.0,1.0,1.0,1.0,1.0
16,0.013415818920121092,0.013071845062169761,0.003501596865183085,"[0.1407767  0.45631068 0.0776699  0.03883495 0.0776699  0.0776699
 0.00485437 0.01456311 0.00485437 0.00485437 0.00970874 0.02912621
 0.04854369 0.00485437 0.00970874]","[0.00487805 0.17560976 0.1902439  0.00487805 0.09268293 0.16097561
 0.03902439 0.00487805 0.20487805 0.0097561  0.00487805 0.0097561
 0.00487805 0.08780488 0.00487805]",1.8042404160369188,0.37916550878435373,0.10163686524957558,0.0112596506717097,0.002699463715013297,0.10609603448938751,0.012313789540092343,0.0026541574821909893,0.020448314387189248,0.018901763460097115,0.00025356211699545383,0.0002575020771473646,0.01928296745913343,0.017919889580952097,0.0002535430248826742,0.0002449320163577795,200,0.003048946879637246,0.005579064859809129,0.01743990047808361,0.015408410467688398,0.0,0.0,0.019965240582090368,0.018593834632954328,0.0,0.0,1.0,1.0,1.0,1.0
17,0.013386168557580224,0.013052796559997196,0.0035011709052329355,"[0.14492754 0.45410628 0.07729469 0.03864734 0.07729469 0.07729469
 0.00483092 0.01449275 0.00483092 0.00483092 0.00966184 0.02898551
 0.04830918 0.00483092 0.00966184]","[0.00485437 0.17475728 0.18932039 0.00485437 0.09223301 0.16019417
 0.03883495 0.00485437 0.20873786 0.00970874 0.00485437 0.00970874
 0.00485437 0.08737864 0.00485437]",4.285779650090262,2.542472247965634,0.10152846695883773,0.011236386932412004,0.0026867147208960948,0.10594116608057598,0.012281261861589019,0.0026449702558133284,0.020387679187195994,0.01885196412598676,0.000262832036241889,0.00025157188065350056,0.02038453539699045,0.018854433456655655,0.0005933658685535192,0.0002472628839313984,201,0.0030683743861395717,0.005585914106698195,0.017434052091091716,0.015406915805640757,0.0,0.0,0.019971965225229708,0.018594455753694655,0.0,0.0,1.0,1.0,1.0,1.0
18,0.01306439837797203,0.013049662964317841,0.0034825429945804383,"[0.13671875 0.484375   0.07421875 0.04296875 0.0703125  0.078125
 0.00390625 0.01171875 0.00390625 0.00390625 0.0078125  0.02734375
 0.0390625  0.0078125  0.0078125 ]","[0.00392157 0.17254902 0.19215686 0.00392157 0.08235294 0.18823529
 0.02745098 0.00392157 0.21568627 0.00784314 0.00392157 0.00784314
 0.00392157 0.08235294 0.00392157]",4.867910222150385,4.554917101981118,0.10292932787511211,0.011456238329028222,0.0025953919995537556,0.10726227110968305,0.012501122332202482,0.0027950597557668657,0.02159054379948514,0.017862380859583485,0.0005153149832040071,0.0002852529287338257,0.02129358246593957,0.019159268714959578,0.0003550439141690731,0.0003142829518765211,250,0.002497229662837819,0.004524705117831381,0.015916841522467074,0.01417661538727973,0.0,0.0,0.01954635379197224,0.018824177386599653,0.0,0.0,1.0,1.0,1.0,1.0
19,0.013041343598335864,0.013041324561966973,0.0034822022531844966,"[0.14007782 0.48249027 0.07392996 0.04280156 0.07003891 0.07782101
 0.00389105 0.01167315 0.00389105 0.00389105 0.0077821  0.02723735
 0.03891051 0.0077821  0.0077821 ]","[0.00390625 0.16796875 0.19140625 0.00390625 0.08203125 0.1875
 0.02734375 0.00390625 0.22265625 0.0078125  0.00390625 0.0078125
 0.00390625 0.08203125 0.00390625]",6.809002975933254,3.6733374521136284,0.10287863157689386,0.01144223446097691,0.002576972966545382,0.10715634541122536,0.012476714271161886,0.0027928609251603826,0.02153736642382497,0.017835663885724662,0.000375513918697834,0.00029310304671525955,0.021534189028679342,0.01783525800676719,0.0002791332080960274,0.0002633221447467804,251,0.002514313898921272,0.004533825136823307,0.015912377674004944,0.014176517988697394,0.0,0.0,0.019550470881087908,0.01882604216768188,0.0,0.0,1.0,1.0,1.0,1.0
20,0.013416614978301558,0.013454191174842752,0.0034669892523229657,"[0.14052288 0.47058824 0.08169935 0.04248366 0.00326797 0.1503268
 0.00326797 0.00980392 0.00326797 0.00326797 0.00653595 0.03267974
 0.03921569 0.00653595 0.00653595]","[0.00327869 0.15737705 0.20655738 0.00327869 0.08196721 0.18360656
 0.02295082 0.00327869 0.21967213 0.01639344 0.00327869 0.00655738
 0.00327869 0.07868852 0.00983607]",6.807210668455809,2.4921936779282987,0.1043229313474735,0.011784862133756166,0.00252564463867168,0.10864352218818252,0.012965890286159487,0.002765724208375438,0.021156634333802694,0.01802026141906158,0.0003339529503136873,0.0003154031001031399,0.02199305874059977,0.01824786731335858,0.0003363338764756918,0.0002987331245094538,300,0.00220806685570082,0.0038248925365052316,0.014846912640353881,0.014572599066691205,0.0,0.0,0.018767894952917297,0.018338452182033945,0.0,0.0,1.0,1.0,1.0,1.0
21,0.013397293326985617,0.01348186427816183,0.0034667055493365164,"[0.14006515 0.4723127  0.08143322 0.04234528 0.00325733 0.14983713
 0.00325733 0.00977199 0.00325733 0.00325733 0.00651466 0.03257329
 0.03908795 0.00651466 0.00651466]","[0.00326797 0.15686275 0.20588235 0.00326797 0.08169935 0.17647059
 0.02287582 0.00326797 0.21895425 0.01633987 0.00326797 0.00653595
 0.00326797 0.0751634  0.02287582]",8.134266547625884,8.298113103723153,0.1042400379356828,0.011741119118652669,0.002560597131700155,0.10868024795682636,0.012969625566816956,0.002763764338159945,0.021169251945276104,0.018149863287711565,0.0005099950358271599,0.00035536312498152256,0.02116481385622687,0.01799569332303346,0.0003264830447733402,0.0003302530385553837,301,0.002223546081496389,0.0038379747545271656,0.01574126026295396,0.014137257559776644,0.0,0.0,0.018773563913196182,0.01833942229237666,0.0,0.0,1.0,1.0,1.0,1.0
22,0.012531346335685898,0.012973211724883586,0.003453856443201893,"[0.15449438 0.45786517 0.09550562 0.0505618  0.00280899 0.13764045
 0.00280899 0.00842697 0.00280899 0.00280899 0.00280899 0.03370787
 0.03370787 0.00561798 0.00842697]","[0.0028169  0.15211268 0.2056338  0.0028169  0.08732394 0.1943662
 0.02535211 0.0028169  0.1971831  0.01408451 0.0028169  0.0084507
 0.0028169  0.07605634 0.02535211]",4.4333688353654,2.1194354542531073,0.10418525775153065,0.011687037832593781,0.002596527144112484,0.10789261951955914,0.012783026612624246,0.00270403638773211,0.020213929548444084,0.01788507186922552,0.0003676640335470438,0.0003532229457050562,0.020248544896853665,0.017683033688088746,0.0003518930170685053,0.00036165304481983185,350,0.0019326414818932986,0.0033192109646107432,0.016148761204186565,0.015614719890637058,0.0,0.0,0.018768665341115976,0.01826548737136936,0.0,0.0,1.0,1.0,1.0,1.0
23,0.012517398109757065,0.012938592418597437,0.0034536135643495934,"[0.15686275 0.45658263 0.0952381  0.05042017 0.00280112 0.1372549
 0.00280112 0.00840336 0.00280112 0.00280112 0.00280112 0.03361345
 0.03361345 0.00560224 0.00840336]","[0.00280899 0.15168539 0.20786517 0.00280899 0.08707865 0.19382022
 0.0252809  0.00280899 0.19662921 0.01404494 0.00280899 0.00842697
 0.00280899 0.0758427  0.0252809 ]",3.1350600300356746,1.494988820515573,0.1041399545009606,0.011676563120397266,0.002598405662017415,0.10782387233498583,0.012766745502743097,0.0026990000328308574,0.02017943309453552,0.017884295560848487,0.00038816407322883606,0.0003323929850012064,0.020178385546966514,0.017865928068812962,0.00036448403261601925,0.00032487395219504833,351,0.0019465059632569302,0.0033291315264791146,0.016183025316279978,0.015645558461922962,0.0,0.0,0.018770568674657696,0.01826493178032153,0.0,0.0,1.0,1.0,1.0,1.0
24,0.011944946337747522,0.012139220735992492,0.0034424973589892134,"[0.15270936 0.44334975 0.09359606 0.06157635 0.00246305 0.14285714
 0.00246305 0.00738916 0.00246305 0.00246305 0.00246305 0.03940887
 0.0320197  0.00492611 0.00985222]","[0.00246914 0.15308642 0.20246914 0.00246914 0.08641975 0.19506173
 0.02962963 0.00246914 0.19753086 0.01234568 0.00246914 0.00740741
 0.00246914 0.07901235 0.02469136]",4.045100996037945,0.8574822372756898,0.10440370568287366,0.011705221167930938,0.002630280157090328,0.10765686554666783,0.012718955131819563,0.0027050475992995353,0.01996180217266596,0.017403075132814753,0.00040834397077560425,0.00039434293285012245,0.01970910751990472,0.01755793594869026,0.00038127414882183075,0.0003698428627103567,400,0.0017263580847226756,0.002939646164847524,0.01595264599834761,0.015245485581483375,0.0,0.0,0.019050532872417494,0.018491582573031032,0.0,0.0,1.0,1.0,1.0,1.0
25,0.011933417694380732,0.012127940688842861,0.0034422851276090156,"[0.15233415 0.44226044 0.09336609 0.06142506 0.002457   0.14250614
 0.002457   0.00737101 0.002457   0.002457   0.002457   0.03931204
 0.03194103 0.004914   0.01228501]","[0.00246305 0.15270936 0.2044335  0.00246305 0.0862069  0.19458128
 0.02955665 0.00246305 0.19704433 0.01231527 0.00246305 0.00738916
 0.00246305 0.07881773 0.02463054]",2.4578446187078953,0.6882619292009622,0.10435353876470216,0.0116940672245011,0.002626004697691718,0.10759301719932628,0.012704567476550197,0.0027037165917334614,0.019971841194054478,0.01739231968732529,0.0004084440879523754,0.00037432298995554447,0.019971298052759726,0.017386637590738416,0.00040284404531121254,0.0003664430696517229,401,0.0017390155883652133,0.002949178114072216,0.015959995486254146,0.015253721418171225,0.0,0.0,0.0190513617849275,0.018491556901784337,0.0,0.0,1.0,1.0,1.0,1.0
26,0.012419008256565698,0.012202578930811107,0.003432493364936297,"[0.15570175 0.43201754 0.09649123 0.06359649 0.00219298 0.14473684
 0.00219298 0.00657895 0.00219298 0.00219298 0.00219298 0.04166667
 0.03070175 0.00438596 0.01315789]","[0.0021978  0.16483516 0.19120879 0.0021978  0.0967033  0.18241758
 0.02857143 0.00879121 0.17582418 0.01098901 0.0021978  0.00659341
 0.00659341 0.0967033  0.02417582]",5.103232776746154,1.5215529357083142,0.10477040414397154,0.011649672405439118,0.00270182056732617,0.10824149914874533,0.012829243691268553,0.00278752771167998,0.020996388288738507,0.017967127385105516,0.0004485449753701687,0.0004245641175657511,0.020522312774136825,0.018024266301922037,0.0004359239246696234,0.00042651500552892685,450,0.0015670510289127512,0.0026514666473028228,0.01593124387401929,0.015367997418808111,0.0,0.0,0.019214223507163918,0.018439536104840656,0.0,0.0,1.0,1.0,1.0,1.0
27,0.012406723253431527,0.012199576365818534,0.003432304978517555,"[0.15754923 0.43107221 0.09628009 0.06345733 0.00218818 0.14442013
 0.00218818 0.00656455 0.00218818 0.00218818 0.00218818 0.04157549
 0.03063457 0.00437637 0.0131291 ]","[0.00219298 0.16447368 0.19078947 0.00219298 0.09649123 0.18421053
 0.02850877 0.00877193 0.1754386  0.01096491 0.00219298 0.00657895
 0.00657895 0.09649123 0.02412281]",4.034462723881006,0.7073930760379881,0.10469356537532842,0.011634979805538187,0.002702897028932198,0.1081406032025331,0.012810265347145423,0.00278161310390334,0.020965170174357377,0.017951087926842763,0.0004548639990389347,0.00042805401608347893,0.020965295713258825,0.017951433527973237,0.0004297939594835043,0.00043495395220816135,451,0.0015786398310485648,0.0026606548052787943,0.015929541647976008,0.015367813794257088,0.0,0.0,0.019214185551320866,0.018439287362189413,0.0,0.0,1.0,1.0,1.0,1.0
28,0.011893230582995396,0.012370410742339097,0.0034235581342932832,"[0.16205534 0.44071146 0.08695652 0.06916996 0.00197628 0.14426877
 0.00197628 0.00592885 0.00197628 0.00197628 0.00197628 0.03754941
 0.02766798 0.00395257 0.01185771]","[0.0019802  0.16435644 0.19207921 0.0019802  0.09306931 0.19207921
 0.02574257 0.00792079 0.17425743 0.00990099 0.0019802  0.00792079
 0.00594059 0.0990099  0.02178218]",3.2981277003418654,1.2734550584573299,0.1043957365614631,0.01155860175172668,0.002681388730263108,0.10792778174398462,0.012762807214973412,0.002781726224733605,0.020623973803345727,0.018028335628959464,0.0005051249172538519,0.00046675396151840687,0.020785571167339513,0.018041436333777555,0.0005008741281926632,0.0004592041950672865,500,0.0014370677068644264,0.0024133528464582344,0.01585557653270377,0.015355567106438785,0.0,0.0,0.01902933981079227,0.018300767895578548,0.0,0.0,1.0,1.0,1.0,1.0
29,0.01188329690161605,0.012367103660533677,0.0034233888229879216,"[0.1617357  0.4418146  0.08678501 0.06903353 0.00197239 0.14398422
 0.00197239 0.00591716 0.00197239 0.00197239 0.00197239 0.03747535
 0.02761341 0.00394477 0.01183432]","[0.00197628 0.16403162 0.1916996  0.00197628 0.09288538 0.1916996
 0.0256917  0.00988142 0.17391304 0.00988142 0.00197628 0.00790514
 0.00592885 0.09881423 0.02173913]",5.05748867127113,3.54842835245654,0.10455221945020003,0.011600445831533144,0.002692325964952852,0.10823426609086609,0.012867225967050398,0.0027882027043897384,0.020596364567368006,0.01801365965142146,0.0005324659869074821,0.0004698950797319412,0.020596786962937423,0.01801384953936461,0.00047951401211321354,0.0004531450103968382,501,0.0014486637482624709,0.00242316043681352,0.015854582639993352,0.015355822264726673,0.0,0.0,0.01902885200987754,0.01830033040597038,0.0,0.0,1.0,1.0,1.0,1.0
30,0.012768369858685777,0.012508087373776702,0.003415487236595662,"[0.15647482 0.16906475 0.08992806 0.34352518 0.00179856 0.13848921
 0.00179856 0.00539568 0.00179856 0.00179856 0.00179856 0.04136691
 0.02697842 0.00539568 0.01438849]","[0.0018018  0.18198198 0.18558559 0.0018018  0.08648649 0.18378378
 0.02522523 0.00900901 0.17117117 0.00900901 0.0018018  0.00720721
 0.00540541 0.1009009  0.02882883]",23.115925644757226,1.208632695954293,0.10510772376687871,0.01176531071401393,0.0026736060560533163,0.10727916827539861,0.012654485952360227,0.0025468087281399726,0.01885702838964099,0.018067761773607294,0.0005206749774515629,0.0004855950828641653,0.021316655047846314,0.018571550374551826,0.0005163049791008234,0.0004855240695178509,550,0.0013866745677068317,0.0022203678481230896,0.014719409819000917,0.01437175457305914,0.0,0.0,0.015720180628213752,0.014990259385013714,0.0,0.0,1.0,1.0,1.0,1.0
31,0.012781558814625768,0.012449886685248915,0.0034153335277160974,"[0.1561939  0.17055655 0.08976661 0.34290844 0.00179533 0.13824057
 0.00179533 0.005386   0.00179533 0.00179533 0.00179533 0.04129264
 0.02692998 0.005386   0.01436266]","[0.00179856 0.18165468 0.1852518  0.00179856 0.0881295  0.18345324
 0.02517986 0.00899281 0.17086331 0.00899281 0.00179856 0.00719424
 0.00539568 0.10071942 0.02877698]",17.80847284779884,0.964127246523276,0.10519468536907307,0.01178495050234007,0.0026720797530544508,0.10736218164397131,0.012674383980580494,0.0025544551308970052,0.018821157485030857,0.01804715283209271,0.0005511660128831863,0.0005093349609524012,0.018861206941642263,0.01805486890688845,0.000517094973474741,0.0005040650721639395,551,0.0013966406761260234,0.0022288303058243426,0.014695599651590093,0.01435946363817243,0.0,0.0,0.015721941228277105,0.014933636789503857,0.0,0.0,1.0,1.0,1.0,1.0
32,0.01287668401660588,0.013440744252339008,0.003408129645178468,"[0.15511551 0.17161716 0.08910891 0.34488449 0.00165017 0.13531353
 0.00165017 0.00660066 0.00165017 0.00165017 0.00165017 0.04125413
 0.02970297 0.0049505  0.01320132]","[0.00165289 0.1785124  0.16363636 0.00165289 0.08595041 0.16528926
 0.02479339 0.00826446 0.17520661 0.00826446 0.00165289 0.00661157
 0.00495868 0.10743802 0.0661157 ]",24.926811959128827,5.26399693870917,0.10544947841894724,0.01184784081425378,0.002659463411493076,0.10774107642911014,0.012764200311606891,0.00276050402933217,0.018869509297964326,0.018040446068103965,0.0006151760462671518,0.0005886249709874392,0.019028216503726096,0.0181254550964735,0.0005905658472329378,0.0005573551170527935,600,0.0012939679526885928,0.0020609326356351644,0.014174404294701497,0.014127396382705458,0.0,0.0,0.016631607182931624,0.015028807854894409,0.0,0.0,1.0,1.0,1.0,1.0
33,0.012871436772778065,0.013438308103552944,0.00340798893254168,"[0.15650741 0.17133443 0.08896211 0.34431631 0.00164745 0.13509061
 0.00164745 0.00658979 0.00164745 0.00164745 0.00164745 0.04118616
 0.02965404 0.00494234 0.01317957]","[0.00165017 0.17986799 0.16336634 0.00165017 0.08580858 0.1650165
 0.02475248 0.00825083 0.17491749 0.00825083 0.00165017 0.00660066
 0.0049505  0.10726073 0.0660066 ]",12.087321802740917,2.69097967678681,0.10546006898102082,0.011848808535712326,0.002655975269632385,0.10775861912335888,0.01276654666165656,0.002755935433667361,0.01885379216159791,0.018030206077339662,0.0005794749595224857,0.0005477049853652716,0.018854374405763666,0.01803041958726626,0.0005469850730150938,0.0005318350158631802,601,0.0013032019269142204,0.002068891446095532,0.014174405955372747,0.014127051683066716,0.0,0.0,0.01662966023441906,0.01502733551915183,0.0,0.0,1.0,1.0,1.0,1.0
34,0.013933524583837766,0.013583936251502995,0.0034013706414624495,"[0.12957317 0.03658537 0.00152439 0.62347561 0.00152439 0.13414634
 0.00304878 0.00152439 0.00152439 0.00152439 0.00152439 0.04268293
 0.00152439 0.00762195 0.01219512]","[0.00305344 0.1740458  0.15572519 0.00152672 0.09007634 0.17099237
 0.02290076 0.00763359 0.17099237 0.00916031 0.00152672 0.00610687
 0.00458015 0.11755725 0.06412214]",11.459916200721636,6.825131344841793,0.10654831663047067,0.012158882438000096,0.0025841557726723305,0.11313358160745457,0.014054069374535723,0.0025490175723286166,0.020927770349083583,0.018043941832783073,0.0006397459656000137,0.000581835862249136,0.019089977507029544,0.01812745385740856,0.0006007759366184473,0.0005578950513154268,650,0.0012857033760248378,0.0019260143145191629,0.014072323147630047,0.01418186941098722,0.0,0.0,0.017130432396321952,0.018156325087905635,0.0,0.0,1.0,1.0,1.0,1.0
35,0.013921563888724356,0.013581597939663922,0.0034012409196302685,"[0.12937595 0.03652968 0.00152207 0.62404871 0.00152207 0.13394216
 0.00304414 0.00152207 0.00152207 0.00152207 0.00152207 0.04261796
 0.00152207 0.00761035 0.01217656]","[0.00304878 0.17378049 0.1554878  0.00152439 0.08993902 0.17073171
 0.02286585 0.00762195 0.1722561  0.00914634 0.00152439 0.00609756
 0.00457317 0.11737805 0.06402439]",7.314380209194496,3.4076879750937223,0.1065575487419274,0.012160073895425533,0.002581489022071842,0.11313433387552464,0.01405164134502185,0.002547304467232607,0.020906990708208065,0.018034628206388122,0.0006303461268544197,0.0006054958794265985,0.020905150161765126,0.018034803509976518,0.0006758160889148712,0.00057446607388556,651,0.0012941621128412105,0.0019334926993479795,0.014072317720895774,0.014181673911423932,0.0,0.0,0.017132874943616885,0.018160192072705802,0.0,0.0,1.0,1.0,1.0,1.0
36,0.013969360995263766,0.013981724360285618,0.0033951210510151752,"[0.12747875 0.03966006 0.00141643 0.6203966  0.00141643 0.13597734
 0.00283286 0.00141643 0.00141643 0.00141643 0.00141643 0.04249292
 0.00141643 0.00849858 0.01274788]","[0.00283688 0.17163121 0.13900709 0.00141844 0.09219858 0.16595745
 0.02269504 0.0070922  0.18439716 0.00851064 0.00141844 0.0070922
 0.00425532 0.1177305  0.07375887]",7.777554240776226,12.110594647936523,0.10633194774399286,0.012116327667187139,0.002442591925802635,0.11286668455237665,0.013981207111461603,0.002539256207345126,0.020792668382119038,0.01767858812142651,0.0007604279089719057,0.1859550909139216,0.0209226174192381,0.017998030326113985,0.0006629470735788345,0.17776085203513503,700,0.0012128995442273567,0.0018079002976533717,0.013773334631524853,0.013928964312305454,1.0,1.0,0.017029117847630153,0.01816412675945711,0.0,0.0,1.0,1.0,1.0,1.0
37,0.01395835558679372,0.013979320293191357,0.0033950007440886826,"[0.12729844 0.03960396 0.00141443 0.62093352 0.00141443 0.13578501
 0.00282885 0.00141443 0.00141443 0.00141443 0.00141443 0.04243281
 0.00141443 0.00848656 0.01272984]","[0.00283286 0.1713881  0.1388102  0.00141643 0.09206799 0.16713881
 0.02266289 0.00708215 0.18413598 0.00849858 0.00141643 0.00708215
 0.00424929 0.11756374 0.07365439]",9.21683784457855,7.7247980972751975,0.10627995603912638,0.012106126266764506,0.00244110924968332,0.11279210668535584,0.013966558243855396,0.002538083373894886,0.020789477286212447,0.017670734302181485,0.0006989170797169209,0.0007536879274994135,0.020787762106809302,0.017670970445951405,0.0006322870030999184,0.0005899360403418541,701,0.0012207612965419129,0.0018149152736193805,0.013773353804461182,0.013928593183638332,1.0,1.0,0.017030803152835686,0.01816697306747451,0.0,0.0,1.0,1.0,1.0,1.0
38,0.014061798257284912,0.014338694124135631,0.0033893101916192417,"[0.12301587 0.04100529 0.00132275 0.62169312 0.00132275 0.13492063
 0.0026455  0.00132275 0.00132275 0.00132275 0.00132275 0.04497354
 0.00132275 0.00793651 0.01455026]","[0.00264901 0.16688742 0.13245033 0.0013245  0.09006623 0.16821192
 0.02251656 0.00662252 0.18940397 0.00927152 0.0013245  0.00662252
 0.00397351 0.11523179 0.08344371]",12.164760749321431,8.333299628924578,0.1063786837305108,0.01212607418297515,0.0025213855906310594,0.1130542025603481,0.01404912384907377,0.00267276223033427,0.022706051540547882,0.018158292977559134,0.0007235168013721704,0.0006952160038053989,0.021050218216690404,0.017953163112218184,0.0006583360955119133,0.0006444170139729977,750,0.0011500997255806103,0.0017056337986864915,0.013534182624208961,0.014226523567797699,1.0,1.0,0.01843858943504887,0.019394664198553613,0.0,0.0,1.0,1.0,1.0,1.0
39,0.014050030930595897,0.014336196869624665,0.0033891980389187193,"[0.12285337 0.04095112 0.001321   0.62087186 0.001321   0.1347424
 0.00264201 0.001321   0.001321   0.001321   0.001321   0.04623514
 0.001321   0.00792602 0.01453104]","[0.0026455  0.16798942 0.13227513 0.00132275 0.08994709 0.16798942
 0.02248677 0.00661376 0.18915344 0.00925926 0.00132275 0.00661376
 0.00396825 0.11507937 0.08333333]",12.536066634347662,11.436976379947737,0.10637088545747928,0.012123244309796636,0.0025047945370406414,0.11305168509677373,0.014047236484861371,0.002670032414074177,0.022686375226454548,0.018084481875501567,0.0006842559669166803,0.0006151858251541853,0.022682853364347742,0.018150753349529078,0.0006522068288177252,0.0006283358670771122,751,0.0011576786698679798,0.0017124703486507823,0.01365217469427424,0.014156791028150319,1.0,1.0,0.018442458150649786,0.019398964708879026,0.0,0.0,1.0,1.0,1.0,1.0
40,0.01259882096621683,0.014038356136141532,0.003383881096587482,"[0.12282878 0.00868486 0.00124069 0.65260546 0.00124069 0.13771712
 0.00248139 0.00124069 0.00124069 0.00124069 0.00124069 0.04466501
 0.00124069 0.00744417 0.01488834]","[0.00248447 0.16149068 0.13291925 0.00124224 0.09068323 0.16521739
 0.02360248 0.00621118 0.1863354  0.00869565 0.00124224 0.00621118
 0.00372671 0.11925466 0.09068323]",12.915095656178892,5.506215612636879,0.10637320280012166,0.012143539259207014,0.002517630039125963,0.11371991100740045,0.014198064970254859,0.0027779236309105493,0.022587782486992745,0.017931835280354875,0.0007411870174109936,0.0006887358613312244,0.022301911928461718,0.017915804501138315,0.0007108869031071663,0.0006696770433336496,800,0.0010986565376632838,0.0016164732566054628,0.013655441805317116,0.014174864391351065,1.0,0.0,0.0192021582146618,0.019365344345775245,0.0,0.0,1.0,1.0,1.0,1.0
41,0.012590187705697215,0.01403586964661916,0.0033837760739611747,"[0.12267658 0.0086741  0.00123916 0.65303594 0.00123916 0.13754647
 0.00247831 0.00123916 0.00123916 0.00123916 0.00123916 0.04460967
 0.00123916 0.00743494 0.01486989]","[0.00248139 0.16129032 0.13275434 0.00124069 0.09057072 0.1662531
 0.0235732  0.00620347 0.18610422 0.00868486 0.00124069 0.00620347
 0.00372208 0.1191067  0.09057072]",16.491562880109996,11.98853990342468,0.10634575922499902,0.012137302383768056,0.0025189973230145303,0.11368820980604202,0.014190095972466156,0.0027786403604742904,0.022589776717730374,0.017928794155440478,0.0007258770056068897,0.000720286974683404,0.02260740378802621,0.017929530408154027,0.0007540169171988964,0.0006849959027022123,801,0.0011056787019105368,0.0016228505140348133,0.013655389041512587,0.014174197822652244,1.0,0.0,0.01919059476178008,0.01934927174006311,0.0,0.0,1.0,1.0,1.0,1.0
42,0.012777004667165337,0.014209260671632548,0.003378787186010671,"[0.11915888 0.01051402 0.00233645 0.64719626 0.00116822 0.13668224
 0.00233645 0.00116822 0.00116822 0.00116822 0.00116822 0.05023364
 0.00116822 0.00934579 0.01518692]","[0.00233918 0.15906433 0.13567251 0.00116959 0.08654971 0.17309942
 0.02339181 0.00584795 0.18596491 0.00935673 0.00116959 0.00584795
 0.00350877 0.11812865 0.08888889]",23.006055140635,9.166770260548219,0.10677742736182616,0.012251175574251537,0.0025273848436985196,0.11376696125655342,0.014246978753439943,0.002807225213340132,0.02283105752284937,0.018195881481886528,0.00088644796051085,0.0007105469703674316,0.02306299840117612,0.018175031869898932,0.0007323569152504206,0.0006973370909690857,850,0.0010504247210677302,0.0015375713967752816,0.01358103303158848,0.014022654104847473,1.0,1.0,0.019008293419874568,0.01907607831066633,0.0,0.0,1.0,1.0,1.0,1.0
43,0.01276768493808714,0.014206810508325764,0.003378688450236194,"[0.11901984 0.01050175 0.00233372 0.64644107 0.00116686 0.13768961
 0.00233372 0.00116686 0.00116686 0.00116686 0.00116686 0.05017503
 0.00116686 0.00933489 0.01516919]","[0.00233645 0.1588785  0.13551402 0.00116822 0.0864486  0.17406542
 0.02336449 0.00584112 0.18574766 0.00934579 0.00116822 0.00584112
 0.00350467 0.11799065 0.08878505]",18.219808366149664,10.95626819273457,0.10681770732385344,0.01225984823682867,0.0025272748461255116,0.11381505438222282,0.014258006133237225,0.002804992439263819,0.022815050878205075,0.018188226623324446,0.0007661669515073299,0.0007290570065379143,0.022810578890814906,0.018188942705462806,0.0007416370790451765,0.0006922059692442417,851,0.0010571759667313734,0.001543750574167369,0.013580871503782638,0.014022104837840565,1.0,1.0,0.019011003907770906,0.019082270818837465,0.0,0.0,1.0,1.0,1.0,1.0
44,0.013202436356354333,0.014370090433629823,0.003373989889498949,"[0.12030905 0.01103753 0.00220751 0.64569536 0.00110375 0.13245033
 0.00220751 0.00110375 0.00110375 0.00220751 0.00220751 0.05077263
 0.00110375 0.00883002 0.01766004]","[0.00220994 0.15911602 0.13480663 0.00110497 0.08839779 0.17348066
 0.02320442 0.00552486 0.18453039 0.00883978 0.00110497 0.00773481
 0.00331492 0.11270718 0.09392265]",22.42523371730931,11.54713736078702,0.10667286503067137,0.012220093147709844,0.0025472004369382958,0.11361541870017401,0.014167267896959778,0.002842366510265162,0.02336345615810602,0.018448545437587307,0.0008466981817036867,0.0007555470801889896,0.023260092451105358,0.018360536818311762,0.0007867279928177595,0.0007329070940613747,900,0.001006799505452029,0.0014667501664297382,0.013411429256278362,0.014162890913894331,1.0,1.0,0.01921493171987919,0.020017023312493158,0.0,0.0,1.0,1.0,1.0,1.0
45,0.013194031647481813,0.014367875727915707,0.003373896738100371,"[0.12127894 0.01102536 0.00220507 0.64498346 0.00110254 0.1323043
 0.00220507 0.00110254 0.00110254 0.00220507 0.00220507 0.05071665
 0.00110254 0.00882029 0.01764057]","[0.00220751 0.1589404  0.13465784 0.00110375 0.08830022 0.17439294
 0.02317881 0.00551876 0.18432671 0.00883002 0.00110375 0.00772627
 0.00331126 0.11258278 0.09381898]",22.761830794159323,12.450355340726674,0.10664380979567988,0.012213868609094482,0.002544368488470003,0.11358051323841169,0.014159286260813439,0.002839343933826191,0.023344189861684544,0.018441703917655646,0.0008087779860943556,0.0007094268221408129,0.023345719326643456,0.01844181599719912,0.0007355669513344765,0.000695117050781846,901,0.001013133505880151,0.0014725744811084672,0.013411414446294978,0.014162685552382847,1.0,1.0,0.01921387591494755,0.02001585269161128,0.0,0.0,1.0,1.0,1.0,1.0
46,0.013359020486362411,0.014254726919086533,0.003369456911795996,"[0.12133891 0.01046025 0.00209205 0.64016736 0.00104603 0.13389121
 0.00209205 0.00104603 0.00104603 0.00209205 0.00209205 0.05334728
 0.00104603 0.0083682  0.01987448]","[0.00209424 0.15602094 0.13717277 0.00104712 0.09005236 0.17277487
 0.02408377 0.0052356  0.18115183 0.00837696 0.00104712 0.00732984
 0.00314136 0.11308901 0.0973822 ]",16.23244536225684,5.917838906636462,0.10668575796101476,0.012230992531222097,0.002549423332639447,0.11344483728855578,0.014117409384450384,0.0028142692131561823,0.023423211356001266,0.018380256480179373,0.0008578191045671701,0.0007913380395621061,0.023469926293151717,0.018373380748368875,0.0007911380380392075,0.0007704270537942648,950,0.0009677722192611196,0.0014035268223711928,0.013486497716787622,0.014282876271868743,1.0,0.0,0.019059315524466977,0.020004965051872627,0.0,0.0,1.0,1.0,1.0,1.0
47,0.013351140883766249,0.01425272193187561,0.0033693687534197547,"[0.12121212 0.01044932 0.00208986 0.64054336 0.00104493 0.13375131
 0.00208986 0.00104493 0.00104493 0.00208986 0.00208986 0.05329154
 0.00104493 0.00835946 0.01985371]","[0.00209205 0.15585774 0.13702929 0.00104603 0.08995816 0.17364017
 0.02405858 0.00523013 0.18096234 0.0083682  0.00104603 0.00732218
 0.00313808 0.11297071 0.09728033]",16.949764475924894,6.964200410991907,0.10665996706696179,0.012225300124602621,0.002547300839086421,0.11341011508138227,0.014109210357453699,0.0028122653246144013,0.02340949961144026,0.018374009259478945,0.0008576789405196905,0.0011635210830718279,0.023414351395896007,0.018373991158100483,0.000828468007966876,0.0007974270265549421,951,0.0009737871581346053,0.001409084518221682,0.01348636423109173,0.014282667054379744,1.0,0.0,0.01905372021233391,0.01999972372108414,0.0,0.0,1.0,1.0,1.0,1.0
48,0.013189994097588231,0.014236562121099982,0.003365160943422809,"[0.11928429 0.01192843 0.00298211 0.62823062 0.00099404 0.13916501
 0.00198807 0.00099404 0.00099404 0.00198807 0.00198807 0.05467197
 0.00099404 0.01093439 0.02286282]","[0.00199005 0.15422886 0.13830846 0.00099502 0.08756219 0.17114428
 0.0238806  0.00497512 0.1840796  0.0079602  0.00099502 0.00696517
 0.00298507 0.11542289 0.09850746]",17.17341670813039,7.9743990355636925,0.10688703926446427,0.012268968805223828,0.002514126955705919,0.11324470268401118,0.014062765271511546,0.0028387062678306113,0.023237096978330343,0.018262706568515887,0.0009005689062178135,0.0008254679851233959,0.023064504063440558,0.018285880830426354,0.0009032581001520157,0.0008983679581433535,1000,0.0009330608222717261,0.0013468911764063052,0.013499606291315726,0.014272185056929638,1.0,0.0,0.01832165683701392,0.02026515604495988,0.0,0.0,1.0,1.0,1.0,1.0
