,Unnamed: 0,DRO_tau,DRO_obj_values,epsilon,DRO_time,DRO_eval1,DRO_eval2,DRO_satisfy1,DRO_satisfy2,SA_eval1,SA_eval2,SA_satisfy1,SA_satisfy2,SA_obj_values,SA_time,t
0,0.0,-0.05876263130029105,-0.0564834664555441,0.0006458765842134,0.054962556249999996,0.029513351386576077,0.029138976040658526,0.0,0.0,0.030373324014073798,0.02806477864329645,0.0,0.0,-0.058784719582302074,0.00229368625,0.0
1,1.0,-0.05048274456880308,-0.04867135132416345,0.0006400154787332,0.06462997350000001,0.008758015063707526,0.009316319565820599,0.0,0.0,0.0092156546236951,0.009764763443802026,0.0,0.0,-0.05051122774269753,0.0025732489999999997,1.0
2,2.0,-0.044005645794211526,-0.04241947576849968,0.0006271709218885,0.09719362275,0.0056477510780185,0.004948938197727225,0.0,0.0,0.005868522734014425,0.005767063389961475,0.0,0.0,-0.0440456119840215,0.003510886,4.0
3,3.0,-0.0413081565093201,-0.03973107427020635,0.0006238756566936,0.1155293025,-0.0007272133314145499,-0.001151939074660675,0.0,0.0,0.0030178775305385,0.0002128312148021,0.0,0.0,-0.04141359165720153,0.003718862,5.0
4,4.0,-0.04049076237003435,-0.03696495768131708,0.0006134676107615,0.17884661925,-0.006363931450246675,-0.005254012886448725,0.0,0.0,-0.005474086166926824,-0.0044413911650473,0.0,0.0,-0.0383075104767491,0.0047906879999999995,9.0
5,5.0,-0.03691903732547875,-0.03352090938136185,0.0006113550121112,0.19314742025,-0.006673728554583025,-0.005617796366398449,0.0,0.0,-0.00680950522999395,-0.004746039218594125,0.0,0.0,-0.0348929980603576,0.00502142175,10.0
6,6.0,-0.03438185889714258,-0.02981302603853245,0.0006041716740354,0.25795881924999997,-0.010558808856541825,-0.010588757420540225,0.0,0.0,-0.010049519337033175,-0.009921774699396325,0.0,0.0,-0.031194368831779427,0.00588275975,14.0
7,7.0,-0.03406316377492845,-0.029902520651525752,0.0006026241615322,0.26812388075,-0.010320159519547775,-0.0107524585315307,0.0,0.0,-0.0097090427173573,-0.010816708067101501,0.0,0.0,-0.0312641136798036,0.0060880915,15.0
8,8.0,-0.032500677490127326,-0.028514570132587125,0.0005971555567523,0.33718034175,-0.0125783816952234,-0.013037742538573375,0.0,0.0,-0.0118410070979146,-0.011364018699682274,0.0,0.0,-0.029761125016766574,0.007532391,19.0
9,9.0,-0.03240283196827992,-0.0276509966838959,0.0005959379457645,0.37066618925,-0.01302489279095705,-0.012739504168856799,0.0,0.0,-0.012019396394862375,-0.011770413400052176,0.0,0.0,-0.0288388919273918,0.007484924,20.0
10,10.0,-0.03240283196827992,-0.0276509966838959,0.0005905300160685,0.37066618925,-0.01302489279095705,-0.012739504168856799,0.0,0.0,-0.01342017125075815,-0.01306736785202785,0.0,0.0,-0.028611889247060575,0.0090840955,25.0
11,11.0,-0.03240283196827992,-0.0276509966838959,0.000589562640557,0.37066618925,-0.01302489279095705,-0.012739504168856799,0.0,0.0,-0.01391613908105105,-0.013067366888119025,0.0,0.0,-0.028652328402820053,0.0092741485,26.0
12,12.0,-0.03240283196827992,-0.0276509966838959,0.0005729014290247,0.37066618925,-0.01302489279095705,-0.012739504168856799,0.0,0.0,-0.0168019588799335,-0.016825532502472526,0.0,0.0,-0.025531791010444775,0.01789139,50.0
13,13.0,-0.03240283196827992,-0.0276509966838959,0.0005723855200798,0.37066618925,-0.01302489279095705,-0.012739504168856799,0.0,0.0,-0.016952558719928748,-0.016558553476448752,0.0,0.0,-0.02541151011109385,0.018388196,51.0
14,14.0,-0.03240283196827992,-0.0276509966838959,0.0005622682242067,0.37066618925,-0.01302489279095705,-0.012739504168856799,0.0,0.0,-0.01749511171035095,-0.017627911870907224,0.0,0.0,-0.023709818618016874,0.03014345925,75.0
15,15.0,-0.03240283196827992,-0.0276509966838959,0.0005619190932321,0.37066618925,-0.01302489279095705,-0.012739504168856799,0.0,0.0,-0.017795857062086674,-0.017733971861627677,0.0,0.0,-0.023406979429435024,0.029620424,76.0
16,16.0,-0.0277436823686943,-0.0217974523849963,0.0005546749783104,17.697097641,-0.018103080670592422,-0.018369713786069976,0.0,0.0,-0.0178525462239158,-0.01834135773814735,0.0,0.0,-0.0226060875499689,0.49191707225000003,100.0
17,17.0,-0.0278598599676467,-0.021713929057466448,0.0005544121594903,18.0395936685,-0.018099740046477575,-0.0183668995108173,0.0,0.0,-0.017811728505992323,-0.018285827708998552,0.0,0.0,-0.022478730539141074,0.51562625875,101.0
18,18.0,-0.0278598599676467,-0.021713929057466448,0.0005487832816712,18.0395936685,-0.018099740046477575,-0.0183668995108173,0.0,0.0,-0.018194845884157075,-0.0187576522769475,0.0,0.0,-0.021869832125981176,0.5949012269999999,125.0
19,19.0,-0.0278598599676467,-0.021713929057466448,0.0005485730591239,18.0395936685,-0.018099740046477575,-0.0183668995108173,0.0,0.0,-0.018341277968664825,-0.018756232301736075,0.0,0.0,-0.021880416532168802,0.6123185037500001,126.0
20,20.0,-0.0278598599676467,-0.021713929057466448,0.0005439781492326,18.0395936685,-0.018099740046477575,-0.0183668995108173,0.0,0.0,-0.01865791955662875,-0.018714119241921023,0.0,0.0,-0.02113978025566305,0.7163426497500001,150.0
21,21.0,-0.0278598599676467,-0.021713929057466448,0.0005438032641598,18.0395936685,-0.018099740046477575,-0.0183668995108173,0.0,0.0,-0.0186789332315885,-0.018675835388541277,0.0,0.0,-0.021143524700111348,0.71451873725,151.0
22,22.0,-0.0278598599676467,-0.021713929057466448,0.0005399262156292,18.0395936685,-0.018099740046477575,-0.0183668995108173,0.0,0.0,-0.01896092154426235,-0.019165101239125074,0.0,0.0,-0.0210724889548925,0.69662407375,175.0
23,23.0,-0.0278598599676467,-0.021713929057466448,0.0005397766719114,18.0395936685,-0.018099740046477575,-0.0183668995108173,0.0,0.0,-0.018960921402536697,-0.019221578852336024,0.0,0.0,-0.02109642755289055,0.71314972575,176.0
24,24.0,-0.025660183172878423,-0.019990795496041425,0.0005364266515238,9.628487082,-0.0192549956736487,-0.019462776425933425,0.0,0.0,-0.018833089149473924,-0.0193996369959895,0.0,0.0,-0.02064818524256605,0.79488698825,200.0
25,25.0,-0.0256822452269819,-0.019997434519229328,0.0005362961497096,9.312651001,-0.019227288221289777,-0.019425362514695826,0.0,0.0,-0.018850550878778974,-0.019238701260405625,0.0,0.0,-0.020615245425175677,0.81280866125,201.0
26,26.0,-0.0256822452269819,-0.019997434519229328,0.000533349200256,9.312651001,-0.019227288221289777,-0.019425362514695826,0.0,0.0,-0.019147684702005598,-0.019363156097106225,0.0,0.0,-0.020638126018564275,0.845916562,225.0
27,27.0,-0.0256822452269819,-0.019997434519229328,0.0005332335186521,9.312651001,-0.019227288221289777,-0.019425362514695826,0.0,0.0,-0.019165655501147,-0.01936315419713825,0.0,0.0,-0.020659652655672225,0.8530038474999999,226.0
28,28.0,-0.0256822452269819,-0.019997434519229328,0.0005306046247731,9.312651001,-0.019227288221289777,-0.019425362514695826,0.0,0.0,-0.01933823146558865,-0.019445070991648952,0.0,0.0,-0.020711384625237025,0.91565887175,250.0
29,29.0,-0.0256822452269819,-0.019997434519229328,0.0005305007982786,9.312651001,-0.019227288221289777,-0.019425362514695826,0.0,0.0,-0.019290844651565175,-0.01950799483191235,0.0,0.0,-0.0206644237643392,0.91827970825,251.0
30,30.0,-0.0256822452269819,-0.019997434519229328,0.0005281291493748,9.312651001,-0.019227288221289777,-0.019425362514695826,0.0,0.0,-0.0193180489417552,-0.01943771202156335,0.0,0.0,-0.0205083053858175,1.00809230825,275.0
31,31.0,-0.0256822452269819,-0.019997434519229328,0.0005280350169967,9.312651001,-0.019227288221289777,-0.019425362514695826,0.0,0.0,-0.019363403178072225,-0.019436425810423402,0.0,0.0,-0.020525673690131252,1.028272511,276.0
32,32.0,-0.025844868003972926,-0.01981846227261445,0.0005258756333128,15.74293504925,-0.019537570705358023,-0.019391487160323,0.0,0.0,-0.01946991650168525,-0.0193412001154135,0.0,0.0,-0.020482926328804975,0.214515966,300.0
33,33.0,-0.02584831551072135,-0.0197744511587703,0.0005257895722537,15.490588935749999,-0.019540543808678174,-0.019459390815537252,0.0,0.0,-0.019488686369555624,-0.01933888573591615,0.0,0.0,-0.020395645458139926,0.24206128225,301.0
34,34.0,-0.02584831551072135,-0.0197744511587703,0.0005238082605203,15.490588935749999,-0.019540543808678174,-0.019459390815537252,0.0,0.0,-0.0194444117620731,-0.019268924326240302,0.0,0.0,-0.020464926401014397,0.32895855025,325.0
35,35.0,-0.02584831551072135,-0.0197744511587703,0.0005237290216339,15.490588935749999,-0.019540543808678174,-0.019459390815537252,0.0,0.0,-0.01944441341653555,-0.019267552181698448,0.0,0.0,-0.0204803907659215,0.32986562875000003,326.0
36,36.0,-0.02584831551072135,-0.0197744511587703,0.0005218991894483,15.490588935749999,-0.019540543808678174,-0.019459390815537252,0.0,0.0,-0.019462843936397925,-0.019323768802014002,0.0,0.0,-0.020467422008671302,0.442380236,350.0
37,37.0,-0.02584831551072135,-0.0197744511587703,0.0005218257910188,15.490588935749999,-0.019540543808678174,-0.019459390815537252,0.0,0.0,-0.019462844522303523,-0.019284548563004177,0.0,0.0,-0.020405158759632874,0.43422160975,351.0
38,38.0,-0.02584831551072135,-0.0197744511587703,0.0005201263549816,15.490588935749999,-0.019540543808678174,-0.019459390815537252,0.0,0.0,-0.019411671158888498,-0.0192233790959289,0.0,0.0,-0.020432704811633173,0.5486816875,375.0
39,39.0,-0.02584831551072135,-0.0197744511587703,0.0005200580116857,15.490588935749999,-0.019540543808678174,-0.019459390815537252,0.0,0.0,-0.019411671343126425,-0.0192358972045912,0.0,0.0,-0.02044193794844515,0.571710789,376.0
40,40.0,-0.025701237713432128,-0.01973392011228885,0.0005184719779158,23.51348384825,-0.01951842842613435,-0.019416864822975975,0.0,0.0,-0.019494072109194974,-0.019341934132098174,0.0,0.0,-0.02037015693445425,0.65224065425,400.0
41,41.0,-0.0256878107912925,-0.019744854794831977,0.0005184080518644,23.2533495735,-0.019522281613065726,-0.0194185335839335,0.0,0.0,-0.0194947831744766,-0.019343532715694625,0.0,0.0,-0.02038200367520415,0.6688539314999999,401.0
42,42.0,-0.0256878107912925,-0.019744854794831977,0.0005169215254083,23.2533495735,-0.019522281613065726,-0.0194185335839335,0.0,0.0,-0.019561440627214877,-0.01943930025917985,0.0,0.0,-0.02032744683272195,0.73939564075,425.0
43,43.0,-0.0256878107912925,-0.019744854794831977,0.0005168614915244,23.2533495735,-0.019522281613065726,-0.0194185335839335,0.0,0.0,-0.019555483468513175,-0.01943685885851085,0.0,0.0,-0.020271822568390073,0.7671928445,426.0
44,44.0,-0.0256878107912925,-0.019744854794831977,0.0005154629681395,23.2533495735,-0.019522281613065726,-0.0194185335839335,0.0,0.0,-0.0195856428837952,-0.019508164307087676,0.0,0.0,-0.020301189628043927,0.86668182475,450.0
45,45.0,-0.0256878107912925,-0.019744854794831977,0.000515406389118,23.2533495735,-0.019522281613065726,-0.0194185335839335,0.0,0.0,-0.019585642400379775,-0.01950404504600485,0.0,0.0,-0.0203124478484754,0.8564469242499999,451.0
46,46.0,-0.0256878107912925,-0.019744854794831977,0.0005140862381317,23.2533495735,-0.019522281613065726,-0.0194185335839335,0.0,0.0,-0.0194696145096711,-0.0195055294116447,0.0,0.0,-0.02043140546488945,0.9547934702499999,475.0
47,47.0,-0.0256878107912925,-0.019744854794831977,0.0005140327459696,23.2533495735,-0.019522281613065726,-0.0194185335839335,0.0,0.0,-0.0194644547400465,-0.019503730877412626,0.0,0.0,-0.0204415139209435,0.9265299095,476.0
48,48.0,-0.025568419820204226,-0.019786450305607526,0.0005127828255762,32.289281899,-0.0194186220976744,-0.019564851732927227,0.0,0.0,-0.019531251571195726,-0.01953315657021195,0.0,0.0,-0.0204338952989929,1.060046604,500.0
49,49.0,-0.0255534506694521,-0.019796240522692528,0.0005127321077094,34.07295224775,-0.019411253484992702,-0.019563032443865525,0.0,0.0,-0.019507401650535074,-0.0195331565714278,0.0,0.0,-0.020444065257306774,1.048851293,501.0
50,50.0,-0.0255534506694521,-0.019796240522692528,0.0005115454740257,34.07295224775,-0.019411253484992702,-0.019563032443865525,0.0,0.0,-0.019514373275962775,-0.019573333474126976,0.0,0.0,-0.020337500498078826,1.1222578985,525.0
51,51.0,-0.0255534506694521,-0.019796240522692528,0.0005114972627609,34.07295224775,-0.019411253484992702,-0.019563032443865525,0.0,0.0,-0.01955574284560345,-0.019595300303439752,0.0,0.0,-0.020329785104124774,1.01868161925,526.0
52,52.0,-0.0255534506694521,-0.019796240522692528,0.0005103679465214,34.07295224775,-0.019411253484992702,-0.019563032443865525,0.0,0.0,-0.01955331033399775,-0.0196195767631897,0.0,0.0,-0.020297787483726775,1.153430436,550.0
53,53.0,-0.0255534506694521,-0.019796240522692528,0.0005103220108674,34.07295224775,-0.019411253484992702,-0.019563032443865525,0.0,0.0,-0.019531253629488952,-0.019704937250430647,0.0,0.0,-0.020289070374911424,1.150493592,551.0
54,54.0,-0.0255534506694521,-0.019796240522692528,0.0005092448437473,34.07295224775,-0.019411253484992702,-0.019563032443865525,0.0,0.0,-0.019464997350753275,-0.0196973841407557,0.0,0.0,-0.020368279424843476,1.1985459407499999,575.0
55,55.0,-0.0255534506694521,-0.019796240522692528,0.0005092009830204,34.07295224775,-0.019411253484992702,-0.019563032443865525,0.0,0.0,-0.019558517634882124,-0.01969752068574695,0.0,0.0,-0.020377233911911798,1.2049623624999999,576.0
56,56.0,-0.0252971666593815,-0.01968151473681665,0.0005081714609275,48.06238731325,-0.019452018674706174,-0.019785611256066975,0.0,0.0,-0.019440528425234326,-0.019681175094574926,0.0,0.0,-0.0202696010084705,1.330572114,600.0
57,57.0,-0.025305649157132175,-0.019689632124295826,0.0005081294996892,46.63904296625,-0.0194545837573741,-0.019792022157802274,0.0,0.0,-0.019438027101010127,-0.019682597221155975,0.0,0.0,-0.020277633944987473,1.31421500375,601.0
58,58.0,-0.025305649157132175,-0.019689632124295826,0.0005071436739782,46.63904296625,-0.0194545837573741,-0.019792022157802274,0.0,0.0,-0.0194335671708377,-0.01976822485809735,0.0,0.0,-0.0203010309900652,1.3635856605,625.0
59,59.0,-0.025305649157132175,-0.019689632124295826,0.0005071034579851,46.63904296625,-0.0194545837573741,-0.019792022157802274,0.0,0.0,-0.019485999815513674,-0.019743287796566127,0.0,0.0,-0.020270510862420522,1.47010960375,626.0
60,60.0,-0.025305649157132175,-0.019689632124295826,0.0005061578480263,46.63904296625,-0.0194545837573741,-0.019792022157802274,0.0,0.0,-0.019540898868613498,-0.019699291641504826,0.0,0.0,-0.020248893184596075,1.51883096275,650.0
61,61.0,-0.025305649157132175,-0.019689632124295826,0.0005061192409598,46.63904296625,-0.0194545837573741,-0.019792022157802274,0.0,0.0,-0.019540391229985923,-0.01970917847897195,0.0,0.0,-0.0202344521204863,1.6083290794999998,651.0
62,62.0,-0.025305649157132175,-0.019689632124295826,0.0005052107632281,46.63904296625,-0.0194545837573741,-0.019792022157802274,0.0,0.0,-0.0194954494630015,-0.01972138508502085,0.0,0.0,-0.0201632713387159,1.62521705575,675.0
63,63.0,-0.025305649157132175,-0.019689632124295826,0.0005051736440294,46.63904296625,-0.0194545837573741,-0.019792022157802274,0.0,0.0,-0.01949585362158665,-0.019786110853494424,0.0,0.0,-0.020171008499397073,1.59085977775,676.0
64,64.0,-0.025349138681387676,-0.0194371720308119,0.0005042995541082,63.463950006000005,-0.019478070623741676,-0.019822698014621776,0.0,0.0,-0.019405301929085527,-0.019745540422946975,0.0,0.0,-0.020078739937787825,1.6456869875000002,700.0
65,65.0,-0.02529060917225895,-0.01941302923430365,0.0005042638147908,65.84050597575,-0.01947873335899455,-0.019817321559231698,0.0,0.0,-0.019404559932141848,-0.019745542506278375,0.0,0.0,-0.020060098900134677,1.573188429,701.0
66,66.0,-0.02529060917225895,-0.01941302923430365,0.0005034216595706,65.84050597575,-0.01947873335899455,-0.019817321559231698,0.0,0.0,-0.019395422964272973,-0.019774217373399777,0.0,0.0,-0.020034663748564226,1.64537815,725.0
67,67.0,-0.02529060917225895,-0.01941302923430365,0.0005033872034098,65.84050597575,-0.01947873335899455,-0.019817321559231698,0.0,0.0,-0.01941813978397885,-0.019769367454132224,0.0,0.0,-0.020042358848379925,1.64059890775,726.0
68,68.0,-0.02529060917225895,-0.01941302923430365,0.0005025747814068,65.84050597575,-0.01947873335899455,-0.019817321559231698,0.0,0.0,-0.019450893414481425,-0.019825585324160077,0.0,0.0,-0.020058246733286447,1.76164161825,750.0
69,69.0,-0.02529060917225895,-0.01941302923430365,0.0005025415214317,65.84050597575,-0.01947873335899455,-0.019817321559231698,0.0,0.0,-0.01945090233926575,-0.019826051241989374,0.0,0.0,-0.020059363273309424,1.737943075,751.0
70,70.0,-0.02529060917225895,-0.01941302923430365,0.000501756849628,65.84050597575,-0.01947873335899455,-0.019817321559231698,0.0,0.0,-0.01945841381873045,-0.01972001206243285,0.0,0.0,-0.02001814934941205,1.7742852105,775.0
71,71.0,-0.02529060917225895,-0.01941302923430365,0.0005017247073572,65.84050597575,-0.01947873335899455,-0.019817321559231698,0.0,0.0,-0.019459315555321776,-0.01981954892048995,0.0,0.0,-0.020013312444537523,1.84661759425,776.0
72,72.0,-0.025229367006160876,-0.019471928222485176,0.000500965993318,81.554541904,-0.019497180042739426,-0.019804583747462877,0.0,0.0,-0.019517901007780378,-0.019727389644346872,0.0,0.0,-0.0200619143890806,1.8767025575,800.0
73,73.0,-0.025237765524498648,-0.01947881026065545,0.0005009348976936,79.8585155485,-0.019493535823041325,-0.019805735370198398,0.0,0.0,-0.0195179026802079,-0.019727390012349924,0.0,0.0,-0.020068588194833675,1.78567416575,801.0
74,74.0,-0.025237765524498648,-0.01947881026065545,0.0005002005159867,79.8585155485,-0.019493535823041325,-0.019805735370198398,0.0,0.0,-0.019553564817095075,-0.019840230326734775,0.0,0.0,-0.02003185485196845,1.821330773,825.0
75,75.0,-0.025237765524498648,-0.01947881026065545,0.0005001704024696,79.8585155485,-0.019493535823041325,-0.019805735370198398,0.0,0.0,-0.019552780123620127,-0.019844965739136522,0.0,0.0,-0.02001944762019205,1.81312548625,826.0
76,76.0,-0.025237765524498648,-0.01947881026065545,0.0004994588746153,79.8585155485,-0.019493535823041325,-0.019805735370198398,0.0,0.0,-0.019592150941369048,-0.019932599114199576,0.0,0.0,-0.01999413321910885,1.88161578825,850.0
77,77.0,-0.025237765524498648,-0.01947881026065545,0.0004994296844144,79.8585155485,-0.019493535823041325,-0.019805735370198398,0.0,0.0,-0.019593144164180124,-0.019912213746948827,0.0,0.0,-0.019994527424397498,2.0511637295000003,851.0
78,78.0,-0.025237765524498648,-0.01947881026065545,0.0004987396617506,79.8585155485,-0.019493535823041325,-0.019805735370198398,0.0,0.0,-0.019597341824837577,-0.019972460365688824,0.0,0.0,-0.019926687477870124,1.956516421,875.0
79,79.0,-0.025237765524498648,-0.01947881026065545,0.0004987113411626,79.8585155485,-0.019493535823041325,-0.019805735370198398,0.0,0.0,-0.01957726048653355,-0.019971632920606924,0.0,0.0,-0.019933217076181224,1.9201891922499998,876.0
80,80.0,-0.025294741054003325,-0.019371318565535124,0.0004980415901317,102.28578711925,-0.019642452858173974,-0.01982953750468995,0.0,0.0,-0.0195573352592465,-0.019942356842979302,0.0,0.0,-0.019972621806378148,2.35592869075,900.0
81,81.0,-0.025250179580497127,-0.019377194482400825,0.0004980140899721,98.7921522305,-0.019645871421104348,-0.019831166678294574,0.0,0.0,-0.0195573351390959,-0.019943455713917098,0.0,0.0,-0.019978826715488226,2.5584848190000002,901.0
82,82.0,-0.025250179580497127,-0.019377194482400825,0.0004973634794308,98.7921522305,-0.019645871421104348,-0.019831166678294574,0.0,0.0,-0.019576044850078175,-0.01995036323593745,0.0,0.0,-0.01993238978886645,2.486949546,925.0
83,83.0,-0.025250179580497127,-0.019377194482400825,0.0004973367545428,98.7921522305,-0.019645871421104348,-0.019831166678294574,0.0,0.0,-0.01957944568911195,-0.019952640957741477,0.0,0.0,-0.019888766737838275,2.4023525105,926.0
84,84.0,-0.025250179580497127,-0.019377194482400825,0.0004967042447696,98.7921522305,-0.019645871421104348,-0.019831166678294574,0.0,0.0,-0.01960626417905825,-0.019988348867645424,0.0,0.0,-0.019843594492817324,2.464560819,950.0
85,85.0,-0.025250179580497127,-0.019377194482400825,0.0004966782535978,98.7921522305,-0.019645871421104348,-0.019831166678294574,0.0,0.0,-0.0196171969580049,-0.019988349023629073,0.0,0.0,-0.01984918188888575,2.36659851575,951.0
86,86.0,-0.025250179580497127,-0.019377194482400825,0.0004960628867349,98.7921522305,-0.019645871421104348,-0.019831166678294574,0.0,0.0,-0.019610228761192224,-0.019804285463083274,0.0,0.0,-0.019850345492410798,2.505358015,975.0
87,87.0,-0.025250179580497127,-0.019377194482400825,0.0004960375909531,98.7921522305,-0.019645871421104348,-0.019831166678294574,0.0,0.0,-0.019610186105159723,-0.01980428541572235,0.0,0.0,-0.019856220985439675,2.699328952,976.0
88,88.0,-0.02517001873011855,-0.019155285410315602,0.0004954384826623,114.75745191275,-0.019694461146810276,-0.019960959091050924,0.0,0.0,-0.019632218682607977,-0.019906404746041502,0.0,0.0,-0.019767334991204876,2.5998789765,1000.0
89,89.0,-0.025176505192143227,-0.019160901613953226,0.0004954138468489,120.4445371525,-0.01969401220402865,-0.0199641461512858,0.0,0.0,-0.019644145387960076,-0.019927123858634824,0.0,0.0,-0.019772942879436574,2.55418479775,1001.0
90,90.0,-0.025176505192143227,-0.019160901613953226,0.0004948301790018,120.4445371525,-0.01969401220402865,-0.0199641461512858,0.0,0.0,-0.01967950471062785,-0.019910622182347425,0.0,0.0,-0.019827118390463527,2.6854931885,1025.0
91,91.0,-0.025176505192143227,-0.019160901613953226,0.0004948061703548,120.4445371525,-0.01969401220402865,-0.0199641461512858,0.0,0.0,-0.01965152215141685,-0.019885879551721726,0.0,0.0,-0.019827068680356427,2.5019406325,1026.0
92,92.0,-0.025176505192143227,-0.019160901613953226,0.0004942371846082,120.4445371525,-0.01969401220402865,-0.0199641461512858,0.0,0.0,-0.019668007896658027,-0.019936210226369877,0.0,0.0,-0.019783957022732425,2.6702369409999998,1050.0
93,93.0,-0.025176505192143227,-0.019160901613953226,0.0004942137726937,120.4445371525,-0.01969401220402865,-0.0199641461512858,0.0,0.0,-0.019668007811796423,-0.019934949248137553,0.0,0.0,-0.019789228695417976,2.71518467925,1051.0
94,94.0,-0.025176505192143227,-0.019160901613953226,0.0004936587648237,120.4445371525,-0.01969401220402865,-0.0199641461512858,0.0,0.0,-0.01967380664834765,-0.019952287395799052,0.0,0.0,-0.019722365444584476,2.79008882525,1075.0
95,95.0,-0.025176505192143227,-0.019160901613953226,0.000493635921354,120.4445371525,-0.01969401220402865,-0.0199641461512858,0.0,0.0,-0.019674797589510875,-0.0199655000056978,0.0,0.0,-0.019727488348152876,2.75622983425,1076.0
96,96.0,-0.025177014876706875,-0.019104342358183375,0.0004930942362448,146.58446391825,-0.019720131339864173,-0.01990381281714355,0.0,0.0,-0.019687282630191125,-0.019873107782860302,0.0,0.0,-0.019710985620288175,2.78603513025,1100.0
97,97.0,-0.025169877871391074,-0.019092912215682697,0.0004930719348826,133.410261242,-0.019720266050583923,-0.0199033787801196,0.0,0.0,-0.01968705771809335,-0.019823901202045052,0.0,0.0,-0.0197012073821796,2.8395680197499997,1101.0
98,98.0,-0.025169877871391074,-0.019092912215682697,0.0004925429620803,133.410261242,-0.019720266050583923,-0.0199033787801196,0.0,0.0,-0.019677998925276,-0.0198576868910467,0.0,0.0,-0.019706020858314,2.80478495525,1125.0
99,99.0,-0.025169877871391074,-0.019092912215682697,0.0004925211782633,133.410261242,-0.019720266050583923,-0.0199033787801196,0.0,0.0,-0.019674438823326548,-0.019857948246591976,0.0,0.0,-0.019710487328833824,2.7854834615,1126.0
100,100.0,-0.025169877871391074,-0.019092912215682697,0.0004920043480216,133.410261242,-0.019720266050583923,-0.0199033787801196,0.0,0.0,-0.0197435999636252,-0.01981750923893175,0.0,0.0,-0.019749895985517598,2.9218085825,1150.0
101,101.0,-0.025169877871391074,-0.019092912215682697,0.0004919830588077,133.410261242,-0.019720266050583923,-0.0199033787801196,0.0,0.0,-0.0197067694451019,-0.019827052858750326,0.0,0.0,-0.019754314722084,2.9051075445000003,1151.0
102,102.0,-0.025169877871391074,-0.019092912215682697,0.0004914778385597,133.410261242,-0.019720266050583923,-0.0199033787801196,0.0,0.0,-0.019725845343079598,-0.0198597469974094,0.0,0.0,-0.019807141163540102,2.96444512575,1175.0
103,103.0,-0.025169877871391074,-0.019092912215682697,0.0004914570224877,133.410261242,-0.019720266050583923,-0.0199033787801196,0.0,0.0,-0.019725845452712824,-0.01985974879724735,0.0,0.0,-0.019805969009514427,2.9389942315,1176.0
104,104.0,-0.025182792838962076,-0.019192898102475098,0.0004909629136924,156.51799317475002,-0.019713105787122327,-0.019910026595852077,0.0,0.0,-0.019704852406737326,-0.01987861284189285,0.0,0.0,-0.01978581432806195,2.910230343,1200.0
105,105.0,-0.025182190236730947,-0.019194664661895247,0.0004909425506579,149.92951384675,-0.019713492638026173,-0.019911142985803126,0.0,0.0,-0.01970485324749215,-0.019923771672887024,0.0,0.0,-0.019790199889539,2.953885288,1201.0
106,106.0,-0.025182190236730947,-0.019194664661895247,0.0004904590859719,149.92951384675,-0.019713492638026173,-0.019911142985803126,0.0,0.0,-0.019671394617840298,-0.019885327653797275,0.0,0.0,-0.0198069198835173,2.8506439497500002,1225.0
107,107.0,-0.025182190236730947,-0.019194664661895247,0.0004904391571158,149.92951384675,-0.019713492638026173,-0.019911142985803126,0.0,0.0,-0.019671085471004223,-0.01988532743541855,0.0,0.0,-0.0197803935654227,2.83109178525,1226.0
108,108.0,-0.024962812672689974,-0.019120826539817223,0.0004899854265774,145.55215007475,-0.019669133705674725,-0.0198940411104562,0.0,0.0,-0.019738153515840323,-0.0199325187981845,0.0,0.0,-0.0197164750376949,3.01859430775,1249.0
109,109.0,-0.02496565547368055,-0.019097842048787526,0.0004899658978533,153.76946426275,-0.019668075023503852,-0.0198820438264154,0.0,0.0,-0.0196750650260704,-0.019902120014861226,0.0,0.0,-0.019688883938309077,2.9675886719999998,1250.0
110,110.0,-0.02496565547368055,-0.019097842048787526,0.0004899463854611,153.76946426275,-0.019668075023503852,-0.0198820438264154,0.0,0.0,-0.019678289790362326,-0.019904864439203876,0.0,0.0,-0.019693216442261324,2.972332979,1251.0
111,111.0,-0.02496565547368055,-0.019097842048787526,0.0004894829193067,153.76946426275,-0.019668075023503852,-0.0198820438264154,0.0,0.0,-0.019673921835894975,-0.019916329595753225,0.0,0.0,-0.0197588262267527,3.01012401675,1275.0
112,112.0,-0.02496565547368055,-0.019097842048787526,0.0004894638067183,153.76946426275,-0.019668075023503852,-0.0198820438264154,0.0,0.0,-0.019673921887947098,-0.019916329564874127,0.0,0.0,-0.019763160414554427,2.926319069,1276.0
113,113.0,-0.024990831631355525,-0.0191456307260215,0.000489009745662,168.476931571,-0.019597023949610475,-0.019996898069736976,0.0,0.0,-0.019669252310198324,-0.019984825012308402,0.0,0.0,-0.019735947430566197,3.22997570775,1300.0
114,114.0,-0.02500375063025225,-0.019146617092481874,0.00048899101719,169.02475006875,-0.019595353995237423,-0.019988543717530123,0.0,0.0,-0.01969060382782085,-0.019984820968749074,0.0,0.0,-0.019737969717681627,3.01273267375,1301.0
115,115.0,-0.02500375063025225,-0.019146617092481874,0.0004885459956614,169.02475006875,-0.019595353995237423,-0.019988543717530123,0.0,0.0,-0.019589891902927974,-0.019988358632138124,0.0,0.0,-0.01977481702468325,3.080315144,1325.0
116,116.0,-0.02500375063025225,-0.019146617092481874,0.0004885276365167,169.02475006875,-0.019595353995237423,-0.019988543717530123,0.0,0.0,-0.0195876437580303,-0.0199898460188737,0.0,0.0,-0.019769805628555924,3.10683757425,1326.0
117,117.0,-0.02500375063025225,-0.019146617092481874,0.0004880913096934,169.02475006875,-0.019595353995237423,-0.019988543717530123,0.0,0.0,-0.0197098474756516,-0.019952151878349023,0.0,0.0,-0.019768329372346623,3.1693983615,1350.0
118,118.0,-0.02500375063025225,-0.019146617092481874,0.0004880733059187,169.02475006875,-0.019595353995237423,-0.019988543717530123,0.0,0.0,-0.019713628068270574,-0.019957164530061848,0.0,0.0,-0.0197596095424235,3.08734036125,1351.0
119,119.0,-0.02500375063025225,-0.019146617092481874,0.0004876453481912,169.02475006875,-0.019595353995237423,-0.019988543717530123,0.0,0.0,-0.0196673215832819,-0.020038682424984598,0.0,0.0,-0.019775150996814674,3.341487281,1375.0
120,120.0,-0.02500375063025225,-0.019146617092481874,0.0004876276865998,169.02475006875,-0.019595353995237423,-0.019988543717530123,0.0,0.0,-0.019665084746429223,-0.02004530226607685,0.0,0.0,-0.019779063361249277,3.2193249259999996,1376.0
121,121.0,-0.0249576552741879,-0.019177090764648626,0.0004872077901755,193.56473169575,-0.0195727706665879,-0.020032167600964275,0.0,0.0,-0.01967034575122545,-0.02002376726570885,0.0,0.0,-0.01977136590564425,3.4060724442500003,1400.0
122,122.0,-0.02497143364738705,-0.0191807706355874,0.0004871904582956,205.283938744,-0.019571084774111902,-0.020034135513557053,0.0,0.0,-0.01967076594588615,-0.0200228850802271,0.0,0.0,-0.01977526384061425,3.433356009,1401.0
123,123.0,-0.02497143364738705,-0.0191807706355874,0.0004867783319273,205.283938744,-0.019571084774111902,-0.020034135513557053,0.0,0.0,-0.01964551235297725,-0.020010259822820273,0.0,0.0,-0.019772482950172574,3.3179281315,1425.0
124,124.0,-0.02497143364738705,-0.0191807706355874,0.0004867613179516,205.283938744,-0.019571084774111902,-0.020034135513557053,0.0,0.0,-0.0196723212246976,-0.020009689504348623,0.0,0.0,-0.01977379547199055,3.22934909525,1426.0
125,125.0,-0.02497143364738705,-0.0191807706355874,0.0004863566857766,205.283938744,-0.019571084774111902,-0.020034135513557053,0.0,0.0,-0.019642321323206577,-0.020058054140726176,0.0,0.0,-0.01974991685882615,3.3574458057500003,1450.0
126,126.0,-0.02497143364738705,-0.0191807706355874,0.0004863399785162,205.283938744,-0.019571084774111902,-0.020034135513557053,0.0,0.0,-0.019642321280779425,-0.0200580799709867,0.0,0.0,-0.019719935679795176,3.23729980875,1451.0
127,127.0,-0.02497143364738705,-0.0191807706355874,0.0004859425789956,205.283938744,-0.019571084774111902,-0.020034135513557053,0.0,0.0,-0.019717887505740578,-0.020060900672972552,0.0,0.0,-0.019753108898263726,3.376928637,1475.0
128,128.0,-0.02497143364738705,-0.0191807706355874,0.0004859261678375,205.283938744,-0.019571084774111902,-0.020034135513557053,0.0,0.0,-0.019726079255093402,-0.020060900634158274,0.0,0.0,-0.01974141311768975,3.3792076535,1476.0
129,129.0,-0.0249931203899414,-0.019154338409714925,0.0004855518891707,224.55329835925,-0.019614461835065874,-0.020061433479142098,0.0,0.0,-0.0196885701136148,-0.02004884487339445,0.0,0.0,-0.01973764406783855,3.56004360175,1499.0
130,130.0,-0.024979153848456823,-0.019138543202539597,0.0004855357527852,246.95031127675,-0.01961193729363005,-0.0200584205005686,0.0,0.0,-0.01968856913353955,-0.020040626799096798,0.0,0.0,-0.019721703541479875,3.4155483335000003,1500.0
131,131.0,-0.02497884834832675,-0.0191420928600764,0.0004855196276537,246.83673225825,-0.0196065134513928,-0.020056529942386925,0.0,0.0,-0.019682735929619076,-0.02001574640379885,0.0,0.0,-0.019725345014820525,3.57163059575,1501.0
132,132.0,-0.02497884834832675,-0.0191420928600764,0.0004851359613461,246.83673225825,-0.0196065134513928,-0.020056529942386925,0.0,0.0,-0.019729429826071003,-0.0200072426951364,0.0,0.0,-0.019762473854959026,3.415058357,1525.0
133,133.0,-0.02497884834832675,-0.0191420928600764,0.0004851201126674,246.83673225825,-0.0196065134513928,-0.020056529942386925,0.0,0.0,-0.0197383924437895,-0.019987453068564375,0.0,0.0,-0.019765929077500324,3.36654342475,1526.0
134,134.0,-0.02497884834832675,-0.0191420928600764,0.0004847429710256,246.83673225825,-0.0196065134513928,-0.020056529942386925,0.0,0.0,-0.019801846838844298,-0.020009992370680497,0.0,0.0,-0.019749113512844575,3.6341448932500002,1550.0
135,135.0,-0.02497884834832675,-0.0191420928600764,0.000484727389695,246.83673225825,-0.0196065134513928,-0.020056529942386925,0.0,0.0,-0.019799486048942574,-0.0200095224870749,0.0,0.0,-0.01975263403474145,3.7315383885,1551.0
136,136.0,-0.02497884834832675,-0.0191420928600764,0.0004843565595334,246.83673225825,-0.0196065134513928,-0.020056529942386925,0.0,0.0,-0.019782428689112126,-0.019994624688689674,0.0,0.0,-0.019761686236919252,3.7118250895,1575.0
137,137.0,-0.02497884834832675,-0.0191420928600764,0.0004843412368851,246.83673225825,-0.0196065134513928,-0.020056529942386925,0.0,0.0,-0.019782428872450526,-0.020007777278089674,0.0,0.0,-0.019765133069719373,3.7297398072499997,1576.0
138,138.0,-0.025095544581636722,-0.0191043572387398,0.0004839765152192,249.36283159025,-0.019662608638916775,-0.020014024284618848,0.0,0.0,-0.019729379781726276,-0.020025911707851424,0.0,0.0,-0.019672067526876426,3.773641808,1600.0
139,139.0,-0.02510396784773795,-0.01910756716324125,0.0004839614429989,246.24000956650002,-0.0196631303807372,-0.020008695266280276,0.0,0.0,-0.01973740886088545,-0.020019286785759323,0.0,0.0,-0.019675543052718025,4.022322788,1601.0
140,140.0,-0.02510396784773795,-0.01910756716324125,0.0004836026364071,246.24000956650002,-0.0196631303807372,-0.020008695266280276,0.0,0.0,-0.01973135663054145,-0.020000464057009476,0.0,0.0,-0.019707039588386724,3.780504585,1625.0
141,141.0,-0.02510396784773795,-0.01910756716324125,0.0004835878067463,246.24000956650002,-0.0196631303807372,-0.020008695266280276,0.0,0.0,-0.019731356621804575,-0.02000046535959535,0.0,0.0,-0.01971031192089405,3.861561066,1626.0
142,142.0,-0.02510396784773795,-0.01910756716324125,0.0004832347307804,246.24000956650002,-0.0196631303807372,-0.020008695266280276,0.0,0.0,-0.01971010174054515,-0.020009100832300022,0.0,0.0,-0.019698979832642325,4.04007232175,1650.0
143,143.0,-0.02510396784773795,-0.01910756716324125,0.0004832201361731,246.24000956650002,-0.0196631303807372,-0.020008695266280276,0.0,0.0,-0.019710737341890126,-0.020008585559111027,0.0,0.0,-0.0197020983107629,3.83211549425,1651.0
144,144.0,-0.02510396784773795,-0.01910756716324125,0.0004828726148144,246.24000956650002,-0.0196631303807372,-0.020008695266280276,0.0,0.0,-0.019732542806572176,-0.020040696334517674,0.0,0.0,-0.019684263701523548,3.80036782525,1675.0
145,145.0,-0.02510396784773795,-0.01910756716324125,0.0004828582480948,246.24000956650002,-0.0196631303807372,-0.020008695266280276,0.0,0.0,-0.0197147473079474,-0.020040706193782225,0.0,0.0,-0.019687449334437498,3.8677543245,1676.0
146,146.0,-0.024950080737670827,-0.01906436737266045,0.0004825161132496,262.65347582724996,-0.019675108189086975,-0.020005629436498827,0.0,0.0,-0.0197114054466105,-0.0200020109354725,0.0,0.0,-0.019636365341673526,4.0207363255,1700.0
147,147.0,-0.024957833153039677,-0.019062700295576298,0.0004825019675723,260.28326830725,-0.019675544437554548,-0.020005782828684,0.0,0.0,-0.019710795260929923,-0.02000220318828845,0.0,0.0,-0.01963493601064095,3.81440758725,1701.0
148,148.0,-0.024957833153039677,-0.019062700295576298,0.0004821650586052,260.28326830725,-0.019675544437554548,-0.020005782828684,0.0,0.0,-0.01973111896445025,-0.0200325976683542,0.0,0.0,-0.019662825035643924,4.012708673,1725.0
149,149.0,-0.024957833153039677,-0.019062700295576298,0.0004821511274262,260.28326830725,-0.019675544437554548,-0.020005782828684,0.0,0.0,-0.01973161361670675,-0.02003967567590705,0.0,0.0,-0.019665984170955497,3.9907346135,1726.0
150,150.0,-0.024975868844673073,-0.019071456700600425,0.0004818330218804,276.76429322775,-0.019686168433334823,-0.020016156679024375,0.0,0.0,-0.019665946355910277,-0.020050186363242375,0.0,0.0,-0.019641921691972524,3.95352692475,1749.0
151,151.0,-0.024918240246916974,-0.019074501965817676,0.0004818192907271,268.61912258875,-0.019686385230760273,-0.020016056981159724,0.0,0.0,-0.01966350062997095,-0.020050186397736224,0.0,0.0,-0.01964501729368455,4.03900977775,1750.0
152,152.0,-0.024918240246916974,-0.019074501965817676,0.0004818055677866,268.61912258875,-0.019686385230760273,-0.020016056981159724,0.0,0.0,-0.019680301241437326,-0.020049975812088026,0.0,0.0,-0.01964645630744475,4.05539968475,1751.0
153,153.0,-0.024918240246916974,-0.019074501965817676,0.0004814786563681,268.61912258875,-0.019686385230760273,-0.020016056981159724,0.0,0.0,-0.019683894258682326,-0.020010980968358124,0.0,0.0,-0.019651810865983225,3.97002384675,1775.0
154,154.0,-0.024918240246916974,-0.019074501965817676,0.0004814651356743,268.61912258875,-0.019686385230760273,-0.020016056981159724,0.0,0.0,-0.0196838942201523,-0.020014254164546774,0.0,0.0,-0.01965032113484855,4.056272438000001,1776.0
155,155.0,-0.024925659256109324,-0.019074559531302875,0.0004811430087982,278.49712817299996,-0.01967395922171175,-0.02009134009433855,0.0,0.0,-0.0196353167102067,-0.020033056764907797,0.0,0.0,-0.019650720836616002,4.25437485625,1800.0
156,156.0,-0.024932072755834825,-0.019077551866523376,0.0004811296846121,282.05565277675,-0.0196741724697042,-0.0200900574393828,0.0,0.0,-0.019639568934737627,-0.020038462803429625,0.0,0.0,-0.0196537359298895,3.9510188445,1801.0
157,157.0,-0.024932072755834825,-0.019077551866523376,0.0004808122074412,282.05565277675,-0.0196741724697042,-0.0200900574393828,0.0,0.0,-0.01971819933112775,-0.020035172709743598,0.0,0.0,-0.019666532917996152,3.9990879795,1825.0
158,158.0,-0.024932072755834825,-0.019077551866523376,0.0004807990742631,282.05565277675,-0.0196741724697042,-0.0200900574393828,0.0,0.0,-0.019718199356934175,-0.02003803383344295,0.0,0.0,-0.01966149722872705,4.0169634507500005,1826.0
159,159.0,-0.024932072755834825,-0.019077551866523376,0.0004804861175373,282.05565277675,-0.0196741724697042,-0.0200900574393828,0.0,0.0,-0.0197206245188584,-0.020016073430461426,0.0,0.0,-0.01964464298851575,4.14654575575,1850.0
160,160.0,-0.024932072755834825,-0.019077551866523376,0.0004804731700931,282.05565277675,-0.0196741724697042,-0.0200900574393828,0.0,0.0,-0.0197206246799046,-0.02001303176665425,0.0,0.0,-0.01964756188250525,4.16411684575,1851.0
161,161.0,-0.024932072755834825,-0.019077551866523376,0.000480164609827,282.05565277675,-0.0196741724697042,-0.0200900574393828,0.0,0.0,-0.019727239399692426,-0.0200296048767756,0.0,0.0,-0.019596260105778727,4.31292943075,1875.0
162,162.0,-0.024932072755834825,-0.019077551866523376,0.0004801518430566,282.05565277675,-0.0196741724697042,-0.0200900574393828,0.0,0.0,-0.019731226359261198,-0.01999588455721025,0.0,0.0,-0.0195977051191423,4.25706591575,1876.0
163,163.0,-0.024920661021310502,-0.019013664966905777,0.0004798475602576,324.54305944675,-0.0197168660757161,-0.020080292731644626,0.0,0.0,-0.0197230109091096,-0.0200118282998127,0.0,0.0,-0.019609280097966447,4.1430097055,1900.0
164,164.0,-0.024909707883837125,-0.01901652214716885,0.0004798349693031,303.1960324615,-0.019717469971063675,-0.020080636498438872,0.0,0.0,-0.0197240614400728,-0.020012534851620252,0.0,0.0,-0.0196121814790053,3.76963456075,1901.0
165,165.0,-0.024909707883837125,-0.01901652214716885,0.000479534849708,303.1960324615,-0.019717469971063675,-0.020080636498438872,0.0,0.0,-0.019774063005059128,-0.0199902762780041,0.0,0.0,-0.019597033931725676,3.6802717735,1925.0
166,166.0,-0.024909707883837125,-0.01901652214716885,0.0004795224299035,303.1960324615,-0.019717469971063675,-0.020080636498438872,0.0,0.0,-0.019774082432747225,-0.019990306882769926,0.0,0.0,-0.0195999157799118,3.67338815025,1926.0
167,167.0,-0.024909707883837125,-0.01901652214716885,0.0004792263637316,303.1960324615,-0.019717469971063675,-0.020080636498438872,0.0,0.0,-0.019767519299572,-0.020001188224390898,0.0,0.0,-0.019548903163560425,3.9896951339999998,1950.0
168,168.0,-0.024909707883837125,-0.01901652214716885,0.0004792141105931,303.1960324615,-0.019717469971063675,-0.020080636498438872,0.0,0.0,-0.019772086283584425,-0.020003295536684375,0.0,0.0,-0.019551745650584526,3.85337289475,1951.0
169,169.0,-0.024909707883837125,-0.01901652214716885,0.0004789219923162,303.1960324615,-0.019717469971063675,-0.020080636498438872,0.0,0.0,-0.019773429459588272,-0.019996531329337677,0.0,0.0,-0.019559793366353023,3.967143498,1975.0
170,170.0,-0.024909707883837125,-0.01901652214716885,0.0004789099015322,303.1960324615,-0.019717469971063675,-0.020080636498438872,0.0,0.0,-0.019773429486423477,-0.01999651941973675,0.0,0.0,-0.019562602310354376,4.00940214575,1976.0
171,171.0,-0.0249402885958501,-0.01903200816186145,0.0004786335684864,302.20821446325,-0.019699575093905526,-0.020040656619407453,0.0,0.25,-0.0197906381382021,-0.019971481684670202,0.0,0.0,-0.019586213865961877,3.6449560104999996,1999.0
172,172.0,-0.0249396702757198,-0.019034606494022475,0.0004786216296585,238.92207629325,-0.0196996363854749,-0.020042576427202325,0.0,0.25,-0.01979437744272495,-0.019971878794318325,0.0,0.0,-0.019587317454432325,3.38648989425,2000.0
173,173.0,-0.05878471540333397,-0.057466448184000575,0.0003690723338362,0.054206950500000003,0.02994341974345795,0.0285185769965675,0.0,0.0,,,0.0,0.0,,,0.0
174,174.0,-0.050490905923102625,-0.04940791004628237,0.0003657231307047,0.064473134,0.009100595520912325,0.00986831204378415,0.0,0.0,,,0.0,0.0,,,1.0
175,175.0,-0.04403610238321775,-0.043106256285343175,0.0003583833839363,0.1042456675,0.006259725065517975,0.00551939997442975,0.0,0.0,,,0.0,0.0,,,4.0
176,176.0,-0.04140389549014705,-0.0404322417465329,0.0003565003752534,0.1167089,0.0005661445763738501,-0.000589850748525375,0.0,0.0,,,0.0,0.0,,,5.0
177,177.0,-0.04053342601398198,-0.037499403718939554,0.0003505529204351,0.184470353,-0.00567810361110305,-0.0048091154222275004,0.0,0.0,,,0.0,0.0,,,9.0
178,178.0,-0.037031533859965375,-0.0340891100731561,0.0003493457212064,0.19595621125,-0.0066403503728712,-0.0052347258389130995,0.0,0.0,,,0.0,0.0,,,10.0
179,179.0,-0.034969475723340776,-0.030360726394651174,0.0003452409565916,0.261185923,-0.011030746091019575,-0.010048812840010374,0.0,0.0,,,0.0,0.0,,,14.0
180,180.0,-0.034156098081331424,-0.030440085135931924,0.0003443566637326,0.26847872325,-0.010189580182893575,-0.010556943917055826,0.0,0.0,,,0.0,0.0,,,15.0
181,181.0,-0.03225261429842452,-0.029032723933763774,0.0003412317467156,0.32897918425,-0.012829633086232875,-0.01212218361577355,0.0,0.0,,,0.0,0.0,,,19.0
182,182.0,-0.032228152572496144,-0.028134870333182026,0.0003405359690083,0.3564736215,-0.012992924445787325,-0.01175692409908055,0.0,0.0,,,0.0,0.0,,,20.0
183,183.0,-0.032228152572496144,-0.028134870333182026,0.0003374457234677,0.3564736215,-0.012992924445787325,-0.01175692409908055,0.0,0.0,,,0.0,0.0,,,25.0
184,184.0,-0.032228152572496144,-0.028134870333182026,0.0003368929374611,0.3564736215,-0.012992924445787325,-0.01175692409908055,0.0,0.0,,,0.0,0.0,,,26.0
185,185.0,-0.032228152572496144,-0.028134870333182026,0.000327372245157,0.3564736215,-0.012992924445787325,-0.01175692409908055,0.0,0.0,,,0.0,0.0,,,50.0
186,186.0,-0.032228152572496144,-0.028134870333182026,0.0003270774400456,0.3564736215,-0.012992924445787325,-0.01175692409908055,0.0,0.0,,,0.0,0.0,,,51.0
187,187.0,-0.032228152572496144,-0.028134870333182026,0.0003212961281181,0.3564736215,-0.012992924445787325,-0.01175692409908055,0.0,0.0,,,0.0,0.0,,,75.0
188,188.0,-0.032228152572496144,-0.028134870333182026,0.000321096624704,0.3564736215,-0.012992924445787325,-0.01175692409908055,0.0,0.0,,,0.0,0.0,,,76.0
189,189.0,-0.027920963544520748,-0.0221323106616481,0.0003169571304631,18.079402451,-0.017988265317971347,-0.01839137541379955,0.0,0.0,,,0.0,0.0,,,100.0
190,190.0,-0.027946449558670025,-0.0219953552387385,0.0003168069482801,17.80265298725,-0.017955868174416124,-0.0183862814600669,0.0,0.0,,,0.0,0.0,,,101.0
191,191.0,-0.027946449558670025,-0.0219953552387385,0.0003135904466692,17.80265298725,-0.017955868174416124,-0.0183862814600669,0.0,0.0,,,0.0,0.0,,,125.0
192,192.0,-0.027946449558670025,-0.0219953552387385,0.0003134703194993,17.80265298725,-0.017955868174416124,-0.0183862814600669,0.0,0.0,,,0.0,0.0,,,126.0
193,193.0,-0.027946449558670025,-0.0219953552387385,0.0003108446567043,17.80265298725,-0.017955868174416124,-0.0183862814600669,0.0,0.0,,,0.0,0.0,,,150.0
194,194.0,-0.027946449558670025,-0.0219953552387385,0.000310744722377,17.80265298725,-0.017955868174416124,-0.0183862814600669,0.0,0.0,,,0.0,0.0,,,151.0
195,195.0,-0.027946449558670025,-0.0219953552387385,0.0003085292660738,17.80265298725,-0.017955868174416124,-0.0183862814600669,0.0,0.0,,,0.0,0.0,,,175.0
196,196.0,-0.027946449558670025,-0.0219953552387385,0.0003084438125208,17.80265298725,-0.017955868174416124,-0.0183862814600669,0.0,0.0,,,0.0,0.0,,,176.0
197,197.0,-0.02572610260387985,-0.020254487974323575,0.0003065295151565,8.584294480250001,-0.0192404114576212,-0.019455231615989773,0.0,0.0,,,0.0,0.0,,,200.0
198,198.0,-0.025757639577800175,-0.02026442820468535,0.0003064549426912,9.454788200500001,-0.019252070305434,-0.019444020185262475,0.0,0.0,,,0.0,0.0,,,201.0
199,199.0,-0.025757639577800175,-0.02026442820468535,0.0003047709715748,9.454788200500001,-0.019252070305434,-0.019444020185262475,0.0,0.0,,,0.0,0.0,,,225.0
200,200.0,-0.025757639577800175,-0.02026442820468535,0.0003047048678012,9.454788200500001,-0.019252070305434,-0.019444020185262475,0.0,0.0,,,0.0,0.0,,,226.0
201,201.0,-0.025757639577800175,-0.02026442820468535,0.0003032026427275,9.454788200500001,-0.019252070305434,-0.019444020185262475,0.0,0.0,,,0.0,0.0,,,250.0
202,202.0,-0.025757639577800175,-0.02026442820468535,0.000303143313302,9.454788200500001,-0.019252070305434,-0.019444020185262475,0.0,0.0,,,0.0,0.0,,,251.0
203,203.0,-0.025757639577800175,-0.02026442820468535,0.000301788085357,9.454788200500001,-0.019252070305434,-0.019444020185262475,0.0,0.0,,,0.0,0.0,,,275.0
204,204.0,-0.025757639577800175,-0.02026442820468535,0.0003017342954266,9.454788200500001,-0.019252070305434,-0.019444020185262475,0.0,0.0,,,0.0,0.0,,,276.0
205,205.0,-0.025798914487053598,-0.0200828338103581,0.000300500361893,15.10190623425,-0.0194288447319634,-0.019418479954919726,0.0,0.0,,,0.0,0.0,,,300.0
206,206.0,-0.0258429954115546,-0.020034649038860274,0.000300451184145,16.4868498935,-0.01942434195297675,-0.019408688641907576,0.0,0.0,,,0.0,0.0,,,301.0
207,207.0,-0.0258429954115546,-0.020034649038860274,0.0002993190060116,16.4868498935,-0.01942434195297675,-0.019408688641907576,0.0,0.0,,,0.0,0.0,,,325.0
208,208.0,-0.0258429954115546,-0.020034649038860274,0.0002992737266479,16.4868498935,-0.01942434195297675,-0.019408688641907576,0.0,0.0,,,0.0,0.0,,,326.0
209,209.0,-0.0258429954115546,-0.020034649038860274,0.0002982281082561,16.4868498935,-0.01942434195297675,-0.019408688641907576,0.0,0.0,,,0.0,0.0,,,350.0
210,210.0,-0.0258429954115546,-0.020034649038860274,0.0002981861662964,16.4868498935,-0.01942434195297675,-0.019408688641907576,0.0,0.0,,,0.0,0.0,,,351.0
211,211.0,-0.0258429954115546,-0.020034649038860274,0.0002972150599895,16.4868498935,-0.01942434195297675,-0.019408688641907576,0.0,0.0,,,0.0,0.0,,,375.0
212,212.0,-0.0258429954115546,-0.020034649038860274,0.0002971760066775,16.4868498935,-0.01942434195297675,-0.019408688641907576,0.0,0.0,,,0.0,0.0,,,376.0
213,213.0,-0.025737377432504448,-0.019989496982396125,0.0002962697016661,25.5843379125,-0.01958454966067625,-0.019414954806026702,0.0,0.0,,,0.0,0.0,,,400.0
214,214.0,-0.025736092649934823,-0.020000554863028826,0.0002962331724939,26.1217249345,-0.0195526756037305,-0.019413411775430926,0.0,0.0,,,0.0,0.0,,,401.0
215,215.0,-0.025736092649934823,-0.020000554863028826,0.0002953837288047,26.1217249345,-0.0195526756037305,-0.019413411775430926,0.0,0.0,,,0.0,0.0,,,425.0
216,216.0,-0.025736092649934823,-0.020000554863028826,0.0002953494237282,26.1217249345,-0.0195526756037305,-0.019413411775430926,0.0,0.0,,,0.0,0.0,,,426.0
217,217.0,-0.025736092649934823,-0.020000554863028826,0.0002945502675082,26.1217249345,-0.0195526756037305,-0.019413411775430926,0.0,0.0,,,0.0,0.0,,,450.0
218,218.0,-0.025736092649934823,-0.020000554863028826,0.0002945179366389,26.1217249345,-0.0195526756037305,-0.019413411775430926,0.0,0.0,,,0.0,0.0,,,451.0
219,219.0,-0.025736092649934823,-0.020000554863028826,0.0002937635646466,26.1217249345,-0.0195526756037305,-0.019413411775430926,0.0,0.0,,,0.0,0.0,,,475.0
220,220.0,-0.025736092649934823,-0.020000554863028826,0.0002937329976969,26.1217249345,-0.0195526756037305,-0.019413411775430926,0.0,0.0,,,0.0,0.0,,,476.0
221,221.0,-0.025781497200703447,-0.020047109036424527,0.0002930187574721,36.4796017065,-0.01948165424203985,-0.019535136347214474,0.0,0.0,,,0.0,0.0,,,500.0
222,222.0,-0.0258042133750766,-0.0200573291389301,0.0002929897758339,38.49622453075,-0.019474101891657748,-0.019535139088324625,0.0,0.0,,,0.0,0.0,,,501.0
223,223.0,-0.0258042133750766,-0.0200573291389301,0.0002923116994432,38.49622453075,-0.019474101891657748,-0.019535139088324625,0.0,0.0,,,0.0,0.0,,,525.0
224,224.0,-0.0258042133750766,-0.0200573291389301,0.000292284150149,38.49622453075,-0.019474101891657748,-0.019535139088324625,0.0,0.0,,,0.0,0.0,,,526.0
225,225.0,-0.0258042133750766,-0.0200573291389301,0.0002916388265836,38.49622453075,-0.019474101891657748,-0.019535139088324625,0.0,0.0,,,0.0,0.0,,,550.0
226,226.0,-0.0258042133750766,-0.0200573291389301,0.0002916125776385,38.49622453075,-0.019474101891657748,-0.019535139088324625,0.0,0.0,,,0.0,0.0,,,551.0
227,227.0,-0.0258042133750766,-0.0200573291389301,0.0002909970535699,38.49622453075,-0.019474101891657748,-0.019535139088324625,0.0,0.0,,,0.0,0.0,,,575.0
228,228.0,-0.0258042133750766,-0.0200573291389301,0.0002909719902974,38.49622453075,-0.019474101891657748,-0.019535139088324625,0.0,0.0,,,0.0,0.0,,,576.0
229,229.0,-0.02534935496571365,-0.019917792593852672,0.0002903836919586,46.6082267375,-0.019471488053302875,-0.0198141229993464,0.0,0.0,,,0.0,0.0,,,600.0
230,230.0,-0.025362730456872325,-0.019925959750498552,0.0002903597141081,48.159615237,-0.019469983098975727,-0.019822468977628398,0.0,0.0,,,0.0,0.0,,,601.0
231,231.0,-0.025362730456872325,-0.019925959750498552,0.0002897963851304,48.159615237,-0.019469983098975727,-0.019822468977628398,0.0,0.0,,,0.0,0.0,,,625.0
232,232.0,-0.025362730456872325,-0.019925959750498552,0.0002897734045629,48.159615237,-0.019469983098975727,-0.019822468977628398,0.0,0.0,,,0.0,0.0,,,626.0
233,233.0,-0.025362730456872325,-0.019925959750498552,0.000289233056015,48.159615237,-0.019469983098975727,-0.019822468977628398,0.0,0.0,,,0.0,0.0,,,650.0
234,234.0,-0.025362730456872325,-0.019925959750498552,0.0002892109948341,48.159615237,-0.019469983098975727,-0.019822468977628398,0.0,0.0,,,0.0,0.0,,,651.0
235,235.0,-0.025362730456872325,-0.019925959750498552,0.0002886918647018,48.159615237,-0.019469983098975727,-0.019822468977628398,0.0,0.0,,,0.0,0.0,,,675.0
236,236.0,-0.025362730456872325,-0.019925959750498552,0.0002886706537311,48.159615237,-0.019469983098975727,-0.019822468977628398,0.0,0.0,,,0.0,0.0,,,676.0
237,237.0,-0.025423427585151225,-0.019691352986247326,0.0002881711737761,60.78782733775,-0.019455761079329423,-0.019803868332285948,0.0,0.0,,,0.0,0.0,,,700.0
238,238.0,-0.02542843923817635,-0.01967054059914105,0.000288150751309,60.663572153749996,-0.019454869888306976,-0.019809964235846775,0.0,0.0,,,0.0,0.0,,,701.0
239,239.0,-0.02542843923817635,-0.01967054059914105,0.0002876695197546,60.663572153749996,-0.019454869888306976,-0.019809964235846775,0.0,0.0,,,0.0,0.0,,,725.0
240,240.0,-0.02542843923817635,-0.01967054059914105,0.0002876498305198,60.663572153749996,-0.019454869888306976,-0.019809964235846775,0.0,0.0,,,0.0,0.0,,,726.0
241,241.0,-0.02542843923817635,-0.01967054059914105,0.0002871855893753,60.663572153749996,-0.019454869888306976,-0.019809964235846775,0.0,0.0,,,0.0,0.0,,,750.0
242,242.0,-0.02542843923817635,-0.01967054059914105,0.0002871665836752,60.663572153749996,-0.019454869888306976,-0.019809964235846775,0.0,0.0,,,0.0,0.0,,,751.0
243,243.0,-0.02542843923817635,-0.01967054059914105,0.0002867181997874,60.663572153749996,-0.019454869888306976,-0.019809964235846775,0.0,0.0,,,0.0,0.0,,,775.0
244,244.0,-0.02542843923817635,-0.01967054059914105,0.0002866998327755,60.663572153749996,-0.019454869888306976,-0.019809964235846775,0.0,0.0,,,0.0,0.0,,,776.0
245,245.0,-0.02531642502584055,-0.01971171390076885,0.000286266281896,75.98595257950001,-0.0195038282901958,-0.01978204419127785,0.0,0.0,,,0.0,0.0,,,800.0
246,246.0,-0.025323437619362125,-0.01971794600922,0.0002862485129678,76.03794153599999,-0.019507680640464424,-0.019781805591025624,0.0,0.0,,,0.0,0.0,,,801.0
247,247.0,-0.025323437619362125,-0.01971794600922,0.0002858288662781,76.03794153599999,-0.019507680640464424,-0.019781805591025624,0.0,0.0,,,0.0,0.0,,,825.0
248,248.0,-0.025323437619362125,-0.01971794600922,0.000285811658554,76.03794153599999,-0.019507680640464424,-0.019781805591025624,0.0,0.0,,,0.0,0.0,,,826.0
249,249.0,-0.025323437619362125,-0.01971794600922,0.0002854050712087,76.03794153599999,-0.019507680640464424,-0.019781805591025624,0.0,0.0,,,0.0,0.0,,,850.0
250,250.0,-0.025323437619362125,-0.01971794600922,0.0002853883910939,76.03794153599999,-0.019507680640464424,-0.019781805591025624,0.0,0.0,,,0.0,0.0,,,851.0
251,251.0,-0.025323437619362125,-0.01971794600922,0.0002849940924289,76.03794153599999,-0.019507680640464424,-0.019781805591025624,0.0,0.0,,,0.0,0.0,,,875.0
252,252.0,-0.025323437619362125,-0.01971794600922,0.0002849779092358,76.03794153599999,-0.019507680640464424,-0.019781805591025624,0.0,0.0,,,0.0,0.0,,,876.0
253,253.0,-0.025313752728856977,-0.019611416155035002,0.000284595194361,92.63710078700001,-0.019608600180034498,-0.0198623437896569,0.0,0.0,,,0.0,0.0,,,900.0
254,254.0,-0.025325319521092828,-0.01961755574055085,0.0002845794799841,99.54518328175,-0.019617943433864277,-0.019861852013718973,0.0,0.0,,,0.0,0.0,,,901.0
255,255.0,-0.025325319521092828,-0.01961755574055085,0.0002842077025318,99.54518328175,-0.019617943433864277,-0.019861852013718973,0.0,0.0,,,0.0,0.0,,,925.0
256,256.0,-0.025325319521092828,-0.01961755574055085,0.0002841924311673,99.54518328175,-0.019617943433864277,-0.019861852013718973,0.0,0.0,,,0.0,0.0,,,926.0
257,257.0,-0.025325319521092828,-0.01961755574055085,0.0002838309970112,99.54518328175,-0.019617943433864277,-0.019861852013718973,0.0,0.0,,,0.0,0.0,,,950.0
258,258.0,-0.025325319521092828,-0.01961755574055085,0.000283816144913,99.54518328175,-0.019617943433864277,-0.019861852013718973,0.0,0.0,,,0.0,0.0,,,951.0
259,259.0,-0.025325319521092828,-0.01961755574055085,0.0002834645067057,99.54518328175,-0.019617943433864277,-0.019861852013718973,0.0,0.0,,,0.0,0.0,,,975.0
260,260.0,-0.025325319521092828,-0.01961755574055085,0.0002834500519732,99.54518328175,-0.019617943433864277,-0.019861852013718973,0.0,0.0,,,0.0,0.0,,,976.0
261,261.0,-0.025279859901674025,-0.0194016363418704,0.0002831077043784,112.8330869605,-0.01970248764126235,-0.01995717263676535,0.0,0.0,,,0.0,0.0,,,1000.0
262,262.0,-0.0253082624354053,-0.01940732798985465,0.0002830936267708,113.01759356925,-0.01969868496092475,-0.01997663017715865,0.0,0.0,,,0.0,0.0,,,1001.0
263,263.0,-0.0253082624354053,-0.01940732798985465,0.0002827601022867,113.01759356925,-0.01969868496092475,-0.01997663017715865,0.0,0.0,,,0.0,0.0,,,1025.0
264,264.0,-0.0253082624354053,-0.01940732798985465,0.0002827463830599,113.01759356925,-0.01969868496092475,-0.01997663017715865,0.0,0.0,,,0.0,0.0,,,1026.0
265,265.0,-0.0253082624354053,-0.01940732798985465,0.0002824212483475,113.01759356925,-0.01969868496092475,-0.01997663017715865,0.0,0.0,,,0.0,0.0,,,1050.0
266,266.0,-0.0253082624354053,-0.01940732798985465,0.0002824078701106,113.01759356925,-0.01969868496092475,-0.01997663017715865,0.0,0.0,,,0.0,0.0,,,1051.0
267,267.0,-0.0253082624354053,-0.01940732798985465,0.0002820907227564,113.01759356925,-0.01969868496092475,-0.01997663017715865,0.0,0.0,,,0.0,0.0,,,1075.0
268,268.0,-0.0253082624354053,-0.01940732798985465,0.0002820776693451,113.01759356925,-0.01969868496092475,-0.01997663017715865,0.0,0.0,,,0.0,0.0,,,1076.0
269,269.0,-0.025202888715037702,-0.0193467745221667,0.000281768134997,127.45880047525,-0.0196712020621622,-0.01990089599496375,0.0,0.0,,,0.0,0.0,,,1100.0
270,270.0,-0.02521419740224725,-0.019339108637927625,0.0002817553913614,124.1250808015,-0.01965105394708415,-0.01991803615312085,0.0,0.0,,,0.0,0.0,,,1101.0
271,271.0,-0.02521419740224725,-0.019339108637927625,0.0002814531211887,124.1250808015,-0.01965105394708415,-0.01991803615312085,0.0,0.0,,,0.0,0.0,,,1125.0
272,272.0,-0.02521419740224725,-0.019339108637927625,0.0002814406732933,124.1250808015,-0.01965105394708415,-0.01991803615312085,0.0,0.0,,,0.0,0.0,,,1126.0
273,273.0,-0.02521419740224725,-0.019339108637927625,0.0002811453417266,124.1250808015,-0.01965105394708415,-0.01991803615312085,0.0,0.0,,,0.0,0.0,,,1150.0
274,274.0,-0.02521419740224725,-0.019339108637927625,0.0002811331764615,124.1250808015,-0.01965105394708415,-0.01991803615312085,0.0,0.0,,,0.0,0.0,,,1151.0
275,275.0,-0.02521419740224725,-0.019339108637927625,0.000280844479177,124.1250808015,-0.01965105394708415,-0.01991803615312085,0.0,0.0,,,0.0,0.0,,,1175.0
276,276.0,-0.02521419740224725,-0.019339108637927625,0.0002808325842787,124.1250808015,-0.01965105394708415,-0.01991803615312085,0.0,0.0,,,0.0,0.0,,,1176.0
277,277.0,-0.0252503987630413,-0.019432784549154026,0.0002805502363956,155.043031203,-0.01971369307354735,-0.0199626385153057,0.0,0.0,,,0.0,0.0,,,1200.0
278,278.0,-0.025255812682774225,-0.0194372154585971,0.0002805386003759,146.222896685,-0.0197094729431112,-0.0199661066278135,0.0,0.0,,,0.0,0.0,,,1201.0
279,279.0,-0.025255812682774225,-0.0194372154585971,0.000280262334841,146.222896685,-0.0197094729431112,-0.0199661066278135,0.0,0.0,,,0.0,0.0,,,1225.0
280,280.0,-0.025255812682774225,-0.0194372154585971,0.0002802509469233,146.222896685,-0.0197094729431112,-0.0199661066278135,0.0,0.0,,,0.0,0.0,,,1226.0
281,281.0,-0.02513242112603315,-0.01935758511294515,0.0002799916723299,155.349165953,-0.0196855605364563,-0.019963701295486525,0.0,0.0,,,0.0,0.0,,,1249.0
282,282.0,-0.025135213852673477,-0.019330119025940798,0.000279980513059,165.160053222,-0.01968517312134885,-0.019982555797348575,0.0,0.0,,,0.0,0.0,,,1250.0
283,283.0,-0.025135213852673477,-0.019330119025940798,0.0002799693631206,165.160053222,-0.01968517312134885,-0.019982555797348575,0.0,0.0,,,0.0,0.0,,,1251.0
284,284.0,-0.025135213852673477,-0.019330119025940798,0.0002797045253181,165.160053222,-0.01968517312134885,-0.019982555797348575,0.0,0.0,,,0.0,0.0,,,1275.0
285,285.0,-0.025135213852673477,-0.019330119025940798,0.000279693603839,165.160053222,-0.01968517312134885,-0.019982555797348575,0.0,0.0,,,0.0,0.0,,,1276.0
286,286.0,-0.02512779253506605,-0.019378260561725775,0.0002794341403783,172.3044443105,-0.0195839892416444,-0.019990869856987677,0.0,0.0,,,0.0,0.0,,,1300.0
287,287.0,-0.025083745671599253,-0.019380014218744,0.0002794234383942,181.81550845125,-0.0195837855443899,-0.019987426374833375,0.0,0.0,,,0.0,0.0,,,1301.0
288,288.0,-0.025083745671599253,-0.019380014218744,0.0002791691403779,181.81550845125,-0.0195837855443899,-0.019987426374833375,0.0,0.0,,,0.0,0.0,,,1325.0
289,289.0,-0.025083745671599253,-0.019380014218744,0.0002791586494381,181.81550845125,-0.0195837855443899,-0.019987426374833375,0.0,0.0,,,0.0,0.0,,,1326.0
290,290.0,-0.025083745671599253,-0.019380014218744,0.0002789093198248,181.81550845125,-0.0195837855443899,-0.019987426374833375,0.0,0.0,,,0.0,0.0,,,1350.0
291,291.0,-0.025083745671599253,-0.019380014218744,0.0002788990319535,181.81550845125,-0.0195837855443899,-0.019987426374833375,0.0,0.0,,,0.0,0.0,,,1351.0
292,292.0,-0.025083745671599253,-0.019380014218744,0.0002786544846807,181.81550845125,-0.0195837855443899,-0.019987426374833375,0.0,0.0,,,0.0,0.0,,,1375.0
293,293.0,-0.025083745671599253,-0.019380014218744,0.0002786443923427,181.81550845125,-0.0195837855443899,-0.019987426374833375,0.0,0.0,,,0.0,0.0,,,1376.0
294,294.0,-0.025154583380568425,-0.019416469486567597,0.0002784044515289,201.7607224055,-0.019641256692178075,-0.020027544478297875,0.0,0.0,,,0.0,0.0,,,1400.0
295,295.0,-0.025167135218729927,-0.0194202661509189,0.0002783945475975,199.17152091600002,-0.019638475329398573,-0.020022541276701975,0.0,0.0,,,0.0,0.0,,,1401.0
296,296.0,-0.025167135218729927,-0.0194202661509189,0.0002781590468156,199.17152091600002,-0.019638475329398573,-0.020022541276701975,0.0,0.0,,,0.0,0.0,,,1425.0
297,297.0,-0.025167135218729927,-0.0194202661509189,0.0002781493245438,199.17152091600002,-0.019638475329398573,-0.020022541276701975,0.0,0.0,,,0.0,0.0,,,1426.0
298,298.0,-0.025167135218729927,-0.0194202661509189,0.0002779181061581,199.17152091600002,-0.019638475329398573,-0.020022541276701975,0.0,0.0,,,0.0,0.0,,,1450.0
299,299.0,-0.025167135218729927,-0.0194202661509189,0.0002779085591521,199.17152091600002,-0.019638475329398573,-0.020022541276701975,0.0,0.0,,,0.0,0.0,,,1451.0
300,300.0,-0.025167135218729927,-0.0194202661509189,0.0002776814737118,199.17152091600002,-0.019638475329398573,-0.020022541276701975,0.0,0.0,,,0.0,0.0,,,1475.0
301,301.0,-0.025167135218729927,-0.0194202661509189,0.0002776720959071,199.17152091600002,-0.019638475329398573,-0.020022541276701975,0.0,0.0,,,0.0,0.0,,,1476.0
302,302.0,-0.025089246634520425,-0.0193891766142128,0.0002774582223832,224.43418217125,-0.01968794382284075,-0.02000429532218555,0.0,0.0,,,0.0,0.0,,,1499.0
303,303.0,-0.025085690414737224,-0.019373502330774926,0.0002774490015915,218.36060566725,-0.019687416123077124,-0.019998770836056126,0.0,0.0,,,0.0,0.0,,,1500.0
304,304.0,-0.0250863130531225,-0.019377076663193528,0.0002774397872307,219.10526390950002,-0.019682156780637325,-0.01998825051278005,0.0,0.0,,,0.0,0.0,,,1501.0
305,305.0,-0.0250863130531225,-0.019377076663193528,0.0002772205493406,219.10526390950002,-0.019682156780637325,-0.01998825051278005,0.0,0.0,,,0.0,0.0,,,1525.0
306,306.0,-0.0250863130531225,-0.019377076663193528,0.0002772114929528,219.10526390950002,-0.019682156780637325,-0.01998825051278005,0.0,0.0,,,0.0,0.0,,,1526.0
307,307.0,-0.0250863130531225,-0.019377076663193528,0.0002769959834432,219.10526390950002,-0.019682156780637325,-0.01998825051278005,0.0,0.0,,,0.0,0.0,,,1550.0
308,308.0,-0.0250863130531225,-0.019377076663193528,0.0002769870798257,219.10526390950002,-0.019682156780637325,-0.01998825051278005,0.0,0.0,,,0.0,0.0,,,1551.0
309,309.0,-0.0250863130531225,-0.019377076663193528,0.0002767751768762,219.10526390950002,-0.019682156780637325,-0.01998825051278005,0.0,0.0,,,0.0,0.0,,,1575.0
310,310.0,-0.0250863130531225,-0.019377076663193528,0.0002767664210772,219.10526390950002,-0.019682156780637325,-0.01998825051278005,0.0,0.0,,,0.0,0.0,,,1576.0
311,311.0,-0.0251192763217477,-0.01933315814316635,0.0002765580086967,248.685116674,-0.01966619402933855,-0.019985325260986026,0.0,0.0,,,0.0,0.0,,,1600.0
312,312.0,-0.025123686809151925,-0.019336365183553025,0.0002765493959994,236.927766374,-0.019667815380083126,-0.019997429213819126,0.0,0.0,,,0.0,0.0,,,1601.0
313,313.0,-0.025123686809151925,-0.019336365183553025,0.0002763443636612,236.927766374,-0.019667815380083126,-0.019997429213819126,0.0,0.0,,,0.0,0.0,,,1625.0
314,314.0,-0.025123686809151925,-0.019336365183553025,0.0002763358895693,236.927766374,-0.019667815380083126,-0.019997429213819126,0.0,0.0,,,0.0,0.0,,,1626.0
315,315.0,-0.025123686809151925,-0.019336365183553025,0.0002761341318745,236.927766374,-0.019667815380083126,-0.019997429213819126,0.0,0.0,,,0.0,0.0,,,1650.0
316,316.0,-0.025123686809151925,-0.019336365183553025,0.0002761257920989,236.927766374,-0.019667815380083126,-0.019997429213819126,0.0,0.0,,,0.0,0.0,,,1651.0
317,317.0,-0.025123686809151925,-0.019336365183553025,0.0002759272084654,236.927766374,-0.019667815380083126,-0.019997429213819126,0.0,0.0,,,0.0,0.0,,,1675.0
318,318.0,-0.025123686809151925,-0.019336365183553025,0.0002759189989113,236.927766374,-0.019667815380083126,-0.019997429213819126,0.0,0.0,,,0.0,0.0,,,1676.0
319,319.0,-0.02505087121119805,-0.019294207603158677,0.0002757234932855,270.97295474725,-0.019674895836171824,-0.020020898761364425,0.0,0.0,,,0.0,0.0,,,1700.0
320,320.0,-0.025036553807969077,-0.0192926962607977,0.0002757154100413,275.085063188,-0.019674894048454523,-0.020021249650266925,0.0,0.0,,,0.0,0.0,,,1701.0
321,321.0,-0.025036553807969077,-0.0192926962607977,0.0002755228906315,275.085063188,-0.019674894048454523,-0.020021249650266925,0.0,0.0,,,0.0,0.0,,,1725.0
322,322.0,-0.025036553807969077,-0.0192926962607977,0.0002755149299578,275.085063188,-0.019674894048454523,-0.020021249650266925,0.0,0.0,,,0.0,0.0,,,1726.0
323,323.0,-0.025040460356050877,-0.019301604329924026,0.0002753331553602,275.18119342675,-0.01965554445050715,-0.02001412828768025,0.0,0.0,,,0.0,0.0,,,1749.0
324,324.0,-0.025055175890599423,-0.019304654748966303,0.0002753253089869,270.277403015,-0.019655127984926076,-0.020014634842317174,0.0,0.0,,,0.0,0.0,,,1750.0
325,325.0,-0.025055175890599423,-0.019304654748966303,0.0002753174673066,270.277403015,-0.019655127984926076,-0.020014634842317174,0.0,0.0,,,0.0,0.0,,,1751.0
326,326.0,-0.025055175890599423,-0.019304654748966303,0.0002751306607818,270.277403015,-0.019655127984926076,-0.020014634842317174,0.0,0.0,,,0.0,0.0,,,1775.0
327,327.0,-0.025055175890599423,-0.019304654748966303,0.000275122934671,270.277403015,-0.019655127984926076,-0.020014634842317174,0.0,0.0,,,0.0,0.0,,,1776.0
328,328.0,-0.02506441925858595,-0.019305521633723673,0.0002749388621704,288.96570685374996,-0.019681054511896175,-0.02006447427593875,0.0,0.0,,,0.0,0.0,,,1800.0
329,329.0,-0.02507336264016455,-0.019308552418839425,0.0002749312483498,284.09305779550004,-0.0196846795613096,-0.020064851629936924,0.0,0.0,,,0.0,0.0,,,1801.0
330,330.0,-0.02507336264016455,-0.019308552418839425,0.0002747498328235,284.09305779550004,-0.0196846795613096,-0.020064851629936924,0.0,0.0,,,0.0,0.0,,,1825.0
331,331.0,-0.02507336264016455,-0.019308552418839425,0.0002747423281503,284.09305779550004,-0.0196846795613096,-0.020064851629936924,0.0,0.0,,,0.0,0.0,,,1826.0
332,332.0,-0.02507336264016455,-0.019308552418839425,0.0002745634957356,284.09305779550004,-0.0196846795613096,-0.020064851629936924,0.0,0.0,,,0.0,0.0,,,1850.0
333,333.0,-0.02507336264016455,-0.019308552418839425,0.000274556097196,284.09305779550004,-0.0196846795613096,-0.020064851629936924,0.0,0.0,,,0.0,0.0,,,1851.0
334,334.0,-0.02507336264016455,-0.019308552418839425,0.000274379777044,284.09305779550004,-0.0196846795613096,-0.020064851629936924,0.0,0.0,,,0.0,0.0,,,1875.0
335,335.0,-0.02507336264016455,-0.019308552418839425,0.0002743724817466,284.09305779550004,-0.0196846795613096,-0.020064851629936924,0.0,0.0,,,0.0,0.0,,,1876.0
336,336.0,-0.024967208044876902,-0.0192528618042207,0.0002741986058615,319.58514540025,-0.01971723581623125,-0.020047545286048626,0.0,0.0,,,0.0,0.0,,,1900.0
337,337.0,-0.024977741986101424,-0.01925571550207985,0.0002741914110303,321.46892285875,-0.019717650644018078,-0.020048845935007074,0.0,0.0,,,0.0,0.0,,,1901.0
338,338.0,-0.024977741986101424,-0.01925571550207985,0.0002740199141188,321.46892285875,-0.019717650644018078,-0.020048845935007074,0.0,0.0,,,0.0,0.0,,,1925.0
339,339.0,-0.024977741986101424,-0.01925571550207985,0.0002740128170877,321.46892285875,-0.019717650644018078,-0.020048845935007074,0.0,0.0,,,0.0,0.0,,,1926.0
340,340.0,-0.024977741986101424,-0.01925571550207985,0.000273843636418,321.46892285875,-0.019717650644018078,-0.020048845935007074,0.0,0.0,,,0.0,0.0,,,1950.0
341,341.0,-0.024977741986101424,-0.01925571550207985,0.0002738366346246,321.46892285875,-0.019717650644018078,-0.020048845935007074,0.0,0.0,,,0.0,0.0,,,1951.0
342,342.0,-0.024977741986101424,-0.01925571550207985,0.000273669709895,321.46892285875,-0.019717650644018078,-0.020048845935007074,0.0,0.0,,,0.0,0.0,,,1975.0
343,343.0,-0.024977741986101424,-0.01925571550207985,0.0002736628008755,321.46892285875,-0.019717650644018078,-0.020048845935007074,0.0,0.0,,,0.0,0.0,,,1976.0
344,344.0,-0.024990116635280623,-0.019255753719953653,0.0002735048962779,319.27349178325,-0.019751727246514972,-0.0200531460721839,0.0,0.0,,,0.0,0.0,,,1999.0
345,345.0,-0.02499724962285175,-0.01925834212465795,0.0002734980740905,286.38745399525,-0.019757277859149977,-0.020047875059973026,0.0,0.0,,,0.0,0.0,,,2000.0
346,346.0,-0.058784714208485654,-0.05812558011383095,0.0001845361669181,0.05651773175,0.031043019261483923,0.029061502503322775,0.0,0.0,,,0.0,0.0,,,0.0
347,347.0,-0.05050699047993305,-0.0499544417936718,0.0001828615653523,0.067190737,0.00912540775948355,0.010471389642369575,0.0,0.0,,,0.0,0.0,,,1.0
348,348.0,-0.0440456099033253,-0.043575522999627,0.0001791916919681,0.105369921,0.0067613959545556,0.005766754868531725,0.0,0.0,,,0.0,0.0,,,4.0
349,349.0,-0.04141292322558208,-0.040920560779716855,0.0001782501876267,0.12072965299999999,0.0030178655070356,-0.000546526454710925,0.0,0.0,,,0.0,0.0,,,5.0
350,350.0,-0.04061178561368785,-0.0378789190488169,0.0001752764602175,0.18876778325000002,-0.005786124345055325,-0.00448729970624475,0.0,0.0,,,0.0,0.0,,,9.0
351,351.0,-0.03714567133353925,-0.034483977553130124,0.0001746728606032,0.19138432724999999,-0.006630015292242724,-0.005181395437535575,0.0,0.0,,,0.0,0.0,,,10.0
352,352.0,-0.0350762404689402,-0.03077395213168845,0.0001726204782958,0.268957567,-0.011179309313348,-0.01004968493019035,0.0,0.0,,,0.0,0.0,,,14.0
353,353.0,-0.03431618419482002,-0.03084561351473155,0.0001721783318663,0.26914013200000003,-0.010204710472517175,-0.0108557977749927,0.0,0.0,,,0.0,0.0,,,15.0
354,354.0,-0.03240484012003765,-0.029392268201980876,0.0001706158733578,0.3339649825,-0.012014756968406724,-0.01145153320496695,0.0,0.0,,,0.0,0.0,,,19.0
355,355.0,-0.0324752719660448,-0.02848073407595675,0.0001702679845041,0.362259435,-0.0128994829392886,-0.01177041630089785,0.0,0.0,,,0.0,0.0,,,20.0
356,356.0,-0.0324752719660448,-0.02848073407595675,0.0001687228617338,0.362259435,-0.0128994829392886,-0.01177041630089785,0.0,0.0,,,0.0,0.0,,,25.0
357,357.0,-0.0324752719660448,-0.02848073407595675,0.0001684464687305,0.362259435,-0.0128994829392886,-0.01177041630089785,0.0,0.0,,,0.0,0.0,,,26.0
358,358.0,-0.0324752719660448,-0.02848073407595675,0.0001636861225785,0.362259435,-0.0128994829392886,-0.01177041630089785,0.0,0.0,,,0.0,0.0,,,50.0
359,359.0,-0.0324752719660448,-0.02848073407595675,0.0001635387200228,0.362259435,-0.0128994829392886,-0.01177041630089785,0.0,0.0,,,0.0,0.0,,,51.0
360,360.0,-0.0324752719660448,-0.02848073407595675,0.000160648064059,0.362259435,-0.0128994829392886,-0.01177041630089785,0.0,0.0,,,0.0,0.0,,,75.0
361,361.0,-0.0324752719660448,-0.02848073407595675,0.000160548312352,0.362259435,-0.0128994829392886,-0.01177041630089785,0.0,0.0,,,0.0,0.0,,,76.0
362,362.0,-0.028038561833260325,-0.022366578897573226,0.0001584785652315,17.98418853575,-0.017877116372869026,-0.018385499508309075,0.0,0.0,,,0.0,0.0,,,100.0
363,363.0,-0.028046180649000326,-0.02218827170858775,0.00015840347414,17.38295781,-0.017797951498561948,-0.018371111176396875,0.0,0.0,,,0.0,0.0,,,101.0
364,364.0,-0.028046180649000326,-0.02218827170858775,0.0001567952233346,17.38295781,-0.017797951498561948,-0.018371111176396875,0.0,0.0,,,0.0,0.0,,,125.0
365,365.0,-0.028046180649000326,-0.02218827170858775,0.0001567351597496,17.38295781,-0.017797951498561948,-0.018371111176396875,0.0,0.0,,,0.0,0.0,,,126.0
366,366.0,-0.028046180649000326,-0.02218827170858775,0.0001554223283521,17.38295781,-0.017797951498561948,-0.018371111176396875,0.0,0.0,,,0.0,0.0,,,150.0
367,367.0,-0.028046180649000326,-0.02218827170858775,0.0001553723611885,17.38295781,-0.017797951498561948,-0.018371111176396875,0.0,0.0,,,0.0,0.0,,,151.0
368,368.0,-0.028046180649000326,-0.02218827170858775,0.0001542646330369,17.38295781,-0.017797951498561948,-0.018371111176396875,0.0,0.0,,,0.0,0.0,,,175.0
369,369.0,-0.028046180649000326,-0.02218827170858775,0.0001542219062604,17.38295781,-0.017797951498561948,-0.018371111176396875,0.0,0.0,,,0.0,0.0,,,176.0
370,370.0,-0.025710811810640024,-0.020445019892131225,0.0001532647575782,9.10616529625,-0.0190918628595778,-0.0194753988740961,0.0,0.0,,,0.0,0.0,,,200.0
371,371.0,-0.025784207394097675,-0.020424897814588675,0.0001532274713456,9.7676780025,-0.0191387176516966,-0.01946648450597415,0.0,0.0,,,0.0,0.0,,,201.0
372,372.0,-0.025784207394097675,-0.020424897814588675,0.0001523854857874,9.7676780025,-0.0191387176516966,-0.01946648450597415,0.0,0.0,,,0.0,0.0,,,225.0
373,373.0,-0.025784207394097675,-0.020424897814588675,0.0001523524339006,9.7676780025,-0.0191387176516966,-0.01946648450597415,0.0,0.0,,,0.0,0.0,,,226.0
374,374.0,-0.025784207394097675,-0.020424897814588675,0.0001516013213637,9.7676780025,-0.0191387176516966,-0.01946648450597415,0.0,0.0,,,0.0,0.0,,,250.0
375,375.0,-0.025784207394097675,-0.020424897814588675,0.000151571656651,9.7676780025,-0.0191387176516966,-0.01946648450597415,0.0,0.0,,,0.0,0.0,,,251.0
376,376.0,-0.025784207394097675,-0.020424897814588675,0.0001508940426785,9.7676780025,-0.0191387176516966,-0.01946648450597415,0.0,0.0,,,0.0,0.0,,,275.0
377,377.0,-0.025784207394097675,-0.020424897814588675,0.0001508671477133,9.7676780025,-0.0191387176516966,-0.01946648450597415,0.0,0.0,,,0.0,0.0,,,276.0
378,378.0,-0.025899513888554652,-0.0202736409893053,0.0001502501809465,15.3114742305,-0.019412930791121774,-0.019453609143177675,0.0,0.0,,,0.0,0.0,,,300.0
379,379.0,-0.025877960658423124,-0.020208158663221325,0.0001502255920725,15.65547439375,-0.019414521187593774,-0.019430532132942525,0.0,0.0,,,0.0,0.0,,,301.0
380,380.0,-0.025877960658423124,-0.020208158663221325,0.0001496595030058,15.65547439375,-0.019414521187593774,-0.019430532132942525,0.0,0.0,,,0.0,0.0,,,325.0
381,381.0,-0.025877960658423124,-0.020208158663221325,0.0001496368633239,15.65547439375,-0.019414521187593774,-0.019430532132942525,0.0,0.0,,,0.0,0.0,,,326.0
382,382.0,-0.025877960658423124,-0.020208158663221325,0.000149114054128,15.65547439375,-0.019414521187593774,-0.019430532132942525,0.0,0.0,,,0.0,0.0,,,350.0
383,383.0,-0.025877960658423124,-0.020208158663221325,0.0001490930831482,15.65547439375,-0.019414521187593774,-0.019430532132942525,0.0,0.0,,,0.0,0.0,,,351.0
384,384.0,-0.025877960658423124,-0.020208158663221325,0.0001486075299947,15.65547439375,-0.019414521187593774,-0.019430532132942525,0.0,0.0,,,0.0,0.0,,,375.0
385,385.0,-0.025877960658423124,-0.020208158663221325,0.0001485880033387,15.65547439375,-0.019414521187593774,-0.019430532132942525,0.0,0.0,,,0.0,0.0,,,376.0
386,386.0,-0.025738189940570526,-0.020168788418703475,0.000148134850833,24.10256175225,-0.019519004366722974,-0.019383037591946376,0.0,0.0,,,0.0,0.0,,,400.0
387,387.0,-0.025749710434427975,-0.020180137344261773,0.0001481165862469,24.31709797475,-0.01951732245311915,-0.0193744218950454,0.0,0.0,,,0.0,0.0,,,401.0
388,388.0,-0.025749710434427975,-0.020180137344261773,0.0001476918644023,24.31709797475,-0.01951732245311915,-0.0193744218950454,0.0,0.0,,,0.0,0.0,,,425.0
389,389.0,-0.025749710434427975,-0.020180137344261773,0.0001476747118641,24.31709797475,-0.01951732245311915,-0.0193744218950454,0.0,0.0,,,0.0,0.0,,,426.0
390,390.0,-0.025749710434427975,-0.020180137344261773,0.0001472751337541,24.31709797475,-0.01951732245311915,-0.0193744218950454,0.0,0.0,,,0.0,0.0,,,450.0
391,391.0,-0.025749710434427975,-0.020180137344261773,0.0001472589683194,24.31709797475,-0.01951732245311915,-0.0193744218950454,0.0,0.0,,,0.0,0.0,,,451.0
392,392.0,-0.025749710434427975,-0.020180137344261773,0.0001468817823233,24.31709797475,-0.01951732245311915,-0.0193744218950454,0.0,0.0,,,0.0,0.0,,,475.0
393,393.0,-0.025749710434427975,-0.020180137344261773,0.0001468664988484,24.31709797475,-0.01951732245311915,-0.0193744218950454,0.0,0.0,,,0.0,0.0,,,476.0
394,394.0,-0.02573094497419655,-0.02023157520176005,0.000146509378736,34.78900027325,-0.019513403020431374,-0.019516257259995298,0.0,0.0,,,0.0,0.0,,,500.0
395,395.0,-0.025792733374493077,-0.020241602424232626,0.0001464948879169,38.4971682205,-0.019505944950787973,-0.0195161816330936,0.0,0.0,,,0.0,0.0,,,501.0
396,396.0,-0.025792733374493077,-0.020241602424232626,0.0001461558497216,38.4971682205,-0.019505944950787973,-0.0195161816330936,0.0,0.0,,,0.0,0.0,,,525.0
397,397.0,-0.025792733374493077,-0.020241602424232626,0.0001461420750745,38.4971682205,-0.019505944950787973,-0.0195161816330936,0.0,0.0,,,0.0,0.0,,,526.0
398,398.0,-0.025792733374493077,-0.020241602424232626,0.0001458194132918,38.4971682205,-0.019505944950787973,-0.0195161816330936,0.0,0.0,,,0.0,0.0,,,550.0
399,399.0,-0.025792733374493077,-0.020241602424232626,0.0001458062888192,38.4971682205,-0.019505944950787973,-0.0195161816330936,0.0,0.0,,,0.0,0.0,,,551.0
400,400.0,-0.025792733374493077,-0.020241602424232626,0.0001454985267849,38.4971682205,-0.019505944950787973,-0.0195161816330936,0.0,0.0,,,0.0,0.0,,,575.0
401,401.0,-0.025792733374493077,-0.020241602424232626,0.0001454859951487,38.4971682205,-0.019505944950787973,-0.0195161816330936,0.0,0.0,,,0.0,0.0,,,576.0
402,402.0,-0.0255414922039009,-0.0200848965742121,0.0001451918459793,46.50297004875,-0.019425089421664953,-0.019850073780673976,0.0,0.0,,,0.0,0.0,,,600.0
403,403.0,-0.0255477716228348,-0.0200930377879561,0.000145179857054,48.10635863625,-0.019432773951151852,-0.019850550499331675,0.0,0.0,,,0.0,0.0,,,601.0
404,404.0,-0.0255477716228348,-0.0200930377879561,0.0001448981925652,48.10635863625,-0.019432773951151852,-0.019850550499331675,0.0,0.0,,,0.0,0.0,,,625.0
405,405.0,-0.0255477716228348,-0.0200930377879561,0.0001448867022814,48.10635863625,-0.019432773951151852,-0.019850550499331675,0.0,0.0,,,0.0,0.0,,,626.0
406,406.0,-0.0255477716228348,-0.0200930377879561,0.0001446165280075,48.10635863625,-0.019432773951151852,-0.019850550499331675,0.0,0.0,,,0.0,0.0,,,650.0
407,407.0,-0.0255477716228348,-0.0200930377879561,0.000144605497417,48.10635863625,-0.019432773951151852,-0.019850550499331675,0.0,0.0,,,0.0,0.0,,,651.0
408,408.0,-0.0255477716228348,-0.0200930377879561,0.0001443459323509,48.10635863625,-0.019432773951151852,-0.019850550499331675,0.0,0.0,,,0.0,0.0,,,675.0
409,409.0,-0.0255477716228348,-0.0200930377879561,0.0001443353268655,48.10635863625,-0.019432773951151852,-0.019850550499331675,0.0,0.0,,,0.0,0.0,,,676.0
410,410.0,-0.025326230618660375,-0.0198742222610343,0.000144085586888,65.83125374049999,-0.0194346764523654,-0.019810627277246425,0.0,0.0,,,0.0,0.0,,,700.0
411,411.0,-0.025326105092044474,-0.01985489325832215,0.0001440753756545,61.543575510000004,-0.019438364674501225,-0.019809354490438226,0.0,0.0,,,0.0,0.0,,,701.0
412,412.0,-0.025326105092044474,-0.01985489325832215,0.0001438347598773,61.543575510000004,-0.019438364674501225,-0.019809354490438226,0.0,0.0,,,0.0,0.0,,,725.0
413,413.0,-0.025326105092044474,-0.01985489325832215,0.0001438249152599,61.543575510000004,-0.019438364674501225,-0.019809354490438226,0.0,0.0,,,0.0,0.0,,,726.0
414,414.0,-0.025326105092044474,-0.01985489325832215,0.0001435927946876,61.543575510000004,-0.019438364674501225,-0.019809354490438226,0.0,0.0,,,0.0,0.0,,,750.0
415,415.0,-0.025326105092044474,-0.01985489325832215,0.0001435832918376,61.543575510000004,-0.019438364674501225,-0.019809354490438226,0.0,0.0,,,0.0,0.0,,,751.0
416,416.0,-0.025326105092044474,-0.01985489325832215,0.0001433590998937,61.543575510000004,-0.019438364674501225,-0.019809354490438226,0.0,0.0,,,0.0,0.0,,,775.0
417,417.0,-0.025326105092044474,-0.01985489325832215,0.0001433499163877,61.543575510000004,-0.019438364674501225,-0.019809354490438226,0.0,0.0,,,0.0,0.0,,,776.0
418,418.0,-0.0255339726778305,-0.019876536199625074,0.000143133140948,77.02578562125,-0.01952505263061025,-0.019793938290105024,0.0,0.0,,,0.0,0.0,,,800.0
419,419.0,-0.02558391383405485,-0.019882718922094027,0.0001431242564839,76.93437560225,-0.0195260245505778,-0.0197973041399892,0.0,0.0,,,0.0,0.0,,,801.0
420,420.0,-0.02558391383405485,-0.019882718922094027,0.000142914433139,76.93437560225,-0.0195260245505778,-0.0197973041399892,0.0,0.0,,,0.0,0.0,,,825.0
421,421.0,-0.02558391383405485,-0.019882718922094027,0.000142905829277,76.93437560225,-0.0195260245505778,-0.0197973041399892,0.0,0.0,,,0.0,0.0,,,826.0
422,422.0,-0.02558391383405485,-0.019882718922094027,0.0001427025356043,76.93437560225,-0.0195260245505778,-0.0197973041399892,0.0,0.0,,,0.0,0.0,,,850.0
423,423.0,-0.02558391383405485,-0.019882718922094027,0.0001426941955469,76.93437560225,-0.0195260245505778,-0.0197973041399892,0.0,0.0,,,0.0,0.0,,,851.0
424,424.0,-0.02558391383405485,-0.019882718922094027,0.0001424970462144,76.93437560225,-0.0195260245505778,-0.0197973041399892,0.0,0.0,,,0.0,0.0,,,875.0
425,425.0,-0.02558391383405485,-0.019882718922094027,0.0001424889546179,76.93437560225,-0.0195260245505778,-0.0197973041399892,0.0,0.0,,,0.0,0.0,,,876.0
426,426.0,-0.025436467742948225,-0.0197873130396893,0.0001422975971805,88.71733532175,-0.019593876009509174,-0.0199370732066842,0.0,0.0,,,0.0,0.0,,,900.0
427,427.0,-0.02542021078520255,-0.019793409637869925,0.000142289739992,94.14856475975,-0.019596001929533022,-0.0199483907541765,0.0,0.0,,,0.0,0.0,,,901.0
428,428.0,-0.02542021078520255,-0.019793409637869925,0.0001421038512659,94.14856475975,-0.019596001929533022,-0.0199483907541765,0.0,0.0,,,0.0,0.0,,,925.0
429,429.0,-0.02542021078520255,-0.019793409637869925,0.0001420962155836,94.14856475975,-0.019596001929533022,-0.0199483907541765,0.0,0.0,,,0.0,0.0,,,926.0
430,430.0,-0.02542021078520255,-0.019793409637869925,0.0001419154985056,94.14856475975,-0.019596001929533022,-0.0199483907541765,0.0,0.0,,,0.0,0.0,,,950.0
431,431.0,-0.02542021078520255,-0.019793409637869925,0.0001419080724565,94.14856475975,-0.019596001929533022,-0.0199483907541765,0.0,0.0,,,0.0,0.0,,,951.0
432,432.0,-0.02542021078520255,-0.019793409637869925,0.0001417322533528,94.14856475975,-0.019596001929533022,-0.0199483907541765,0.0,0.0,,,0.0,0.0,,,975.0
433,433.0,-0.02542021078520255,-0.019793409637869925,0.0001417250259866,94.14856475975,-0.019596001929533022,-0.0199483907541765,0.0,0.0,,,0.0,0.0,,,976.0
434,434.0,-0.025313919628189997,-0.019577104103629773,0.0001415538521892,110.98029078399999,-0.019660304455791776,-0.01995815236305645,0.0,0.0,,,0.0,0.0,,,1000.0
435,435.0,-0.0253250573256436,-0.01958280397183075,0.0001415468133854,107.6136128765,-0.019677938174212425,-0.0199721416918738,0.0,0.0,,,0.0,0.0,,,1001.0
436,436.0,-0.0253250573256436,-0.01958280397183075,0.0001413800511433,107.6136128765,-0.019677938174212425,-0.0199721416918738,0.0,0.0,,,0.0,0.0,,,1025.0
437,437.0,-0.0253250573256436,-0.01958280397183075,0.0001413731915299,107.6136128765,-0.019677938174212425,-0.0199721416918738,0.0,0.0,,,0.0,0.0,,,1026.0
438,438.0,-0.0253250573256436,-0.01958280397183075,0.0001412106241737,107.6136128765,-0.019677938174212425,-0.0199721416918738,0.0,0.0,,,0.0,0.0,,,1050.0
439,439.0,-0.0253250573256436,-0.01958280397183075,0.0001412039350553,107.6136128765,-0.019677938174212425,-0.0199721416918738,0.0,0.0,,,0.0,0.0,,,1051.0
440,440.0,-0.0253250573256436,-0.01958280397183075,0.0001410453613782,107.6136128765,-0.019677938174212425,-0.0199721416918738,0.0,0.0,,,0.0,0.0,,,1075.0
441,441.0,-0.0253250573256436,-0.01958280397183075,0.0001410388346725,107.6136128765,-0.019677938174212425,-0.0199721416918738,0.0,0.0,,,0.0,0.0,,,1076.0
442,442.0,-0.025218006885946376,-0.019519021697557527,0.0001408840674985,123.32243728625001,-0.0196885740555497,-0.019822499119383,0.0,0.0,,,0.0,0.0,,,1100.0
443,443.0,-0.0252185260965017,-0.019514918139069925,0.0001408776956807,123.88541536925,-0.019688995732177077,-0.019855001996675226,0.0,0.0,,,0.0,0.0,,,1101.0
444,444.0,-0.0252185260965017,-0.019514918139069925,0.0001407265605943,123.88541536925,-0.019688995732177077,-0.019855001996675226,0.0,0.0,,,0.0,0.0,,,1125.0
445,445.0,-0.0252185260965017,-0.019514918139069925,0.0001407203366466,123.88541536925,-0.019688995732177077,-0.019855001996675226,0.0,0.0,,,0.0,0.0,,,1126.0
446,446.0,-0.0252185260965017,-0.019514918139069925,0.0001405726708633,123.88541536925,-0.019688995732177077,-0.019855001996675226,0.0,0.0,,,0.0,0.0,,,1150.0
447,447.0,-0.0252185260965017,-0.019514918139069925,0.0001405665882307,123.88541536925,-0.019688995732177077,-0.019855001996675226,0.0,0.0,,,0.0,0.0,,,1151.0
448,448.0,-0.0252185260965017,-0.019514918139069925,0.0001404222395885,123.88541536925,-0.019688995732177077,-0.019855001996675226,0.0,0.0,,,0.0,0.0,,,1175.0
449,449.0,-0.0252185260965017,-0.019514918139069925,0.0001404162921393,123.88541536925,-0.019688995732177077,-0.019855001996675226,0.0,0.0,,,0.0,0.0,,,1176.0
450,450.0,-0.0252387394700412,-0.019601849819362725,0.0001402751181978,136.569874469,-0.019763500001480874,-0.019942411930275572,0.0,0.0,,,0.0,0.0,,,1200.0
451,451.0,-0.025241630004064326,-0.019606306112645,0.0001402693001879,140.486229064,-0.01976348631533615,-0.0199579993339507,0.0,0.0,,,0.0,0.0,,,1201.0
452,452.0,-0.025241630004064326,-0.019606306112645,0.0001401311674205,140.486229064,-0.01976348631533615,-0.0199579993339507,0.0,0.0,,,0.0,0.0,,,1225.0
453,453.0,-0.025241630004064326,-0.019606306112645,0.0001401254734616,140.486229064,-0.01976348631533615,-0.0199579993339507,0.0,0.0,,,0.0,0.0,,,1226.0
454,454.0,-0.025169055456652024,-0.019528160656814123,0.0001399958361649,149.3293989055,-0.01972262768921645,-0.01990559180313365,0.0,0.0,,,0.0,0.0,,,1249.0
455,455.0,-0.025097111973616977,-0.0195003364689805,0.0001399902565295,147.176588154,-0.01973869331116545,-0.019945081755665298,0.0,0.0,,,0.0,0.0,,,1250.0
456,456.0,-0.025097111973616977,-0.0195003364689805,0.0001399846815603,147.176588154,-0.01973869331116545,-0.019945081755665298,0.0,0.0,,,0.0,0.0,,,1251.0
457,457.0,-0.025097111973616977,-0.0195003364689805,0.000139852262659,147.176588154,-0.01973869331116545,-0.019945081755665298,0.0,0.0,,,0.0,0.0,,,1275.0
458,458.0,-0.025097111973616977,-0.0195003364689805,0.0001398468019195,147.176588154,-0.01973869331116545,-0.019945081755665298,0.0,0.0,,,0.0,0.0,,,1276.0
459,459.0,-0.025157693780242574,-0.01954795903750115,0.0001397170701891,154.7055212745,-0.019579305567763147,-0.02001378830279435,0.0,0.0,,,0.0,0.0,,,1300.0
460,460.0,-0.025158658861332298,-0.0195499405316803,0.0001397117191971,157.92297595575002,-0.019579818359051423,-0.020012606769902175,0.0,0.0,,,0.0,0.0,,,1301.0
461,461.0,-0.025158658861332298,-0.0195499405316803,0.0001395845701889,157.92297595575002,-0.019579818359051423,-0.020012606769902175,0.0,0.0,,,0.0,0.0,,,1325.0
462,462.0,-0.025158658861332298,-0.0195499405316803,0.000139579324719,157.92297595575002,-0.019579818359051423,-0.020012606769902175,0.0,0.0,,,0.0,0.0,,,1326.0
463,463.0,-0.025158658861332298,-0.0195499405316803,0.0001394546599124,157.92297595575002,-0.019579818359051423,-0.020012606769902175,0.0,0.0,,,0.0,0.0,,,1350.0
464,464.0,-0.025158658861332298,-0.0195499405316803,0.0001394495159767,157.92297595575002,-0.019579818359051423,-0.020012606769902175,0.0,0.0,,,0.0,0.0,,,1351.0
465,465.0,-0.025158658861332298,-0.0195499405316803,0.0001393272423403,157.92297595575002,-0.019579818359051423,-0.020012606769902175,0.0,0.0,,,0.0,0.0,,,1375.0
466,466.0,-0.025158658861332298,-0.0195499405316803,0.0001393221961713,157.92297595575002,-0.019579818359051423,-0.020012606769902175,0.0,0.0,,,0.0,0.0,,,1376.0
467,467.0,-0.0252186990591931,-0.01958642129735405,0.0001392022257644,179.08442714225,-0.0196506304938337,-0.02002701675332645,0.0,0.0,,,0.0,0.0,,,1400.0
468,468.0,-0.0252231286050068,-0.0195902325483947,0.0001391972737987,189.7655347315,-0.019648748177195,-0.020027925268081823,0.0,0.0,,,0.0,0.0,,,1401.0
469,469.0,-0.0252231286050068,-0.0195902325483947,0.0001390795234078,189.7655347315,-0.019648748177195,-0.020027925268081823,0.0,0.0,,,0.0,0.0,,,1425.0
470,470.0,-0.0252231286050068,-0.0195902325483947,0.0001390746622719,189.7655347315,-0.019648748177195,-0.020027925268081823,0.0,0.0,,,0.0,0.0,,,1426.0
471,471.0,-0.0252231286050068,-0.0195902325483947,0.000138959053079,189.7655347315,-0.019648748177195,-0.020027925268081823,0.0,0.0,,,0.0,0.0,,,1450.0
472,472.0,-0.0252231286050068,-0.0195902325483947,0.000138954279576,189.7655347315,-0.019648748177195,-0.020027925268081823,0.0,0.0,,,0.0,0.0,,,1451.0
473,473.0,-0.0252231286050068,-0.0195902325483947,0.0001388407368559,189.7655347315,-0.019648748177195,-0.020027925268081823,0.0,0.0,,,0.0,0.0,,,1475.0
474,474.0,-0.0252231286050068,-0.0195902325483947,0.0001388360479535,189.7655347315,-0.019648748177195,-0.020027925268081823,0.0,0.0,,,0.0,0.0,,,1476.0
475,475.0,-0.0251176267874454,-0.0195550742885789,0.0001387291111916,203.48650179975002,-0.019699655891514425,-0.019995179329104776,0.0,0.0,,,0.0,0.0,,,1499.0
476,476.0,-0.025121496298189726,-0.019539169243075673,0.0001387245007957,202.8304483555,-0.019699449679269825,-0.019996225140134074,0.0,0.0,,,0.0,0.0,,,1500.0
477,477.0,-0.025119568428410174,-0.01954278596718095,0.0001387198936153,207.88247409000002,-0.019664040922291674,-0.019986015428573124,0.0,0.0,,,0.0,0.0,,,1501.0
478,478.0,-0.025119568428410174,-0.01954278596718095,0.0001386102746703,207.88247409000002,-0.019664040922291674,-0.019986015428573124,0.0,0.0,,,0.0,0.0,,,1525.0
479,479.0,-0.025119568428410174,-0.01954278596718095,0.0001386057464764,207.88247409000002,-0.019664040922291674,-0.019986015428573124,0.0,0.0,,,0.0,0.0,,,1526.0
480,480.0,-0.025119568428410174,-0.01954278596718095,0.0001384979917216,207.88247409000002,-0.019664040922291674,-0.019986015428573124,0.0,0.0,,,0.0,0.0,,,1550.0
481,481.0,-0.025119568428410174,-0.01954278596718095,0.0001384935399128,207.88247409000002,-0.019664040922291674,-0.019986015428573124,0.0,0.0,,,0.0,0.0,,,1551.0
482,482.0,-0.025119568428410174,-0.01954278596718095,0.0001383875884381,207.88247409000002,-0.019664040922291674,-0.019986015428573124,0.0,0.0,,,0.0,0.0,,,1575.0
483,483.0,-0.025119568428410174,-0.01954278596718095,0.0001383832105386,207.88247409000002,-0.019664040922291674,-0.019986015428573124,0.0,0.0,,,0.0,0.0,,,1576.0
484,484.0,-0.0251143806271771,-0.0194931106145672,0.0001382790043483,224.26515792325,-0.0197308389591807,-0.0200079689368055,0.0,0.0,,,0.0,0.0,,,1600.0
485,485.0,-0.02511451332007265,-0.0194963475157811,0.0001382746979997,236.3946939415,-0.019730862143594825,-0.020006378493068726,0.0,0.0,,,0.0,0.0,,,1601.0
486,486.0,-0.02511451332007265,-0.0194963475157811,0.0001381721818306,236.3946939415,-0.019730862143594825,-0.020006378493068726,0.0,0.0,,,0.0,0.0,,,1625.0
487,487.0,-0.02511451332007265,-0.0194963475157811,0.0001381679447846,236.3946939415,-0.019730862143594825,-0.020006378493068726,0.0,0.0,,,0.0,0.0,,,1626.0
488,488.0,-0.02511451332007265,-0.0194963475157811,0.0001380670659372,236.3946939415,-0.019730862143594825,-0.020006378493068726,0.0,0.0,,,0.0,0.0,,,1650.0
489,489.0,-0.02511451332007265,-0.0194963475157811,0.0001380628960494,236.3946939415,-0.019730862143594825,-0.020006378493068726,0.0,0.0,,,0.0,0.0,,,1651.0
490,490.0,-0.02511451332007265,-0.0194963475157811,0.0001379636042327,236.3946939415,-0.019730862143594825,-0.020006378493068726,0.0,0.0,,,0.0,0.0,,,1675.0
491,491.0,-0.02511451332007265,-0.0194963475157811,0.0001379594994556,236.3946939415,-0.019730862143594825,-0.020006378493068726,0.0,0.0,,,0.0,0.0,,,1676.0
492,492.0,-0.025131864852226373,-0.0194567701353,0.0001378617466427,251.032944621,-0.019704003758124526,-0.020040777150174875,0.0,0.0,,,0.0,0.0,,,1700.0
493,493.0,-0.0251257588556543,-0.0194553632173106,0.0001378577050206,249.98316617900002,-0.0197060941522579,-0.0200411114402144,0.0,0.0,,,0.0,0.0,,,1701.0
494,494.0,-0.0251257588556543,-0.0194553632173106,0.0001377614453157,249.98316617900002,-0.0197060941522579,-0.0200411114402144,0.0,0.0,,,0.0,0.0,,,1725.0
495,495.0,-0.0251257588556543,-0.0194553632173106,0.0001377574649789,249.98316617900002,-0.0197060941522579,-0.0200411114402144,0.0,0.0,,,0.0,0.0,,,1726.0
496,496.0,-0.025108845272175176,-0.019462914729982378,0.0001376665776801,257.60985337475,-0.019663680976981374,-0.019985675702805374,0.0,0.0,,,0.0,0.0,,,1749.0
497,497.0,-0.025113192963081253,-0.019465987925053198,0.0001376626544934,257.79471108300004,-0.019653840338964723,-0.0199883832319595,0.0,0.0,,,0.0,0.0,,,1750.0
498,498.0,-0.025113192963081253,-0.019465987925053198,0.0001376587336533,257.79471108300004,-0.019653840338964723,-0.0199883832319595,0.0,0.0,,,0.0,0.0,,,1751.0
499,499.0,-0.025113192963081253,-0.019465987925053198,0.0001375653303909,257.79471108300004,-0.019653840338964723,-0.0199883832319595,0.0,0.0,,,0.0,0.0,,,1775.0
500,500.0,-0.025113192963081253,-0.019465987925053198,0.0001375614673355,257.79471108300004,-0.019653840338964723,-0.0199883832319595,0.0,0.0,,,0.0,0.0,,,1776.0
501,501.0,-0.025089241044945674,-0.019469862152510398,0.0001374694310852,269.15658746975004,-0.019721412275574876,-0.020045121789062974,0.0,0.0,,,0.0,0.0,,,1800.0
502,502.0,-0.02509648103252645,-0.019472894955280602,0.0001374656241749,273.420940843,-0.019716902591883474,-0.02004511549775275,0.0,0.0,,,0.0,0.0,,,1801.0
503,503.0,-0.02509648103252645,-0.019472894955280602,0.0001373749164117,273.420940843,-0.019716902591883474,-0.02004511549775275,0.0,0.0,,,0.0,0.0,,,1825.0
504,504.0,-0.02509648103252645,-0.019472894955280602,0.0001373711640751,273.420940843,-0.019716902591883474,-0.02004511549775275,0.0,0.0,,,0.0,0.0,,,1826.0
505,505.0,-0.02509648103252645,-0.019472894955280602,0.0001372817478678,273.420940843,-0.019716902591883474,-0.02004511549775275,0.0,0.0,,,0.0,0.0,,,1850.0
506,506.0,-0.02509648103252645,-0.019472894955280602,0.000137278048598,273.420940843,-0.019716902591883474,-0.02004511549775275,0.0,0.0,,,0.0,0.0,,,1851.0
507,507.0,-0.02509648103252645,-0.019472894955280602,0.000137189888522,273.420940843,-0.019716902591883474,-0.02004511549775275,0.0,0.0,,,0.0,0.0,,,1875.0
508,508.0,-0.02509648103252645,-0.019472894955280602,0.0001371862408733,273.420940843,-0.019716902591883474,-0.02004511549775275,0.0,0.0,,,0.0,0.0,,,1876.0
509,509.0,-0.02500003398115025,-0.019424958885114,0.0001370993029307,292.06743529525,-0.019752093204804075,-0.0200397587529849,0.0,0.0,,,0.0,0.0,,,1900.0
510,510.0,-0.025009630406987123,-0.0194278634069035,0.0001370957055151,286.42480073375,-0.01975039078811235,-0.0200457841077317,0.0,0.0,,,0.0,0.0,,,1901.0
511,511.0,-0.025009630406987123,-0.0194278634069035,0.0001370099570594,286.42480073375,-0.01975039078811235,-0.0200457841077317,0.0,0.0,,,0.0,0.0,,,1925.0
512,512.0,-0.025009630406987123,-0.0194278634069035,0.0001370064085438,286.42480073375,-0.01975039078811235,-0.0200457841077317,0.0,0.0,,,0.0,0.0,,,1926.0
513,513.0,-0.025009630406987123,-0.0194278634069035,0.000136921818209,286.42480073375,-0.01975039078811235,-0.0200457841077317,0.0,0.0,,,0.0,0.0,,,1950.0
514,514.0,-0.025009630406987123,-0.0194278634069035,0.0001369183173123,286.42480073375,-0.01975039078811235,-0.0200457841077317,0.0,0.0,,,0.0,0.0,,,1951.0
515,515.0,-0.025009630406987123,-0.0194278634069035,0.0001368348549475,286.42480073375,-0.01975039078811235,-0.0200457841077317,0.0,0.0,,,0.0,0.0,,,1975.0
516,516.0,-0.025009630406987123,-0.0194278634069035,0.0001368314004377,286.42480073375,-0.01975039078811235,-0.0200457841077317,0.0,0.0,,,0.0,0.0,,,1976.0
517,517.0,-0.02504130254126755,-0.019413905344878503,0.0001367524481389,327.30350353874996,-0.019793220758009225,-0.0200390007960712,0.0,0.0,,,0.0,0.0,,,1999.0
518,518.0,-0.02504845829950415,-0.019415292727714323,0.0001367490370452,321.03943492975,-0.019792988710693474,-0.020038884423467126,0.0,0.0,,,0.0,0.0,,,2000.0
