,DRO_tau,DRO_obj_values,epsilon,DRO_time,DRO_eval1,DRO_eval2,DRO_satisfy1,DRO_satisfy2,SA_eval1,SA_eval2,SA_satisfy1,SA_satisfy2,SA_obj_values,SA_time,SA_tau,t
0,-0.010995165882725496,0.005092095372500213,0.007017642571710879,0.2078348738141358,0.04855079606770303,0.04363396382283836,0.0,0.0,0.05306880457314568,0.04930433207575785,0.0,0.0,-0.013024733497410363,1.075537005905062,-0.013024733497410363,0
1,-0.010740829798594911,0.00440745392998365,0.0066038544977892535,0.43365379492752254,0.045904488491082765,0.04211846874980521,0.0,0.0,0.05306880457314568,0.04930433207575785,0.0,0.0,-0.013024733497410361,0.6660576730500907,-0.013024733497410363,1
2,0.006264773601728004,0.017319581362189574,0.0031554430731951548,15.07809699093923,0.015599765664896768,0.018389446830793847,1.0,0.0,0.015925668689245363,0.017969537127609105,0.0,0.0,0.00966866889176125,1.6423136489465833,0.005746291675552019,50
3,0.006264437569743727,0.01720919131671693,0.0031365477514482616,15.467736479826272,0.015599496224934235,0.018389739614075487,1.0,0.0,0.015925668689245363,0.017969537127609105,0.0,0.0,0.009598626441471797,0.3489775510970503,0.00574629167555202,51
4,0.0059949688203995615,0.01924731010777403,0.002543615599075984,1.248399613890797,0.015079602447418518,0.016626978921332435,1.0,1.0,0.016637796360482383,0.016544887105770352,0.0,0.0,0.0126598871300193,1.121328568086028,0.006064942059964967,100
5,0.005995415307585637,0.019160284269155194,0.002535591521786191,2.6919852590654045,0.015077500736520049,0.01662759229156602,1.0,1.0,0.015913387323686613,0.0165736100208943,0.0,0.0,0.012734968312736098,0.48687276197597384,0.005989539390759846,101
6,0.006172467738782775,0.018613895632833617,0.002233935758905455,1.2775909691117704,0.015456188692357032,0.01592597008401361,1.0,1.0,0.015190946072325124,0.01632832497319235,0.0,0.0,0.013156465635403377,0.3528604959137738,0.006364844274139488,150
7,0.006139737290575807,0.018555672844220987,0.0022291521559181233,4.941618057200685,0.015477375857366454,0.015919899138724027,1.0,1.0,0.015190946072325124,0.01632832497319235,0.0,0.0,0.0131129296010363,0.34614515700377524,0.006364844274139488,151
8,0.005914955459655415,0.017152482007176305,0.002035150943950378,1.6575364330783486,0.014774401425408255,0.017358823776649504,1.0,0.0,0.014996528314202564,0.017716753200968157,0.0,0.0,0.012387624474982777,1.4830012910533696,0.005575803096416068,200
9,0.005860895032805189,0.01722298202326082,0.0020318524763477345,5.9543405522126704,0.01484110286253213,0.01734504718398012,1.0,0.0,0.01614266130603701,0.01713064470851094,0.0,0.0,0.012405795182849294,2.878327164100483,0.005984243611943467,201
10,0.005406220588080311,0.01651051809441685,0.0018923487859659547,9.30436109402217,0.014857756638027051,0.017244373925867685,1.0,0.0,0.01499919377777002,0.017111349298856268,0.0,0.0,0.01213329949860829,0.8527864420320839,0.005416164752584986,250
11,0.005441286567104275,0.016479723630048525,0.00188988157484231,11.619606408057734,0.014844694345027913,0.017303992238712977,1.0,0.0,0.014947506582525671,0.01713728554605969,0.0,0.0,0.012108239509079924,2.7182479489129037,0.005462469645102445,251
12,0.005483955922993014,0.016499642854655487,0.0017827124586383156,3.286265952978283,0.015336748036189802,0.017478255433429037,1.0,0.0,0.015414922114789035,0.01652680768235638,0.0,0.0,0.012302774112346312,2.6206674431450665,0.005916422822909183,300
13,0.005465932691366482,0.01647233063931999,0.0017807683868032375,9.386161551112309,0.015336850398454496,0.017483033094228738,1.0,0.0,0.015414922114789035,0.01652680768235638,0.0,0.0,0.012281903683295865,1.8008787599392235,0.005916422822909184,301
14,0.0062305882582040385,0.01609569423133864,0.001694747993361697,7.61890827701427,0.015420387481668043,0.017267554931850077,1.0,0.0,0.015629017729301035,0.017255910781145987,0.0,0.0,0.012184144539205247,6.084086520131677,0.0060171970040958,350
15,0.006220123720451891,0.016075194337820033,0.0016931596625404937,2.357991648139432,0.015423200872200244,0.017266875707612265,1.0,0.0,0.015669164908651473,0.017287012176734163,0.0,0.0,0.012166538671025948,1.3131876608822495,0.005900444200366413,351
16,0.006037715675249801,0.01716191726236346,0.0016219205321529068,4.926271141972393,0.015802800939743882,0.0172410045711441,1.0,0.0,0.015866138532724405,0.017084983602902455,0.0,0.0,0.013279762680154879,1.3136950361076742,0.005906941539741851,400
17,0.00604251779470988,0.017242391760254005,0.001620587811312717,9.11182127497159,0.01578855160183247,0.017241701304452836,1.0,1.0,0.015849658455774292,0.017070444105714726,0.0,0.0,0.013334826742054008,1.4006686490029097,0.005934849572448012,401
18,0.006196140785961782,0.017076739656470153,0.0015601898461977822,13.174732660874724,0.01590286531036676,0.016275204204337625,1.0,1.0,0.015817022489653502,0.01643455997448924,0.0,0.0,0.0134377684172055,2.1459006280638278,0.006326454230696923,450
19,0.006194891266562939,0.01705750404525883,0.0015590485218356684,34.220734833041206,0.01590221378726248,0.016276241947683612,1.0,1.0,0.015817022489653502,0.01643455997448924,0.0,0.0,0.013422173429954385,5.5456739058718085,0.006326454230696925,451
20,0.00704415705599493,0.017345361474413592,0.0015068989144109083,29.277906585950404,0.015913732436909155,0.01617452688554046,1.0,1.0,0.01588318819348061,0.016269706312880244,0.0,0.0,0.013822617433055765,7.2808260100428015,0.007156934918628501,500
21,0.007033671531676849,0.017330515269164196,0.001505905572716055,24.389824440004304,0.015914348786443974,0.016171496317711843,1.0,1.0,0.015881139365761292,0.01627702424166274,0.0,0.0,0.013809439653641556,1.6923944391310215,0.007123536265671234,501
22,0.006985073312125862,0.01768862102800189,0.0014602153797338778,49.676770710153505,0.015847749826539085,0.017252565781225557,1.0,1.0,0.016030585686490975,0.017082854135029545,0.0,0.0,0.014285885764615704,3.4837529549840838,0.007294598586410135,550
23,0.006970463394097026,0.01767359386533095,0.0014593394254866366,51.32535745506175,0.015850291779598333,0.017254864012580105,1.0,1.0,0.016030777161095307,0.017095972344596456,0.0,0.0,0.014273306921075589,6.28375389194116,0.007267871993289394,551
24,0.0073455456979235135,0.01773454012937165,0.001418827032928786,84.6920691949781,0.015343964110999607,0.01621865532696986,1.0,1.0,0.015547953936525683,0.016426518138392673,0.0,0.0,0.014462309138155532,15.058882471872494,0.007465458887095251,600
25,0.007319360947404576,0.017720959286130513,0.0014180461703423744,81.48862031893805,0.015349677836114033,0.016218527588682,1.0,1.0,0.015554303695258431,0.01644720251657301,0.0,0.0,0.014450748970581156,3.158105598995462,0.007444765186941247,601
26,0.007191969029803445,0.018123928621813327,0.0013817648670352465,51.91840564785525,0.014553320638907024,0.015334702266148366,1.0,1.0,0.015633681515685463,0.016092983991128098,0.0,0.0,0.014931436422428218,18.925729209091514,0.007535687969172383,650
27,0.007178070259127794,0.018109866329617023,0.0013810623936721647,72.78286112705246,0.01455687337996603,0.015338475119355958,1.0,1.0,0.015645253665432325,0.01610462749621987,0.0,0.0,0.014920156866736376,14.179086873074993,0.007507451141490435,651
28,0.007156637668964677,0.017892738605505824,0.0013482948439210237,70.54115429893136,0.014537378406836589,0.015361767424673744,1.0,1.0,0.014638430409383807,0.015549501856694624,1.0,0.0,0.014824657919701867,4.362486834870651,0.007081718139045319,700
29,0.007130829941073795,0.01788042653240008,0.0013476579544337624,68.08917789603584,0.014543176407304315,0.015370128249944087,1.0,1.0,0.014638430409383807,0.015549501856694624,1.0,0.0,0.014813690582902068,13.21774954884313,0.0070817181390453185,701
30,0.007244264998115752,0.017687913231739245,0.001317848830499932,56.42785945208743,0.014534909743948927,0.015314075478520256,1.0,1.0,0.014665837823673573,0.01548377194314034,1.0,0.0,0.014691837544033902,6.802915296982974,0.007223594850799456,750
31,0.0072433273963923486,0.017676586727831282,0.0013172675120166992,22.58609469397925,0.014535302106786966,0.015314232581781502,1.0,1.0,0.014665837823673575,0.01548377194314034,1.0,0.0,0.014681958916132802,2.4460212809499353,0.007223594850799456,751
32,0.00717667675576506,0.01762696842600734,0.0012899789374065719,7.726713811978698,0.014535681596638081,0.015188546034946647,1.0,1.0,0.014575536839000081,0.015317605515161424,1.0,0.0,0.014714664946298943,1.8642554159741849,0.007072401147637554,800
33,0.00717568117364878,0.017616609475650642,0.0012894452265730396,34.753153773956,0.014535623851031926,0.015189498925119744,1.0,1.0,0.014575536839000081,0.015317605515161424,1.0,0.0,0.014705183229427155,2.3347191740758717,0.007072401147637553,801
34,0.007242025748243138,0.017616982958048907,0.0012643264040939548,10.503468125127256,0.015572079139369626,0.014541519693415985,1.0,1.0,0.01514290155450884,0.01600537604890284,0.0,0.0,0.014761318190030496,1.7158093641046435,0.007378737446047848,850
35,0.0072389448772897024,0.01760685782891597,0.0012638338733062524,46.40712612401694,0.015573342837926473,0.014540432743379982,1.0,1.0,0.015177956314223438,0.016010955072469225,0.0,0.0,0.01475259037503728,2.2090300619602203,0.0072645725360472166,851
36,0.007596136237235454,0.017576744703993803,0.001240599836651629,25.927954755024984,0.015120623112740282,0.015927555379311186,1.0,1.0,0.015100327086679806,0.0158212856247191,0.0,0.0,0.014754271018460347,1.6492386800237,0.007458522935326883,900
37,0.007591900614838252,0.01756702560886344,0.0012401432301191635,23.841670820023865,0.01512179006743437,0.01592559444197409,1.0,1.0,0.015100327086679806,0.015821285624719104,0.0,0.0,0.014746218316381834,2.3228153300005943,0.0074585229353268815,901
38,0.007521166831767195,0.017405142039994954,0.0012185596375438538,9.05890255002305,0.015176642231873086,0.015929155041370765,1.0,1.0,0.015131210748878217,0.01583307543770731,0.0,0.0,0.014630610269684272,2.7765407310798764,0.007461258280254754,950
39,0.007516941683403935,0.01739705204334006,0.0012181346079880831,19.00017797295004,0.01517693218430209,0.01592810799804112,1.0,1.0,0.015136936675124568,0.01585550557132862,0.0,0.0,0.014623097842677919,2.015797316096723,0.007442710017191891,951
40,0.007561473338380474,0.01754717965301951,0.0011980066408482997,8.918373896973208,0.015168120998663624,0.01584966604283327,1.0,1.0,0.015467891567661242,0.014461027357745636,0.0,1.0,0.014811276912025441,2.0850705429911613,0.007760073414692685,1000
41,-0.011053298256894037,0.0030776530777438583,0.00614043725024702,0.055643248138949275,0.04868931341723857,0.04375495404532627,0.0,0.0,0.05306880457314568,0.04930433207575785,0.0,0.0,-0.013024733497410363,0.1785006260033697,-0.013024733497410363,0
42,-0.010814820211837332,0.0025093160637404462,0.005778372685565597,0.06194759299978614,0.046126133826765746,0.04230763989477264,0.0,0.0,0.05306880457314568,0.04930433207575785,0.0,0.0,-0.013024733497410361,0.25363010517321527,-0.013024733497410363,1
43,0.006240229933288679,0.016400770039703444,0.0027610126890457607,0.6498155810404569,0.015624497911614774,0.01836389160614615,1.0,0.0,0.015925668689245363,0.017969537127609105,0.0,0.0,0.00966866889176125,0.09458469995297492,0.005746291675552019,50
44,0.006120467025865448,0.016295010384603105,0.002744479282517229,0.4982631818857044,0.015626577211491875,0.018360990838677958,1.0,0.0,0.015925668689245363,0.017969537127609105,0.0,0.0,0.009598626441471797,0.12703357404097915,0.00574629167555202,51
45,0.0059739170335634,0.018483611385054687,0.002225663649191486,0.3890471630729735,0.015163667893435817,0.016606698279527446,1.0,1.0,0.016637796360482383,0.016544887105770352,0.0,0.0,0.0126598871300193,0.1545432258863002,0.006064942059964967,100
46,0.005974540860553716,0.018399321512146682,0.002218642581562917,0.19736790214665234,0.015161049706352207,0.01660725183005332,1.0,1.0,0.015913387323686613,0.0165736100208943,0.0,0.0,0.012734968312736098,0.1150287389755249,0.005989539390759846,101
47,0.00621116574921128,0.017975561971647937,0.001954693789042273,0.4001250909641385,0.015439594226185445,0.015934594315411662,1.0,1.0,0.015190946072325124,0.01632832497319235,0.0,0.0,0.013156465635403377,0.16813297499902546,0.006364844274139488,150
48,0.006085758632740421,0.01791868036913819,0.0019505081364283579,0.21316503989510238,0.015492128458990014,0.01593328105191184,1.0,1.0,0.015190946072325124,0.01632832497319235,0.0,0.0,0.0131129296010363,0.15885022399015725,0.006364844274139488,151
49,0.005897361876213915,0.016570588188536173,0.0017807570759565804,0.22163900407031178,0.014755571742262812,0.01733192061974587,1.0,0.0,0.014996528314202564,0.017716753200968157,0.0,0.0,0.012387624474982777,0.14878982515074313,0.005575803096416068,200
50,0.005878090973562853,0.01664385441410658,0.0017778709168042677,0.22390726394951344,0.014834318802453603,0.017350374577856664,1.0,0.0,0.01614266130603701,0.01713064470851094,0.0,0.0,0.012405795182849294,0.2065989829134196,0.005984243611943467,201
51,0.005364581730159595,0.01597171244081373,0.0016558051877202105,0.3977471000980586,0.01488444488314499,0.017232288281831574,1.0,0.0,0.01499919377777002,0.017111349298856268,0.0,0.0,0.01213329949860829,0.23646331508643925,0.005416164752584986,250
52,0.005411059400095144,0.015941987641030164,0.0016536463779870212,0.9835376590490341,0.014881591142008354,0.017307042905152368,1.0,0.0,0.014947506582525671,0.01713728554605969,0.0,0.0,0.012108239509079924,0.21131813409738243,0.005462469645102445,251
53,0.005423530489598304,0.015994675900202628,0.0015598734013085262,0.6042802520096302,0.015349247694413063,0.017495544768432906,1.0,0.0,0.015414922114789035,0.01652680768235638,0.0,0.0,0.012302774112346312,0.2706141141243279,0.005916422822909183,300
54,0.005420646637504286,0.015967829726802763,0.0015581723384528328,0.7174151348881423,0.015352085139580085,0.017493635612077375,1.0,0.0,0.015414922114789035,0.01652680768235638,0.0,0.0,0.012281903683295865,0.27727331314235926,0.005916422822909184,301
55,0.0061614451672309615,0.015614602418214843,0.001482904494191485,0.4146230269689113,0.015455110259102227,0.017252756421447725,1.0,0.0,0.015629017729301035,0.017255910781145987,0.0,0.0,0.012184144539205247,0.41370551008731127,0.0060171970040958,350
56,0.00614922454002626,0.015594325424744176,0.0014815147047229319,0.5607970810960978,0.015459379799865747,0.017251704794036066,1.0,0.0,0.015669164908651473,0.017287012176734163,0.0,0.0,0.012166538671025948,0.3310295438859612,0.005900444200366413,351
57,0.005967652044122969,0.016696427792054797,0.0014191804656337936,1.0234788900706917,0.015792878898097485,0.017246155422081612,1.0,0.0,0.015866138532724405,0.017084983602902455,0.0,0.0,0.013279762680154879,0.33934255689382553,0.005906941539741851,400
58,0.0059567927557971434,0.01677689825754763,0.0014180143348986275,1.480810082051903,0.015787982428592723,0.017249899609196106,1.0,0.0,0.015849658455774292,0.017070444105714726,0.0,0.0,0.013334826742054008,0.31091329688206315,0.005934849572448012,401
59,0.006146288868975641,0.01662656201028454,0.0013651661154230595,1.9379828239325434,0.01592321571324555,0.0162957332044439,1.0,1.0,0.015817022489653502,0.01643455997448924,0.0,0.0,0.0134377684172055,0.6361643620766699,0.006326454230696923,450
60,0.0061450500214998375,0.01660886055023594,0.00136416745660621,1.534944538027048,0.015924056327763378,0.016296273709934455,1.0,1.0,0.015817022489653502,0.01643455997448924,0.0,0.0,0.013422173429954385,0.5086694620549679,0.006326454230696925,451
61,0.007123023936258721,0.01691023356375045,0.0013185365501095449,1.9269372757989913,0.015896497122170863,0.016228405550991698,1.0,1.0,0.01588318819348061,0.016269706312880244,0.0,0.0,0.013822617433055765,0.66359918192029,0.007156934918628501,500
62,0.007112390094525458,0.01689474699407273,0.0013176673761265483,2.287233907962218,0.01589759182060583,0.016223828924683156,1.0,1.0,0.015881139365761292,0.01627702424166274,0.0,0.0,0.013809439653641556,0.583853512071073,0.007123536265671234,501
63,0.00698234036744297,0.017271337423978295,0.0012776884572671431,4.419346384005621,0.015846014674608982,0.017255360715453357,1.0,1.0,0.016030585686490975,0.017082854135029545,0.0,0.0,0.014285885764615704,0.7287332538980991,0.007294598586410135,550
64,0.006960475554670367,0.017256713035865883,0.001276921997300807,7.074589261086658,0.01584993208641201,0.017258320052105435,1.0,0.0,0.016030777161095307,0.017095972344596456,0.0,0.0,0.014273306921075589,0.9428599721286446,0.007267871993289394,551
65,0.007333346764690364,0.017330935791765034,0.0012414736538126875,9.729782865848392,0.01536254824008028,0.016242692971934713,1.0,1.0,0.015547953936525683,0.016426518138392673,0.0,0.0,0.014462309138155532,1.9671178988646716,0.007465458887095251,600
66,0.00732745044054724,0.01731722591404621,0.0012407903990495775,7.973172013880685,0.015363197416730921,0.01624385045879976,1.0,1.0,0.015554303695258431,0.01644720251657301,0.0,0.0,0.014450748970581156,1.759970101993531,0.007444765186941247,601
67,0.007177861577523393,0.01773400275932207,0.0012090442586558407,8.804029554128647,0.014572089959967166,0.015348470593384811,1.0,1.0,0.015633681515685463,0.016092983991128098,0.0,0.0,0.014931436422428218,1.3596584389451891,0.007535687969172383,650
68,0.007175475136976619,0.01772004561936366,0.001208429594463144,8.585399236064404,0.014571929405023614,0.015347654427654189,1.0,1.0,0.015645253665432325,0.01610462749621987,0.0,0.0,0.014920156866736376,2.03094823891297,0.007507451141490435,651
69,0.007156346104456968,0.017510982710828557,0.0011797579884308958,6.321316231042147,0.014553001112497663,0.015379120377092681,1.0,1.0,0.014638430409383807,0.015549501856694624,1.0,0.0,0.014824657919701867,1.3350023329257965,0.007081718139045319,700
70,0.0071496759585373115,0.01749875970755593,0.001179200710129542,8.265402138000354,0.014552720157268627,0.01538010985824984,1.0,1.0,0.014638430409383807,0.015549501856694624,1.0,0.0,0.014813690582902068,1.6265484909527004,0.0070817181390453185,701
71,0.007235785407005433,0.01731469246913548,0.0011531177266874406,13.02106852317229,0.014539358437097027,0.015316584275667669,1.0,1.0,0.014665837823673573,0.01548377194314034,1.0,0.0,0.014691837544033902,1.578818691894412,0.007223594850799456,750
72,0.007218924310434517,0.017303575589077837,0.001152609073014612,10.922889205161482,0.014543369686895482,0.015322119202920476,1.0,1.0,0.014665837823673575,0.01548377194314034,1.0,0.0,0.014681958916132802,1.0082991470117122,0.007223594850799456,751
73,0.0071764842262494934,0.017264229985377372,0.0011287315702307504,8.426636722870171,0.014537696023574496,0.015188840504871619,1.0,1.0,0.014575536839000081,0.015317605515161424,1.0,0.0,0.014714664946298943,1.2109632750507444,0.007072401147637554,800
74,0.007169796656966633,0.017253792568984253,0.0011282645732514096,10.835287665948272,0.014538108091825883,0.015191431940251323,1.0,1.0,0.014575536839000081,0.015317605515161424,1.0,0.0,0.014705183229427155,1.0171981151215732,0.007072401147637553,801
75,0.007247178942941535,0.01726361165192254,0.0011062856035822105,11.089338064892218,0.015567698293273171,0.01454906113323596,1.0,1.0,0.01514290155450884,0.01600537604890284,0.0,0.0,0.014761318190030496,1.4442216220777482,0.007378737446047848,850
76,0.007240549291787812,0.017252128386500917,0.0011058546391429708,13.000449473038316,0.015567987391196782,0.014552846617906137,1.0,1.0,0.015177956314223438,0.016010955072469225,0.0,0.0,0.01475259037503728,2.0162007200997323,0.0072645725360472166,851
77,0.007620391844238851,0.017226400398808177,0.0010855248570701755,13.420368186896667,0.01511076037737341,0.01592614985697751,1.0,1.0,0.015100327086679806,0.0158212856247191,0.0,0.0,0.014754271018460347,2.0257233739830554,0.007458522935326883,900
78,0.007610468637244823,0.017216182947152717,0.001085125326354268,11.998335440875962,0.015113439458635908,0.015927443321935335,1.0,1.0,0.015100327086679806,0.015821285624719104,0.0,0.0,0.014746218316381834,2.4831912068184465,0.0074585229353268815,901
79,0.007493422510473112,0.017059391556736907,0.001066239682850872,10.184444444952533,0.015184581545939713,0.015922914865032622,1.0,1.0,0.015131210748878217,0.01583307543770731,0.0,0.0,0.014630610269684272,1.5165489660575986,0.007461258280254754,950
80,0.007486857941157505,0.017053052610893887,0.0010658677819895728,8.282543099019676,0.015184802923139585,0.015918442267123425,1.0,1.0,0.015136936675124568,0.01585550557132862,0.0,0.0,0.014623097842677919,1.2431402471847832,0.007442710017191891,951
81,0.007549939360634186,0.01721101968330819,0.0010482558107422623,9.930527688004076,0.015173175658930567,0.01582381398891326,1.0,1.0,0.015467891567661242,0.014461027357745636,0.0,1.0,0.014811276912025441,1.3818279039114714,0.007760073414692685,1000
82,-0.011131795967746294,0.0010534704637055975,0.005263231928783159,0.05250460095703602,0.04887636696310364,0.043934265371482206,0.0,0.0,0.05306880457314568,0.04930433207575785,0.0,0.0,-0.013024733497410363,0.05193396587856114,-0.013024733497410363,0
83,-0.010915566898290402,0.0005987217964258155,0.00495289087334194,0.11618821904994547,0.04643024719087228,0.04258291149718746,0.0,0.0,0.05306880457314568,0.04930433207575785,0.0,0.0,-0.013024733497410361,0.20505487895570695,-0.013024733497410363,1
84,0.006154839317921744,0.015474266455472414,0.0023665823048963663,0.67932596988976,0.01565026107467295,0.018329953464267277,0.0,0.0,0.015925668689245363,0.017969537127609105,0.0,0.0,0.00966866889176125,0.09495169320143759,0.005746291675552019,50
85,0.0060982270526843225,0.015373489469545941,0.0023524108135861963,0.2823883581440896,0.015643372846998533,0.018341287036998454,0.0,0.0,0.015925668689245363,0.017969537127609105,0.0,0.0,0.009598626441471797,0.14280956308357418,0.00574629167555202,51
86,0.005944310361056037,0.017706398001642597,0.001907711699306988,0.25421062996611,0.01529035000521407,0.01660105349001826,1.0,1.0,0.016637796360482383,0.016544887105770352,0.0,0.0,0.0126598871300193,0.21217959094792604,0.006064942059964967,100
87,0.005945111390855321,0.017625060987248094,0.0019016936413396432,0.15811580698937178,0.015286568796604966,0.01660103937949778,1.0,1.0,0.015913387323686613,0.0165736100208943,0.0,0.0,0.012734968312736098,0.1046265778131783,0.005989539390759846,101
88,0.006347840673773207,0.017324472441427503,0.001675451819179091,0.2612621719017625,0.014610107601234889,0.016939405111259097,1.0,1.0,0.015190946072325124,0.01632832497319235,0.0,0.0,0.013156465635403377,0.14680155809037387,0.006364844274139488,150
89,0.00634412258991677,0.01727084595411539,0.0016718641169385926,0.20442068297415972,0.014613181210923578,0.01694205974085808,1.0,1.0,0.015190946072325124,0.01632832497319235,0.0,0.0,0.0131129296010363,0.16834760690107942,0.006364844274139488,151
90,0.005914200672764034,0.015986651241175476,0.0015263632079627833,0.2110117021948099,0.014718031208026647,0.017321044871440303,1.0,0.0,0.014996528314202564,0.017716753200968157,0.0,0.0,0.012387624474982777,0.16767300083301961,0.005575803096416068,200
91,0.006013811701316136,0.016062780941179217,0.0015238893572608009,0.20303614111617208,0.014795551144065366,0.017351132300246125,1.0,0.0,0.01614266130603701,0.01713064470851094,0.0,0.0,0.012405795182849294,0.19979093200527132,0.005984243611943467,201
92,0.005340327098628967,0.015431679704552446,0.001419261589474466,0.2770502008497715,0.014913330400181531,0.0172300884752273,1.0,0.0,0.01499919377777002,0.017111349298856268,0.0,0.0,0.01213329949860829,0.23242989904247224,0.005416164752584986,250
93,0.00540071814655004,0.01540381239873067,0.0014174111811317324,0.2791380190756172,0.014895307577350565,0.017308411285722417,1.0,0.0,0.014947506582525671,0.01713728554605969,0.0,0.0,0.012108239509079924,0.21201769006438553,0.005462469645102445,251
94,0.00539232999616087,0.015488341139723201,0.0013370343439787367,0.4138047711458057,0.015371067164650764,0.01750065360558485,1.0,0.0,0.015414922114789035,0.01652680768235638,0.0,0.0,0.012302774112346312,0.2858455579262227,0.005916422822909183,300
95,0.005388876017608146,0.015461875001632586,0.0013355762901024282,0.39364219387061894,0.015374013384044543,0.017498714883215874,1.0,0.0,0.015414922114789035,0.01652680768235638,0.0,0.0,0.012281903683295865,0.255676293047145,0.005916422822909184,301
96,0.006158340529110848,0.015132020474231511,0.001271060995021273,0.4061501040123403,0.01547783789126182,0.017248516227902005,0.0,0.0,0.015629017729301035,0.017255910781145987,0.0,0.0,0.012184144539205247,0.4028320638462901,0.0060171970040958,350
97,0.006147912433851995,0.015112130778867743,0.0012698697469053703,0.4762828091625124,0.015480240806080908,0.017248968016949064,0.0,0.0,0.015669164908651473,0.017287012176734163,0.0,0.0,0.012166538671025948,0.26656550890766084,0.005900444200366413,351
98,0.005929387987764818,0.016228504512265374,0.0012164403991146802,0.6710394979454577,0.0157896866012579,0.017253901910252667,1.0,0.0,0.015866138532724405,0.017084983602902455,0.0,0.0,0.013279762680154879,0.31244897097349167,0.005906941539741851,400
99,0.006035467064242468,0.016305283205282843,0.0012154408584845377,0.8315662359818816,0.015737437536662305,0.016329451816874334,1.0,0.0,0.015849658455774292,0.017070444105714726,0.0,0.0,0.013334826742054008,0.3237356999889016,0.005934849572448012,401
100,0.006226508501989029,0.016176129422582945,0.0011701423846483365,0.9825330211315304,0.01588701119398539,0.016329753698270187,1.0,0.0,0.015817022489653502,0.01643455997448924,0.0,0.0,0.0134377684172055,0.6092586962040514,0.006326454230696923,450
101,0.0061995905156584765,0.016158352507121727,0.0011692863913767514,1.374970962991938,0.01590083651639426,0.01632538601397183,1.0,0.0,0.015817022489653502,0.01643455997448924,0.0,0.0,0.013422173429954385,0.3815121268853545,0.006326454230696925,451
102,0.007186890355277805,0.016471659648701016,0.0011301741858081814,1.9851549179293215,0.015865713726315196,0.01626525211386509,1.0,1.0,0.01588318819348061,0.016269706312880244,0.0,0.0,0.013822617433055765,0.6247250619344413,0.007156934918628501,500
103,0.00718200136777558,0.016456866130312893,0.0011294291795370414,1.7709233078639954,0.015865871568075264,0.01626801939826922,1.0,1.0,0.015881139365761292,0.01627702424166274,0.0,0.0,0.013809439653641556,0.7162697641178966,0.007123536265671234,501
104,0.007054678349126342,0.016852569946028007,0.0010951615348004083,3.2272373649757355,0.01585386535112204,0.017221249292557698,1.0,0.0,0.016030585686490975,0.017082854135029545,0.0,0.0,0.014285885764615704,0.7877949920948595,0.007294598586410135,550
105,0.007019987718635284,0.01683752084519089,0.0010945045691149774,4.127990808105096,0.015856081743780556,0.017229223287459256,1.0,0.0,0.016030777161095307,0.017095972344596456,0.0,0.0,0.014273306921075589,0.7993425540626049,0.007267871993289394,551
106,0.007303750810321166,0.016925662148501285,0.0010641202746965893,4.783110436052084,0.015400749503072225,0.016285597560373427,1.0,1.0,0.015547953936525683,0.016426518138392673,0.0,0.0,0.014462309138155532,1.8645565989427269,0.007465458887095251,600
107,0.007302290795401864,0.016912422413074932,0.0010635346277567807,5.141734821954742,0.015399740536604206,0.016284573555378414,1.0,1.0,0.015554303695258431,0.01644720251657301,0.0,0.0,0.014450748970581156,1.9373138980008662,0.007444765186941247,601
108,0.0071591201882220575,0.017341218841665017,0.001036323650276435,5.899885223945603,0.015177427925720273,0.015738176554241964,1.0,1.0,0.015633681515685463,0.016092983991128098,0.0,0.0,0.014931436422428218,1.0986071988008916,0.007535687969172383,650
109,0.007144905635882327,0.017326316863458674,0.0010357967952541235,5.710725764045492,0.015183440827769734,0.015737391922879693,1.0,1.0,0.015645253665432325,0.01610462749621987,0.0,0.0,0.014920156866736376,1.5943467388860881,0.007507451141490435,651
110,0.007159172529279408,0.017128123740249718,0.0010112211329407676,8.547553593991324,0.014552697796255723,0.015385439969202601,1.0,1.0,0.014638430409383807,0.015549501856694624,1.0,0.0,0.014824657919701867,1.1510816891677678,0.007081718139045319,700
111,0.0071589474419342,0.017116219488039153,0.0010107434658253218,7.841736071044579,0.014552697304645163,0.015385637637962834,1.0,1.0,0.014638430409383807,0.015549501856694624,1.0,0.0,0.014813690582902068,1.7121459019836038,0.0070817181390453185,701
112,0.007188775919948262,0.016941232804299766,0.000988386622874949,7.485841047950089,0.014550450434577955,0.015332111105187592,1.0,1.0,0.014665837823673573,0.01548377194314034,1.0,0.0,0.014691837544033902,1.775106264045462,0.007223594850799456,750
113,0.007184485094604227,0.016930236414490204,0.0009879506340125244,7.193965828046203,0.014551348250401998,0.015333571903719099,1.0,1.0,0.014665837823673575,0.01548377194314034,1.0,0.0,0.014681958916132802,1.6341866080183536,0.007223594850799456,751
114,0.007147984921070589,0.016901110521125483,0.0009674842030549289,6.197052341885865,0.014538997506466735,0.015207429345664903,1.0,1.0,0.014575536839000081,0.015317605515161424,1.0,0.0,0.014714664946298943,1.191850207047537,0.007072401147637554,800
115,0.007144723714053811,0.01689079782257441,0.0009670839199297797,8.230710913892835,0.014539033975190362,0.015210204468751614,1.0,1.0,0.014575536839000081,0.015317605515161424,1.0,0.0,0.014705183229427155,0.9812422988470644,0.007072401147637553,801
116,0.007246157054261857,0.016908423056479785,0.0009482448030704661,8.787655219901353,0.015566991728631838,0.014552295172648338,1.0,1.0,0.01514290155450884,0.01600537604890284,0.0,0.0,0.014761318190030496,1.6994064901955426,0.007378737446047848,850
117,0.0072430039733114146,0.016899140263662814,0.0009478754049796894,11.197841856162995,0.015567361322891486,0.014553589130575004,1.0,1.0,0.015177956314223438,0.016010955072469225,0.0,0.0,0.01475259037503728,1.6055047661066055,0.0072645725360472166,851
118,0.007617518196299441,0.01687555441622925,0.0009304498774887218,11.860966165084392,0.01510776898103647,0.015919002332711943,1.0,1.0,0.015100327086679806,0.0158212856247191,0.0,0.0,0.014754271018460347,1.3676024689339101,0.007458522935326883,900
119,0.007611755317960461,0.01686562126854221,0.0009301074225893727,9.091918939957395,0.015108323221003053,0.015918470277412066,1.0,1.0,0.015100327086679806,0.015821285624719104,0.0,0.0,0.014746218316381834,1.826048991177231,0.0074585229353268815,901
120,0.007548574466481722,0.016714840571161856,0.0009139197281578902,7.381484043085948,0.015165645337463887,0.015909300189950185,1.0,1.0,0.015131210748878217,0.01583307543770731,0.0,0.0,0.014630610269684272,1.6746837131213397,0.007461258280254754,950
121,0.007526863359165324,0.016705227124823266,0.0009136009559910623,10.186330881901085,0.015168934084241732,0.015911975649533346,1.0,1.0,0.015136936675124568,0.01585550557132862,0.0,0.0,0.014623097842677919,2.195289921015501,0.007442710017191891,951
122,0.007598388923916229,0.01686892366460098,0.0008985049806362247,11.546234423993155,0.015164538582018352,0.015812487232468708,1.0,1.0,0.015467891567661242,0.014461027357745636,0.0,1.0,0.014811276912025441,1.8150112950243056,0.007760073414692685,1000
123,-0.01124374009439902,-0.000986611628464224,0.004386026607319299,0.28212764486670494,0.04914319753071437,0.04419236778911207,0.0,0.0,0.05306880457314568,0.04930433207575785,0.0,0.0,-0.013024733497410363,0.09487849310971797,-0.013024733497410363,0
124,-0.011879709616576174,-0.001338776236548468,0.0041274090611182835,0.13952046493068337,0.050255403715517205,0.04572416789788634,0.0,0.0,0.05306880457314568,0.04930433207575785,0.0,0.0,-0.013024733497410361,0.19359181891195476,-0.013024733497410363,1
125,0.006237754379241237,0.0145404320920369,0.001972151920746972,0.31860471493564546,0.015585061582865753,0.01823788840047654,0.0,0.0,0.015925668689245363,0.017969537127609105,0.0,0.0,0.00966866889176125,0.08739363681524992,0.005746291675552019,50
126,0.0061724819091634265,0.01444733790092333,0.0019603423446551637,0.1549801400396973,0.01557909780794322,0.018222303692227246,0.0,0.0,0.015925668689245363,0.017969537127609105,0.0,0.0,0.009598626441471797,0.17909980099648237,0.00574629167555202,51
127,0.005896626640286868,0.01691428640196187,0.00158975974942249,2.174271136056632,0.015398676816585823,0.016595010718937236,1.0,1.0,0.016637796360482383,0.016544887105770352,0.0,0.0,0.0126598871300193,5.173107137903571,0.006064942059964967,100
128,0.005930760548961693,0.016836065545213733,0.0015847447011163693,6.019770056009293,0.015340065460531025,0.016599725327940323,1.0,1.0,0.015913387323686613,0.0165736100208943,0.0,0.0,0.012734968312736098,3.1148493180517107,0.005989539390759846,101
129,0.006283057606536116,0.016669188910129872,0.0013962098493159093,3.8238808191381395,0.014663699282137057,0.01698800704135604,1.0,0.0,0.015190946072325124,0.01632832497319235,0.0,0.0,0.013156465635403377,0.7498830300755799,0.006364844274139488,150
130,0.00627616896602804,0.016616706136072766,0.0013932200974488271,0.23283110302872956,0.01466891783543211,0.016991029444191313,1.0,0.0,0.015190946072325124,0.01632832497319235,0.0,0.0,0.0131129296010363,0.9316970841027796,0.006364844274139488,151
131,0.0058843654650533195,0.015400708942594073,0.001271969339968986,1.1334922148380429,0.014708851788273795,0.017336129537381756,1.0,0.0,0.014996528314202564,0.017716753200968157,0.0,0.0,0.012387624474982777,2.9996007280424237,0.005575803096416068,200
132,0.006027613477515636,0.015480556354269152,0.001269907797717334,0.5631211001891643,0.014785933021940516,0.01732789561922105,1.0,0.0,0.01614266130603701,0.01713064470851094,0.0,0.0,0.012405795182849294,1.2649880079552531,0.005984243611943467,201
133,0.0053340027106715,0.014891410910056097,0.0011827179912287217,0.9938153489492834,0.014930801535682112,0.017242695524929186,0.0,0.0,0.01499919377777002,0.017111349298856268,0.0,0.0,0.01213329949860829,1.2599410249385983,0.005416164752584986,250
134,0.00541439592440238,0.014864473537651184,0.0011811759842764438,3.115844067884609,0.014882038581440007,0.017277245867988483,0.0,0.0,0.014947506582525671,0.01713728554605969,0.0,0.0,0.012108239509079924,0.8629857520572841,0.005462469645102445,251
135,0.005345784115229742,0.014979505660324412,0.0011141952866489473,1.1432220998685807,0.015409274869528398,0.01750672655358985,0.0,0.0,0.015414922114789035,0.01652680768235638,0.0,0.0,0.012302774112346312,3.7736166280228645,0.005916422822909183,300
136,0.005344289507729433,0.014953604603277552,0.0011129802417520235,0.5114496878813952,0.015410605222245036,0.01750691154283921,0.0,0.0,0.015414922114789035,0.01652680768235638,0.0,0.0,0.012281903683295865,1.3391990100499243,0.005916422822909184,301
137,0.006096628463362926,0.014647807545722641,0.0010592174958510608,0.6245409401599318,0.015499557179610325,0.017252090491347877,0.0,0.0,0.015629017729301035,0.017255910781145987,0.0,0.0,0.012184144539205247,8.315163365099579,0.0060171970040958,350
138,0.006087526728344593,0.01462830938018143,0.0010582247890878085,0.5506370009388775,0.015503407357094934,0.017252635956679162,0.0,0.0,0.015669164908651473,0.017287012176734163,0.0,0.0,0.012166538671025948,2.3653136319480836,0.005900444200366413,351
139,0.00593406117123719,0.01576018500185897,0.0010137003325955667,1.3618178078904748,0.015767485977154334,0.0172563008520545,0.0,0.0,0.015866138532724405,0.017084983602902455,0.0,0.0,0.013279762680154879,1.2665068521164358,0.005906941539741851,400
140,0.005911566041254176,0.015822716804478564,0.0010128673820704482,3.8427461448591202,0.015791848487706064,0.016416273863125646,1.0,0.0,0.015849658455774292,0.017070444105714726,0.0,0.0,0.013334826742054008,0.7508441470563412,0.005934849572448012,401
141,0.0062672365286408314,0.01572274014294194,0.0009751186538736139,2.8534820859786123,0.01586748529961171,0.0163449892407508,0.0,0.0,0.015817022489653502,0.01643455997448924,0.0,0.0,0.0134377684172055,2.856434010900557,0.006326454230696923,450
142,0.00626675654354093,0.015705303729790676,0.0009744053261472928,8.30644570896402,0.015867622677965678,0.016345172915174056,0.0,0.0,0.015817022489653502,0.01643455997448924,0.0,0.0,0.013422173429954385,5.926725140074268,0.006326454230696925,451
143,0.007152779233377155,0.016032787811950843,0.0009418118215068177,43.03802871401422,0.015866855859175785,0.01628737368457177,1.0,0.0,0.01588318819348061,0.016269706312880244,0.0,0.0,0.013822617433055765,4.58544415095821,0.007156934918628501,500
144,0.0071523859118147355,0.016018073915456753,0.0009411909829475344,8.09045918402262,0.01586677324612511,0.01628739167134102,1.0,0.0,0.015881139365761292,0.01627702424166274,0.0,0.0,0.013809439653641556,4.841918541118503,0.007123536265671234,501
145,0.007106444014758188,0.016431252345079136,0.0009126346123336736,44.17667134385556,0.01586718268075958,0.017178195065575518,1.0,0.0,0.016030585686490975,0.017082854135029545,0.0,0.0,0.014285885764615704,7.449555729981512,0.007294598586410135,550
146,0.007090988871714818,0.016416890077377518,0.0009120871409291478,14.156679966952652,0.015868667420814515,0.017184480508459513,1.0,0.0,0.016030777161095307,0.017095972344596456,0.0,0.0,0.014273306921075589,2.8460476701147854,0.007267871993289394,551
147,0.007325504557143681,0.016519382737014247,0.0008867668955804912,32.70502280513756,0.015405359522785465,0.016298274261373865,1.0,1.0,0.015547953936525683,0.016426518138392673,0.0,0.0,0.014462309138155532,8.00569533999078,0.007465458887095251,600
148,0.007308425378950328,0.016506462811003052,0.0008862788564639839,43.36850207298994,0.01541165420794553,0.016298305759029,1.0,1.0,0.015554303695258431,0.01644720251657301,0.0,0.0,0.014450748970581156,33.908790656831115,0.007444765186941247,601
149,0.007680313558171907,0.016943818432929084,0.000863603041897029,60.895089086843655,0.01555923035660918,0.015834565720344303,1.0,1.0,0.015633681515685463,0.016092983991128098,0.0,0.0,0.014931436422428218,11.057358434190974,0.007535687969172383,650
150,0.007097613632205317,0.016932874233397312,0.000863163996045103,65.10140542197041,0.01520172353689464,0.015751682240847137,1.0,1.0,0.015645253665432325,0.01610462749621987,0.0,0.0,0.014920156866736376,7.925950260134414,0.007507451141490435,651
151,0.007144078536757082,0.016745511377048886,0.0008426842774506397,48.187000459991395,0.014556308023590495,0.015397371489319397,1.0,1.0,0.014638430409383807,0.015549501856694624,1.0,0.0,0.014824657919701867,11.124521443154663,0.007081718139045319,700
152,0.007126344178205132,0.016734060886349045,0.0008422862215211015,56.11646772013046,0.014561767933373498,0.015403838546459015,1.0,1.0,0.014638430409383807,0.015549501856694624,1.0,0.0,0.014813690582902068,8.135823162039742,0.0070817181390453185,701
153,0.007177014229738145,0.016567734291939765,0.0008236555190624576,56.670616433024406,0.014552953464351806,0.015336154627995102,1.0,1.0,0.014665837823673573,0.01548377194314034,1.0,0.0,0.014691837544033902,14.029641292989254,0.007223594850799456,750
154,0.007171329514298559,0.016556978320621477,0.000823292195010437,33.24120359914377,0.014554176823001228,0.015338289967603357,1.0,1.0,0.014665837823673575,0.01548377194314034,1.0,0.0,0.014681958916132802,3.530861528823152,0.007223594850799456,751
155,0.007135720884208598,0.016537573243913146,0.0008062368358791074,73.06497929198667,0.014538514791108365,0.015222015112166067,1.0,1.0,0.014575536839000081,0.015317605515161424,1.0,0.0,0.014714664946298943,3.0678850759286433,0.007072401147637554,800
156,0.007135700046726497,0.016527395865441677,0.0008059032666081498,30.834149369969964,0.014538519417213394,0.015222008546705412,1.0,1.0,0.014575536839000081,0.015317605515161424,1.0,0.0,0.014705183229427155,7.182156294118613,0.007072401147637553,801
157,0.00724618058509794,0.016552098187381722,0.0007902040025587218,23.351377917919308,0.015566955907086925,0.014552597905865407,1.0,1.0,0.01514290155450884,0.01600537604890284,0.0,0.0,0.014761318190030496,2.0354849891737103,0.007378737446047848,850
158,0.007244947529402538,0.016544177115838218,0.0007898961708164078,34.181869932916015,0.015567048781226011,0.014553321177448066,1.0,1.0,0.015177956314223438,0.016010955072469225,0.0,0.0,0.01475259037503728,4.347558205015957,0.0072645725360472166,851
159,0.00758848077744377,0.016523878976837547,0.0007753748979072682,24.84536950592883,0.015109975143863195,0.015912199753148667,1.0,1.0,0.015100327086679806,0.0158212856247191,0.0,0.0,0.014754271018460347,3.0612501490395516,0.007458522935326883,900
160,0.007587389647563267,0.01651489125781049,0.0007750895188244772,15.454015478957444,0.015110112491681038,0.01591212368117295,1.0,1.0,0.015100327086679806,0.015821285624719104,0.0,0.0,0.014746218316381834,3.496120244031772,0.0074585229353268815,901
161,0.007548715277364635,0.01636861300335291,0.0007615997734649085,35.171741577098146,0.015160183006201144,0.015907717142377483,1.0,1.0,0.015131210748878217,0.01583307543770731,0.0,0.0,0.014630610269684272,6.20546674518846,0.007461258280254754,950
162,0.007534344711015231,0.01635993588687447,0.0007613341299925519,35.28127588890493,0.015160661620455396,0.015909144242095344,1.0,1.0,0.015136936675124568,0.01585550557132862,0.0,0.0,0.014623097842677919,5.39385180384852,0.007442710017191891,951
163,0.007630750031152672,0.016529760009215733,0.0007487541505301873,25.06306481710635,0.015153128561225318,0.01580248913618862,1.0,1.0,0.015467891567661242,0.014461027357745636,0.0,1.0,0.014811276912025441,2.292195400921628,0.007760073414692685,1000
164,-0.01141989359691512,-0.0030554881654764627,0.0035088212858554397,0.42860863101668656,0.04957046524769711,0.04459822539543776,0.0,0.0,0.05306880457314568,0.04930433207575785,0.0,0.0,-0.013024733497410363,0.7532244080211967,-0.013024733497410363,0
165,-0.01192227165401843,-0.003451192712335327,0.0033019272488946268,0.2023337751161307,0.05041795896801072,0.045802096209118695,0.0,0.0,0.05306880457314568,0.04930433207575785,0.0,0.0,-0.013024733497410361,0.9828134430572391,-0.013024733497410363,1
166,0.006373803950520375,0.013581887534696614,0.0015777215365975774,0.2043872131034732,0.015486250560076482,0.01792465585674833,0.0,0.0,0.015925668689245363,0.017969537127609105,0.0,0.0,0.00966866889176125,0.08395752590149641,0.005746291675552019,50
167,0.006373780761185686,0.013498899890937083,0.0015682738757241308,0.13196412799879909,0.015486267593118348,0.017924665815350044,0.0,0.0,0.015925668689245363,0.017969537127609105,0.0,0.0,0.009598626441471797,0.0885157969314605,0.00574629167555202,51
168,0.005778282517922968,0.01610119594463999,0.001271807799537992,0.13074083696119487,0.015632897663863846,0.016608462239762745,1.0,0.0,0.016637796360482383,0.016544887105770352,0.0,0.0,0.0126598871300193,0.15329054510220885,0.006064942059964967,100
169,0.005892301350223419,0.016045221343190905,0.0012677957608930954,0.14174781390465796,0.015402363590342567,0.016587012241867385,1.0,0.0,0.015913387323686613,0.0165736100208943,0.0,0.0,0.012734968312736098,0.09554070886224508,0.005989539390759846,101
170,0.006256238797139837,0.016009411071382734,0.0011169678794527274,0.15710610896348953,0.014685894959029442,0.017009275507871773,1.0,0.0,0.015190946072325124,0.01632832497319235,0.0,0.0,0.013156465635403377,0.1465690159238875,0.006364844274139488,150
171,0.006256213509140606,0.015958207363706657,0.0011145760779590617,0.23225604696199298,0.014685917946110365,0.017009306269522045,1.0,0.0,0.015190946072325124,0.01632832497319235,0.0,0.0,0.0131129296010363,0.151575590018183,0.006364844274139488,151
172,0.005830192280281619,0.014813278346413411,0.001017575471975189,0.19822688889689744,0.01471356895107431,0.01738730756767969,1.0,0.0,0.014996528314202564,0.017716753200968157,0.0,0.0,0.012387624474982777,0.16271419799886644,0.005575803096416068,200
173,0.005979641522215132,0.014895824270354295,0.0010159262381738672,0.18565172888338566,0.014819468624424806,0.017367833176599436,1.0,0.0,0.01614266130603701,0.01713064470851094,0.0,0.0,0.012405795182849294,0.27934328094124794,0.005984243611943467,201
174,0.005324177300177134,0.014350747442565764,0.0009461743929829774,0.22366350190714002,0.014936994349267999,0.017250269666181754,0.0,0.0,0.01499919377777002,0.017111349298856268,0.0,0.0,0.01213329949860829,0.20982882101088762,0.005416164752584986,250
175,0.005419031584596976,0.01432246891105697,0.000944940787421155,0.24532531294971704,0.014868768964352875,0.017265992094196787,0.0,0.0,0.014947506582525671,0.01713728554605969,0.0,0.0,0.012108239509079924,0.3513417630456388,0.005462469645102445,251
176,0.005320397862712836,0.014468327742074133,0.0008913562293191578,0.3389724940061569,0.015430312129187395,0.017508221862003983,0.0,0.0,0.015414922114789035,0.01652680768235638,0.0,0.0,0.012302774112346312,0.3103149230591953,0.005916422822909183,300
177,0.005315918877661783,0.014442902060610743,0.0008903841934016188,0.33262852812185884,0.015434572915829343,0.017507390813116242,0.0,0.0,0.015414922114789035,0.01652680768235638,0.0,0.0,0.012281903683295865,0.2540620791260153,0.005916422822909184,301
178,0.006021228636135999,0.014162169535455904,0.0008473739966808485,0.3131251479499042,0.015528966906799726,0.017262903654539995,0.0,0.0,0.015629017729301035,0.017255910781145987,0.0,0.0,0.012184144539205247,0.48757371795363724,0.0060171970040958,350
179,0.006016177818816384,0.014143019537155108,0.0008465798312702468,0.3181550409644842,0.015530648850579367,0.017264373572611805,0.0,0.0,0.015669164908651473,0.017287012176734163,0.0,0.0,0.012166538671025948,0.3327799900434911,0.005900444200366413,351
180,0.006040648179595853,0.015284922740982358,0.0008109602660764534,0.7376286708749831,0.01597455958684928,0.016755218817039928,0.0,0.0,0.015866138532724405,0.017084983602902455,0.0,0.0,0.013279762680154879,0.28414105297997594,0.005906941539741851,400
181,0.005954543393837636,0.015338303176521576,0.0008102939056563585,0.46273990999907255,0.015781179812498724,0.01639558958328301,0.0,0.0,0.015849658455774292,0.017070444105714726,0.0,0.0,0.013334826742054008,0.3482895358465612,0.005934849572448012,401
182,0.006294502119095041,0.015268606476115516,0.0007800949230988911,0.9410704870242625,0.015853718986525777,0.01635436309710774,0.0,0.0,0.015817022489653502,0.01643455997448924,0.0,0.0,0.0134377684172055,0.6404881889466196,0.006326454230696923,450
183,0.006259729390284161,0.015251913303253456,0.0007795242609178342,0.8668436459265649,0.015867245821794874,0.016355901746074885,0.0,0.0,0.015817022489653502,0.01643455997448924,0.0,0.0,0.013422173429954385,0.461705181049183,0.006326454230696925,451
184,0.0072011908429091285,0.01559211653390686,0.0007534494572054542,1.5642182540614158,0.015855337243566248,0.01631305723859828,0.0,0.0,0.01588318819348061,0.016269706312880244,0.0,0.0,0.013822617433055765,0.6538390968926251,0.007156934918628501,500
185,0.007195152688906892,0.015577805643939152,0.0007529527863580275,1.0915195657871664,0.015855408440292644,0.01631568543255299,0.0,0.0,0.015881139365761292,0.01627702424166274,0.0,0.0,0.013809439653641556,0.6755792771000415,0.007123536265671234,501
186,0.0070815855840032586,0.01600784896705834,0.0007301076898669389,2.198583969147876,0.01587768943619074,0.017178336394228468,1.0,0.0,0.016030585686490975,0.017082854135029545,0.0,0.0,0.014285885764615704,1.0618677870370448,0.007294598586410135,550
187,0.007079829767253409,0.015994391874084853,0.0007296697127433183,1.6616223989985883,0.015878292729165543,0.01717869917303803,1.0,0.0,0.016030777161095307,0.017095972344596456,0.0,0.0,0.014273306921075589,0.9848155209328979,0.007267871993289394,551
188,0.00736924924610077,0.016112131392727665,0.000709413516464393,4.03533739503473,0.015383701997642208,0.016308356399622786,1.0,0.0,0.015547953936525683,0.016426518138392673,0.0,0.0,0.014462309138155532,2.1813842488918453,0.007465458887095251,600
189,0.007365169611348844,0.0160995946580161,0.0007090230851711872,3.1912442489992827,0.01538530538642851,0.016308192524146017,1.0,0.0,0.015554303695258431,0.01644720251657301,0.0,0.0,0.014450748970581156,1.2350207758136094,0.007444765186941247,601
190,0.007672971117770896,0.016545597010637687,0.0006908824335176233,4.654863661155105,0.015575350983945994,0.015852661031175667,1.0,1.0,0.015633681515685463,0.016092983991128098,0.0,0.0,0.014931436422428218,1.4458682851400226,0.007535687969172383,650
191,0.0076727116734941776,0.01653354536612016,0.0006905311968360824,6.098320074845105,0.01557522978745885,0.015852766576509483,1.0,1.0,0.015645253665432325,0.01610462749621987,0.0,0.0,0.014920156866736376,1.1273983009159565,0.007507451141490435,651
192,0.007113241784925806,0.016362635254994495,0.0006741474219605118,5.738214575918391,0.014565786208091205,0.015408904748460621,1.0,1.0,0.014638430409383807,0.015549501856694624,1.0,0.0,0.014824657919701867,0.8817058850545436,0.007081718139045319,700
193,0.007113246570771171,0.01635098503992617,0.0006738289772168812,6.626993553945795,0.014565782778440424,0.015408897807976519,1.0,1.0,0.014638430409383807,0.015549501856694624,1.0,0.0,0.014813690582902068,1.5820413001347333,0.0070817181390453185,701
194,0.0071558019409062815,0.01619428296983508,0.000658924415249966,3.382616437971592,0.014566394740277775,0.01534434483030316,1.0,1.0,0.014665837823673573,0.01548377194314034,1.0,0.0,0.014691837544033902,1.7847986200358719,0.007223594850799456,750
195,0.007148935854849601,0.01618381970537332,0.0006586337560083496,4.027468836167827,0.014567606848370045,0.015346646001682916,1.0,1.0,0.014665837823673575,0.01548377194314034,1.0,0.0,0.014681958916132802,1.121581421000883,0.007223594850799456,751
196,0.007134366510822845,0.016174392453660712,0.0006449894687032859,4.139555779052898,0.014539237005742018,0.015223505755955815,1.0,1.0,0.014575536839000081,0.015317605515161424,1.0,0.0,0.014714664946298943,1.7523085239809006,0.007072401147637554,800
197,0.007125386006923153,0.01616408554934797,0.0006447226132865198,3.1170709480065852,0.014541144622590105,0.015227252444711703,1.0,1.0,0.014575536839000081,0.015317605515161424,1.0,0.0,0.014705183229427155,1.5974382550921291,0.007072401147637553,801
198,0.007249130236481315,0.016196844698327436,0.0006321632020469774,14.436765805119649,0.015567297054663101,0.01454997481215043,1.0,1.0,0.01514290155450884,0.01600537604890284,0.0,0.0,0.014761318190030496,1.3291295908857137,0.007378737446047848,850
199,0.007241816722964207,0.01618791811294047,0.0006319169366531262,7.0765473281499,0.015567910388006773,0.014553768859762952,1.0,1.0,0.015177956314223438,0.016010955072469225,0.0,0.0,0.01475259037503728,1.627665390027687,0.0072645725360472166,851
200,0.007590593339678555,0.016171843234905912,0.0006202999183258145,10.942308014957234,0.01510524497962506,0.015908738144245912,1.0,1.0,0.015100327086679806,0.0158212856247191,0.0,0.0,0.014754271018460347,1.719908719882369,0.007458522935326883,900
201,0.007589354574240352,0.016162293142048263,0.0006200716150595817,6.411637693876401,0.015105714940281298,0.015909100675072278,1.0,1.0,0.015100327086679806,0.015821285624719104,0.0,0.0,0.014746218316381834,1.473584377905354,0.0074585229353268815,901
202,0.00752225703167346,0.016023151817498527,0.0006092798187719269,8.441078678937629,0.015158589693469953,0.01591435727867243,1.0,1.0,0.015131210748878217,0.01583307543770731,0.0,0.0,0.014630610269684272,2.267635925905779,0.007461258280254754,950
203,0.0075042440889482205,0.016013759443109808,0.0006090673039940416,5.048106550006196,0.015159497303935758,0.015913573328956522,1.0,1.0,0.015136936675124568,0.01585550557132862,0.0,0.0,0.014623097842677919,2.766373730963096,0.007442710017191891,951
204,0.007623524620245735,0.016188857802877626,0.0005990033204241499,9.546295056119561,0.01515030199197037,0.015789270713694407,1.0,1.0,0.015467891567661242,0.014461027357745636,0.0,1.0,0.014811276912025441,2.6232899660244584,0.007760073414692685,1000
205,-0.011743437396703535,-0.005186081425249767,0.0026316159643915795,0.05173833412118256,0.05037127203168831,0.045349918267254735,0.0,0.0,0.05306880457314568,0.04930433207575785,0.0,0.0,-0.013024733497410363,0.05039735184982419,-0.013024733497410363,0
206,-0.011994927672461658,-0.005577995254821601,0.00247644543667097,0.03232633299194276,0.050700058322190496,0.04596837335035581,0.0,0.0,0.05306880457314568,0.04930433207575785,0.0,0.0,-0.013024733497410361,0.037121966015547514,-0.013024733497410363,1
207,0.006373777570263258,0.012617391845556152,0.0011832911524481831,0.11632039002142847,0.015486268804459415,0.017924666148535447,0.0,0.0,0.015925668689245363,0.017969537127609105,0.0,0.0,0.00966866889176125,0.09857136500068009,0.005746291675552019,50
208,0.006373716618034827,0.012540263496864814,0.0011762054067930982,0.10048153204843402,0.015486293218512392,0.017924676721716572,0.0,0.0,0.015925668689245363,0.017969537127609105,0.0,0.0,0.009598626441471797,0.07110108388587832,0.00574629167555202,51
209,0.00584576353151118,0.015276995272801155,0.000953855849653494,0.2321789669804275,0.015641287247661288,0.016552913093476024,0.0,0.0,0.016637796360482383,0.016544887105770352,0.0,0.0,0.0126598871300193,0.19278294104151428,0.006064942059964967,100
210,0.005837062276326443,0.015231245158086113,0.0009508468206698216,0.1442884358111769,0.015584743780567352,0.01657763319352334,0.0,0.0,0.015913387323686613,0.0165736100208943,0.0,0.0,0.012734968312736098,0.13435929897241294,0.005989539390759846,101
211,0.006321277118014655,0.015344919281916523,0.0008377259095895455,0.23142197006382048,0.014647359505617897,0.016923332511986716,1.0,0.0,0.015190946072325124,0.01632832497319235,0.0,0.0,0.013156465635403377,0.2358197991270572,0.006364844274139488,150
212,0.006300171389772227,0.01529574676654702,0.0008359320584692963,0.2523212139494717,0.01466127995368393,0.016946371834012867,1.0,0.0,0.015190946072325124,0.01632832497319235,0.0,0.0,0.0131129296010363,0.3264988239388913,0.006364844274139488,151
213,0.005670563247625015,0.01421919030974896,0.0007631816039813916,1.076599865918979,0.014788138012746898,0.017470204761576246,0.0,0.0,0.014996528314202564,0.017716753200968157,0.0,0.0,0.012387624474982777,0.29672130290418863,0.005575803096416068,200
214,0.00590844385858162,0.014307800808935565,0.0007619446786304004,0.18274577311240137,0.014847602174366304,0.017446917495399537,0.0,0.0,0.01614266130603701,0.01713064470851094,0.0,0.0,0.012405795182849294,0.4641011019703001,0.005984243611943467,201
215,0.005341765764565038,0.013806230000514485,0.000709630794737233,0.375379053177312,0.014917650442769775,0.017193433883356538,0.0,0.0,0.01499919377777002,0.017111349298856268,0.0,0.0,0.01213329949860829,0.27177442400716245,0.005416164752584986,250
216,0.005441615811341917,0.013778596272915111,0.0007087055905658662,0.2670667329803109,0.014838034328002672,0.017218006541790246,0.0,0.0,0.014947506582525671,0.01713728554605969,0.0,0.0,0.012108239509079924,0.31237297086045146,0.005462469645102445,251
217,0.0059572391492701635,0.013949195303380763,0.0006685171719893684,0.292285735020414,0.01517461506847105,0.016357480287849977,0.0,0.0,0.015414922114789035,0.01652680768235638,0.0,0.0,0.012302774112346312,0.2277509579434991,0.005916422822909183,300
218,0.0059440970567946946,0.013926684926450134,0.0006677881450512141,0.2890815471764654,0.015183304054510762,0.01636539924190763,0.0,0.0,0.015414922114789035,0.01652680768235638,0.0,0.0,0.012281903683295865,0.3022767121437937,0.005916422822909184,301
219,0.005967026740702006,0.013673878111085346,0.0006355304975106365,0.28117165714502335,0.01554989971112957,0.0172758153143913,0.0,0.0,0.015629017729301035,0.017255910781145987,0.0,0.0,0.012184144539205247,0.4298883320298046,0.0060171970040958,350
220,0.0059628161548202436,0.013654958473310955,0.0006349348734526852,0.32443698588758707,0.015551165730261907,0.017277336533854375,0.0,0.0,0.015669164908651473,0.017287012176734163,0.0,0.0,0.012166538671025948,0.603136780904606,0.005900444200366413,351
221,0.00588085044876789,0.014797061552478246,0.0006082201995573401,0.5827547530643642,0.01599847063672655,0.016924376931081526,0.0,0.0,0.015866138532724405,0.017084983602902455,0.0,0.0,0.013279762680154879,0.36993972514756024,0.005906941539741851,400
222,0.005985162028003125,0.014852493802657421,0.0006077204292422689,0.8018376149702817,0.01574786681618604,0.016486349494918052,0.0,0.0,0.015849658455774292,0.017070444105714726,0.0,0.0,0.013334826742054008,0.3728787419386208,0.005934849572448012,401
223,0.006351407125540455,0.014812383919652271,0.0005850711923241683,0.7039884959813207,0.015815029375830007,0.016432302964751924,0.0,0.0,0.015817022489653502,0.01643455997448924,0.0,0.0,0.0134377684172055,0.7350927600637078,0.006326454230696923,450
224,0.0063285403030164025,0.014795569940610298,0.0005846431956883757,1.6257174529600888,0.01581687332772106,0.01643437440752875,0.0,0.0,0.015817022489653502,0.01643455997448924,0.0,0.0,0.013422173429954385,0.6324443791527301,0.006326454230696925,451
225,0.007209847573220291,0.015150888506648332,0.0005650870929040907,1.5050909460987896,0.01584873595227574,0.01629777863654162,0.0,0.0,0.01588318819348061,0.016269706312880244,0.0,0.0,0.013822617433055765,0.9611560620833188,0.007156934918628501,500
226,0.007208644455642692,0.015136897021022003,0.0005647145897685207,1.2614727180916816,0.01584916884514242,0.016298727947077794,0.0,0.0,0.015881139365761292,0.01627702424166274,0.0,0.0,0.013809439653641556,0.5703766241203994,0.007123536265671234,501
227,0.007130939955468751,0.01558199899200475,0.0005475807674002041,1.9366454312112182,0.015899754126505163,0.017172599024668563,0.0,0.0,0.016030585686490975,0.017082854135029545,0.0,0.0,0.014285885764615704,1.2662298490758985,0.007294598586410135,550
228,0.007130900270786609,0.015568485570351252,0.0005472522845574887,2.1976435508113354,0.015899679237089168,0.017172612484327106,0.0,0.0,0.016030777161095307,0.017095972344596456,0.0,0.0,0.014273306921075589,0.9933798050042242,0.007267871993289394,551
229,0.007463495668928784,0.015703966803823077,0.0005320601373482946,3.1230438710190356,0.015373384597926835,0.016318296464186244,1.0,0.0,0.015547953936525683,0.016426518138392673,0.0,0.0,0.014462309138155532,2.317160630133003,0.007465458887095251,600
230,0.007430335328134713,0.015691831721826158,0.0005317673138783903,3.894315317971632,0.015382438672825162,0.01631861109576021,1.0,0.0,0.015554303695258431,0.01644720251657301,0.0,0.0,0.014450748970581156,1.6031051548197865,0.007444765186941247,601
231,0.0076462239223776115,0.016146477203307922,0.0005181618251382175,3.7884588588494807,0.015605512275615789,0.01588717700620419,1.0,1.0,0.015633681515685463,0.016092983991128098,0.0,0.0,0.014931436422428218,1.5340975299477577,0.007535687969172383,650
232,0.007615826943381851,0.016134308148741974,0.0005178983976270617,3.840297113871202,0.015616085363630666,0.015888548725864017,1.0,1.0,0.015645253665432325,0.01610462749621987,0.0,0.0,0.014920156866736376,1.6994750211015344,0.007507451141490435,651
233,0.007095421359828987,0.01597996193897345,0.0005056105664703838,5.096845388179645,0.014572345511684981,0.015416872597649518,1.0,1.0,0.014638430409383807,0.015549501856694624,1.0,0.0,0.014824657919701867,1.2737293851096183,0.007081718139045319,700
234,0.007046341942064054,0.015968297724809344,0.0005053717329126609,5.217925111064687,0.014586409825416933,0.015435907108309235,1.0,1.0,0.014638430409383807,0.015549501856694624,1.0,0.0,0.014813690582902068,1.7476852741092443,0.0070817181390453185,701
235,0.0071501424670505,0.015820333206153406,0.0004941933114374745,6.673516592010856,0.014571723508618982,0.01534670550890863,1.0,1.0,0.014665837823673573,0.01548377194314034,1.0,0.0,0.014691837544033902,1.9004438139963895,0.007223594850799456,750
236,0.00714479411172038,0.01581000373092817,0.0004939753170062622,2.959406714886427,0.014571324226617517,0.015348332121508369,1.0,1.0,0.014665837823673575,0.01548377194314034,1.0,0.0,0.014681958916132802,1.2766544609330595,0.007223594850799456,751
237,0.007121914306695505,0.01581024900585044,0.00048374210152746445,4.363943257834762,0.01455292770393094,0.015247106215686994,1.0,1.0,0.014575536839000081,0.015317605515161424,1.0,0.0,0.014714664946298943,1.5343761129770428,0.007072401147637554,800
238,0.007097959280038097,0.015800362886743115,0.00048354195996488984,2.4946554580237716,0.014557089120023136,0.015255471838813723,1.0,1.0,0.014575536839000081,0.015317605515161424,1.0,0.0,0.014705183229427155,1.0194596440996975,0.007072401147637553,801
239,0.007555758936403555,0.015841689694486592,0.00047412240153523307,11.682949133217335,0.015136039561929866,0.016009686567749523,1.0,0.0,0.01514290155450884,0.01600537604890284,0.0,0.0,0.014761318190030496,1.4347475480753928,0.007378737446047848,850
240,0.007545712674208897,0.015832421949806618,0.0004739377024898447,15.619842233834788,0.015137504420611165,0.016009361977184864,1.0,0.0,0.015177956314223438,0.016010955072469225,0.0,0.0,0.01475259037503728,1.8052104380913079,0.0072645725360472166,851
241,0.007591028110377488,0.01581803941533592,0.0004652249387443609,8.148721993900836,0.015104363473977835,0.015919469300449515,1.0,0.0,0.015100327086679806,0.0158212856247191,0.0,0.0,0.014754271018460347,1.8740881229750812,0.007458522935326883,900
242,0.007590765746742278,0.015809763389268334,0.00046505371129468634,9.336162233026698,0.01510455550060168,0.01591930326370452,1.0,0.0,0.015100327086679806,0.015821285624719104,0.0,0.0,0.014746218316381834,1.3931693639606237,0.0074585229353268815,901
243,0.007477669437102023,0.015676338891810068,0.0004569598640789451,8.492029066896066,0.015171994963740647,0.015910723325979273,1.0,0.0,0.015131210748878217,0.01583307543770731,0.0,0.0,0.014630610269684272,1.9736578068695962,0.007461258280254754,950
244,0.007466821813946227,0.015666918163325553,0.00045680047799553117,9.380518343066797,0.015174494772003687,0.015904502763884325,1.0,0.0,0.015136936675124568,0.01585550557132862,0.0,0.0,0.014623097842677919,1.4889547030907124,0.007442710017191891,951
245,0.0076155128837391145,0.015849681430738363,0.00044925249031811237,7.805356031982228,0.015149811847162485,0.015756894581043564,1.0,1.0,0.015467891567661242,0.014461027357745636,0.0,1.0,0.014811276912025441,1.64243120001629,0.007760073414692685,1000
